chapter_no	chapter_title	id	word	phonetic	pos	tag	meaning	root	example_en	example_cn	extra	source
1	时间与存在	1	atmosphere	/ˈætməsfɪə/	n.	核心	大气层，大气圈；气氛	atmo（水汽）+ sphere（球体，球形）→ 大气圈	The planet's thick atmosphere traps heat and keeps the surface warm.	这颗行星厚厚的大气层锁住热量，使表面保持温暖。		https://www.leonwang.cc/ielts-vocab/data-1.js?v=20260618-1
1	时间与存在	2	hydrosphere	/ˈhaɪdrəʊsfɪə/	n.	核心	水圈；大气中的水汽	hydro（水）+ sphere（球体，球形）→ 水圈	The hydrosphere covers about 70% of the Earth's surface.	水圈覆盖了地球表面约70%。		https://www.leonwang.cc/ielts-vocab/data-1.js?v=20260618-1
1	时间与存在	3	lithosphere	/ˈlɪθəʊsfɪə/	n.	核心	岩石圈	litho（石头）+ sphere（球体，球形）→ 岩石圈	Scientists study the lithosphere to understand how continents drift over time.	科学家研究岩石圈以了解大陆如何随时间漂移。		https://www.leonwang.cc/ielts-vocab/data-1.js?v=20260618-1
1	时间与存在	4	oxygen	/ˈɒksɪdʒən/	n.	核心	氧气	oxy（酸）+ gen（产生）→ 早期误以为所有酸都含氧而得名	Plants absorb carbon dioxide and release oxygen during photosynthesis.	植物在光合作用中吸收二氧化碳并释放氧气。		https://www.leonwang.cc/ielts-vocab/data-1.js?v=20260618-1
1	时间与存在	5	oxide	/ˈɒksaɪd/	n.	核心	氧化物	ox(y)（氧）+ ide（化合物后缀）→ 氧化物	Rust is a common type of iron oxide that forms when metal is exposed to moisture.	铁锈是一种常见的氧化铁，当金属接触水分时就会形成。		https://www.leonwang.cc/ielts-vocab/data-1.js?v=20260618-1
1	时间与存在	6	carbon dioxide	/ˈkɑːbən daɪˈɒksaɪd/	n.	核心	二氧化碳	carbon（碳）+ di（二）+ oxide（氧化物）→ 二氧化碳	Burning coal in power stations releases large amounts of carbon dioxide into the air.	发电站燃烧煤炭会向空气中释放大量二氧化碳。		https://www.leonwang.cc/ielts-vocab/data-1.js?v=20260618-1
1	时间与存在	7	hydrogen	/ˈhaɪdrədʒən/	n.	核心	氢气	hydro（水）+ gen（生成）→ 燃烧后生成水的元素	Hydrogen fuel is widely studied as a clean energy substitute for oil.	氢燃料作为石油的清洁替代能源，正在被广泛研究。		https://www.leonwang.cc/ielts-vocab/data-1.js?v=20260618-1
1	时间与存在	8	core	/kɔː/	n.	高频	中心，核心；地核	源自拉丁语 cor（心）→ 核心、中心	At the core of any great school lies a strong team of teachers.	任何优秀学校的核心都有一支强大的教师团队。		https://www.leonwang.cc/ielts-vocab/data-1.js?v=20260618-1
1	时间与存在	9	crust	/krʌst/	n.	高频	地壳；外壳	源自拉丁语 crusta（硬壳）→ 外壳	The outermost crust of the Earth is broken into many tectonic plates.	地球最外层的地壳分裂成了多个构造板块。		https://www.leonwang.cc/ielts-vocab/data-1.js?v=20260618-1
1	时间与存在	10	mantle	/ˈmæntl/	n.	高频	地幔；斗篷，披风	源自拉丁语 mantellum（披风）→ 覆盖物；地幔	Below the crust lies the mantle, which is thousands of kilometres thick.	地壳之下是厚达数千公里的地幔。		https://www.leonwang.cc/ielts-vocab/data-1.js?v=20260618-1
1	时间与存在	11	longitude	/ˈlɒndʒɪtjuːd/	n.	高频	经度	long（长）+ -itude（表示状态）→ 经度	Using longitude and latitude, navigators can pinpoint any location on the ocean.	利用经纬度，航海者可以精确定位海洋上任何一处。		https://www.leonwang.cc/ielts-vocab/data-1.js?v=20260618-1
1	时间与存在	12	latitude	/ˈlætɪtjuːd/	n.	高频	纬度	lat（宽）+ -itude（表示状态）→ 纬度	Cities located at higher latitudes receive much less sunlight in winter.	高纬度城市在冬天接收的阳光要少得多。		https://www.leonwang.cc/ielts-vocab/data-1.js?v=20260618-1
1	时间与存在	13	horizon	/həˈraɪzən/	n.	核心	地平线；眼界，见识	源自希腊语 horizon（界限）→ 地平线；眼界	Watching the sun disappear below the ocean horizon is a breathtaking experience.	看着太阳消失在海平面之下是一种令人屏息的体验。		https://www.leonwang.cc/ielts-vocab/data-1.js?v=20260618-1
1	时间与存在	14	altitude	/ˈæltɪtjuːd/	n.	核心	高度，海拔	alt（高）+ -itude（表示性质、状态）→ 高度	Hikers often struggle with low oxygen when they reach high altitudes.	徒步者在到达高海拔地区时通常会因低氧而感到吃力。		https://www.leonwang.cc/ielts-vocab/data-1.js?v=20260618-1
1	时间与存在	15	disaster	/dɪˈzɑːstə/	n.	核心	灾难	dis（表示否定）+ aster（星星）→ 星相不吉 → 灾难	The oil leak caused an environmental disaster along the entire coastline.	这次石油泄漏给整条海岸线带来了环境灾难。		https://www.leonwang.cc/ielts-vocab/data-1.js?v=20260618-1
1	时间与存在	16	mishap	/ˈmɪshæp/	n.	高频	小灾难	mis（坏的，错的）+ hap（运气）→ 不幸；小事故	A slight mishap in the laboratory caused a short delay to the experiment.	实验室的一个小事故让实验短暂推迟。		https://www.leonwang.cc/ielts-vocab/data-1.js?v=20260618-1
1	时间与存在	17	catastrophic	/ˌkætəˈstrɒfɪk/	adj.	高频	灾难性的	源自希腊语 katastrophē（翻转；毁灭）→ 灾难性的	A sudden rise in sea levels could have catastrophic effects on coastal cities.	海平面突然上升可能会给沿海城市带来灾难性后果。		https://www.leonwang.cc/ielts-vocab/data-1.js?v=20260618-1
1	时间与存在	18	calamity	/kəˈlæməti/	n.	高频	灾难，不幸的事	源自拉丁语 calamitas（灾害，损失）→ 灾难	Years of conflict turned the once peaceful valley into a calamity zone.	多年的冲突把曾经安宁的山谷变成了一片灾区。		https://www.leonwang.cc/ielts-vocab/data-1.js?v=20260618-1
1	时间与存在	19	endanger	/ɪnˈdeɪndʒə/	v.	核心	使遭受危险，危及	en（使）+ danger（危险）→ 使遭受危险	The increase in plastic waste endangers birds and sea creatures.	塑料垃圾的增加危及鸟类和海洋生物。		https://www.leonwang.cc/ielts-vocab/data-1.js?v=20260618-1
1	时间与存在	20	jeopardise	/ˈdʒepədaɪz/	v.	核心	危害，危及	源自古法语 jeu parti（平分的棋局）→ 危险处境 → 危及	Pollution from nearby factories jeopardises the local water supply.	附近工厂的污染危及当地供水。		https://www.leonwang.cc/ielts-vocab/data-1.js?v=20260618-1
1	时间与存在	21	destructive	/dɪˈstrʌktɪv/	adj.	核心	破坏性的，有害的	de（除去）+ struct（建造）+ -ive（形容词后缀）→ 破坏性的	The destructive storm swept through several villages, leaving hundreds homeless.	这场破坏性风暴席卷了好几个村庄，数百人流离失所。		https://www.leonwang.cc/ielts-vocab/data-1.js?v=20260618-1
1	时间与存在	22	El Nino	/el ˈniːnjəʊ/	n.	识记	厄尔尼诺现象	西班牙语“圣婴”，指南美沿岸海水异常增温现象	During El Nino periods, fishing yields near Peru tend to drop sharply.	在厄尔尼诺期间，秘鲁附近的渔获量往往会大幅下降。		https://www.leonwang.cc/ielts-vocab/data-1.js?v=20260618-1
1	时间与存在	23	greenhouse	/ˈɡriːnhaʊs/	n.	核心	温室，暖房	green（绿色，植物）+ house（房屋）→ 温室	Crops grown in a greenhouse are protected from extreme cold and pests.	在温室中种植的作物能免于极寒和虫害侵袭。		https://www.leonwang.cc/ielts-vocab/data-1.js?v=20260618-1
1	时间与存在	24	phenomenon	/fɪˈnɒmɪnən/	n.	核心	现象	pheno（显示，出现）+ menon（名词后缀）→ 现象	The sudden phenomenon caught the attention of scientists around the world.	这一突然现象引起了全球科学家的注意。		https://www.leonwang.cc/ielts-vocab/data-1.js?v=20260618-1
1	时间与存在	25	pebble	/ˈpebl/	n.	低频	鹅卵石	源自古英语 papol（小石子）→ 鹅卵石	She picked up a smooth white pebble as a souvenir of the beach.	她捡起一块光滑的白色鹅卵石当作海滩的纪念。		https://www.leonwang.cc/ielts-vocab/data-1.js?v=20260618-1
1	时间与存在	26	magnet	/ˈmæɡnɪt/	n.	高频	磁铁，吸铁石	源自希腊语 Magnēsia（马格内西亚，古地名）→ 磁石	The child used a magnet to collect all the scattered metal pins.	孩子用一块磁铁把所有散落的大头针吸了起来。		https://www.leonwang.cc/ielts-vocab/data-1.js?v=20260618-1
1	时间与存在	27	ore	/ɔː/	n.	高频	矿石；矿	源自古英语 ōra（黄铜，矿石）→ 矿石	The region is known for its rich deposits of copper and iron ore.	该地区以丰富的铜矿和铁矿而闻名。		https://www.leonwang.cc/ielts-vocab/data-1.js?v=20260618-1
1	时间与存在	28	mineral	/ˈmɪnərəl/	n.	核心	矿物，矿物质；矿产	mine（矿山）+ -eral（表示名词）→ 矿物	Many cereals are fortified with essential minerals like zinc and iron.	许多谷物食品都强化添加了锌和铁等必需矿物质。		https://www.leonwang.cc/ielts-vocab/data-1.js?v=20260618-1
1	时间与存在	29	marble	/ˈmɑːbl/	n.	高频	大理石；弹球	源自希腊语 marmaros（闪光的石头）→ 大理石	The floor of the cathedral was made of polished white marble.	大教堂的地面由抛光白色大理石铺成。		https://www.leonwang.cc/ielts-vocab/data-1.js?v=20260618-1
1	时间与存在	30	quartz	/kwɔːts/	n.	低频	石英	源自德语 Quarz，可能来自斯拉夫语（硬的）→ 石英	The watch is powered by a tiny quartz crystal that vibrates constantly.	这块表由一颗不断振动的小石英晶体驱动。		https://www.leonwang.cc/ielts-vocab/data-1.js?v=20260618-1
1	时间与存在	31	granite	/ˈɡrænɪt/	n.	低频	花岗岩	gran（颗粒）+ -ite（名词后缀）→ 有颗粒的石头 → 花岗岩	The old bridge was built from solid granite and survived several floods.	这座古桥用坚固的花岗岩建成，历经多次洪水仍屹立不倒。		https://www.leonwang.cc/ielts-vocab/data-1.js?v=20260618-1
1	时间与存在	32	gust	/ɡʌst/	n.	高频	一阵狂风；迸发	源自古诺斯语 gustr（风）→ 一阵狂风	A powerful gust of wind blew the papers off the outdoor table.	一阵强风把文件从户外桌上吹落。		https://www.leonwang.cc/ielts-vocab/data-1.js?v=20260618-1
1	时间与存在	33	breeze	/briːz/	n.	高频	微风，和风	可能源自西班牙语 brisa（东北风）→ 微风	We enjoyed a gentle evening breeze as we walked along the beach.	我们沿着海滩散步时享受着傍晚轻柔的微风。		https://www.leonwang.cc/ielts-vocab/data-1.js?v=20260618-1
1	时间与存在	34	monsoon	/mɒnˈsuːn/	n.	高频	季风；雨季	源自阿拉伯语 mausim（季节）→ 季风	Farmers in South Asia depend on the monsoon to water their rice fields.	南亚的农民依赖季风给稻田浇水。		https://www.leonwang.cc/ielts-vocab/data-1.js?v=20260618-1
1	时间与存在	35	gale	/ɡeɪl/	n.	高频	大风	起源不确定，可能源自古诺斯语 gal（狂风）→ 大风	The ship radioed for help as it was caught in a fierce gale.	那艘船遭遇狂风，发出无线电求救。		https://www.leonwang.cc/ielts-vocab/data-1.js?v=20260618-1
1	时间与存在	36	hurricane	/ˈhʌrɪkən/	n.	高频	飓风；暴风	源自西班牙语 huracán，来自加勒比土著语风暴之神 → 飓风	Coastal residents evacuated their homes before the hurricane made landfall.	沿海居民在飓风登陆前撤离了家园。		https://www.leonwang.cc/ielts-vocab/data-1.js?v=20260618-1
1	时间与存在	37	tornado	/tɔːˈneɪdəʊ/	n.	高频	龙卷风	可能源自西班牙语 tronada（雷暴）→ 龙卷风	The tornado lifted farm vehicles off the ground and tossed them aside.	龙卷风把农用车辆掀离地面，抛到一旁。		https://www.leonwang.cc/ielts-vocab/data-1.js?v=20260618-1
1	时间与存在	38	typhoon	/taɪˈfuːn/	n.	高频	台风	源自汉语粤方言“大风”（daai fung）→ 台风	Ferry services were suspended as the typhoon grew stronger overnight.	随着台风夜间加强，渡轮服务暂停。		https://www.leonwang.cc/ielts-vocab/data-1.js?v=20260618-1
1	时间与存在	39	volcano	/vɒlˈkeɪnəʊ/	n.	高频	火山	源自罗马神话火神 Vulcan（武尔坎）→ 火山	Tourists gathered at the viewpoint to watch the volcano erupt at sunset.	游客聚集在观景台观看日落时分的火山喷发。		https://www.leonwang.cc/ielts-vocab/data-1.js?v=20260618-1
1	时间与存在	40	erupt	/ɪˈrʌpt/	v.	高频	爆发，喷发；突然出现	e（向外）+ rupt（破裂）→ 向外破裂 → 爆发	Thick smoke and ash erupted from the crater, darkening the sky.	浓烟和火山灰从火山口喷出，天空变得昏暗。		https://www.leonwang.cc/ielts-vocab/data-1.js?v=20260618-1
1	时间与存在	41	magma	/ˈmæɡmə/	n.	识记	岩浆	源自希腊语 magma（揉捏，浓厚的软膏）→ 岩浆	As magma rises closer to the surface, it can trigger tremors in nearby areas.	当岩浆上升接近地表时，会引发附近地区的震动。		https://www.leonwang.cc/ielts-vocab/data-1.js?v=20260618-1
1	时间与存在	42	thermodynamic	/ˌθɜːməʊdaɪˈnæmɪk/	adj.	识记	热力的；热力学的	thermo（热）+ dynamic（力的；力学）→ 热力的；热力学的	The engine was designed using advanced thermodynamic principles for better fuel efficiency.	这台发动机采用先进热力学原理设计，以提高燃油效率。		https://www.leonwang.cc/ielts-vocab/data-1.js?v=20260618-1
1	时间与存在	43	smog	/smɒɡ/	n.	高频	烟雾，雾霾	smoke（烟）+ fog（雾）→ 烟雾	The city banned many older cars to reduce the smog that covered its streets.	该市禁止许多旧车上路，以减少覆盖街道的雾霾。		https://www.leonwang.cc/ielts-vocab/data-1.js?v=20260618-1
1	时间与存在	44	fume	/fjuːm/	n.	高频	烟，气体	源自拉丁语 fumus（烟）→ 烟，气体	Workers wore masks to avoid inhaling the toxic fumes from burning plastics.	工人戴着口罩以避免吸入燃烧塑料产生的有毒烟气。		https://www.leonwang.cc/ielts-vocab/data-1.js?v=20260618-1
1	时间与存在	45	mist	/mɪst/	n.	高频	薄雾；水汽；使视线模糊的东西	源自古英语 mist（薄雾）→ 薄雾	A cold mist rolled off the river, making it hard to see the opposite bank.	一股寒冷的薄雾从河面升起，使对岸难以看清。		https://www.leonwang.cc/ielts-vocab/data-1.js?v=20260618-1
1	时间与存在	46	tsunami	/tsuːˈnɑːmi/	n.	高频	海啸	源自日语“津波”（港口波浪）→ 海啸	The earthquake generated a huge tsunami that swept over the coastal villages.	地震引发了巨大的海啸，淹没了沿海村庄。		https://www.leonwang.cc/ielts-vocab/data-1.js?v=20260618-1
1	时间与存在	47	drought	/draʊt/	n.	高频	干旱，旱灾	词源同 dry（干燥的）→ 干旱	Long months of drought forced the local government to restrict water use.	长达数月的干旱迫使当地政府限制用水。		https://www.leonwang.cc/ielts-vocab/data-1.js?v=20260618-1
1	时间与存在	48	flooding	/ˈflʌdɪŋ/	n.	高频	洪水泛滥	flood（洪水）+ -ing（表示过程）→ 洪水泛滥	The flooding submerged the entire ground floor of the hospital.	洪水淹没了医院整个一楼。		https://www.leonwang.cc/ielts-vocab/data-1.js?v=20260618-1
1	时间与存在	49	torrent	/ˈtɒrənt/	n.	高频	激流，洪流	源自拉丁语 torrens（急流）→ 激流	After the heavy rain, a torrent of brown water rushed down the mountain.	大雨过后，一股棕色的激流从山上奔涌而下。		https://www.leonwang.cc/ielts-vocab/data-1.js?v=20260618-1
1	时间与存在	50	earthquake	/ˈɜːθkweɪk/	n.	核心	地震	earth（地球）+ quake（震动）→ 地震	The earthquake rattled windows and knocked books off the shelves.	地震震得窗户咯吱响，把书架上的书震落。		https://www.leonwang.cc/ielts-vocab/data-1.js?v=20260618-1
1	时间与存在	51	seismic	/ˈsaɪzmɪk/	adj.	高频	地震的，地震引起的	源自希腊语 seismos（地震）→ 地震的	Researchers placed sensors across the fault to monitor seismic changes.	研究人员在断层各处放置传感器以监测地震变化。		https://www.leonwang.cc/ielts-vocab/data-1.js?v=20260618-1
1	时间与存在	52	avalanche	/ˈævəlɑːnʃ/	n.	高频	雪崩	源自古法语 avaler（下降）→ 雪崩	The skiers were warned to stay away from the steep slope because of avalanche danger.	滑雪者被警告远离陡峭山坡，因为有雪崩危险。		https://www.leonwang.cc/ielts-vocab/data-1.js?v=20260618-1
1	时间与存在	53	terrain	/təˈreɪn/	n.	高频	地形	源自拉丁语 terrenum（大地）→ 地形	The mountainous terrain made it difficult to build a railway through the region.	多山的地形使得在该地区修建铁路十分困难。		https://www.leonwang.cc/ielts-vocab/data-1.js?v=20260618-1
1	时间与存在	54	landscape	/ˈlændskeɪp/	n.	核心	风景，地貌	land（陆地）+ -scape（表示性质、状况）→ 地貌	The dramatic desert landscape attracted artists from around the world.	这种壮观的沙漠地貌吸引了世界各地的艺术家。		https://www.leonwang.cc/ielts-vocab/data-1.js?v=20260618-1
1	时间与存在	55	continent	/ˈkɒntɪnənt/	n.	核心	大陆；洲	源自拉丁语 continens（连绵的土地）→ 大陆	Australia is unique because it is both a country and an entire continent.	澳大利亚很独特，因为它既是一个国家，又是一整块大陆。		https://www.leonwang.cc/ielts-vocab/data-1.js?v=20260618-1
1	时间与存在	56	cave	/keɪv/	n.	高频	洞穴，山洞	源自拉丁语 cava（空洞）→ 洞穴	The explorers lit their torches before entering the dark limestone cave.	探险者点燃火把，然后才进入漆黑的石灰岩洞穴。		https://www.leonwang.cc/ielts-vocab/data-1.js?v=20260618-1
1	时间与存在	57	cliff	/klɪf/	n.	高频	悬崖，峭壁	源自古英语 clif（岩石，陡坡）→ 悬崖	They stood at the edge of the cliff, looking down at the waves crashing below.	他们站在悬崖边缘，俯视下方翻腾的海浪。		https://www.leonwang.cc/ielts-vocab/data-1.js?v=20260618-1
1	时间与存在	58	glacier	/ˈɡlæsiə/	n.	高频	冰河，冰川	源自拉丁语 glacies（冰）→ 冰川	Slowly moving glaciers carved deep valleys into the landscape over many centuries.	缓慢移动的冰川经过许多世纪雕刻出深深的峡谷。		https://www.leonwang.cc/ielts-vocab/data-1.js?v=20260618-1
1	时间与存在	59	swamp	/swɒmp/	n.	高频	沼泽，湿地	起源不确定，可能来自日耳曼语（浸水的土地）→ 沼泽	A wooden boardwalk let visitors cross the swamp without getting their feet wet.	一条木板栈道让游客可以穿过沼泽而不会弄湿双脚。		https://www.leonwang.cc/ielts-vocab/data-1.js?v=20260618-1
1	时间与存在	60	delta	/ˈdeltə/	n.	高频	三角洲	源自希腊字母首个字母 Δ（三角形）→ 三角洲	The Yangtze Delta is one of China's most economically developed regions.	长江三角洲是中国经济最发达的地区之一。		https://www.leonwang.cc/ielts-vocab/data-1.js?v=20260618-1
1	时间与存在	61	plain	/pleɪn/	n.	核心	平原	源自拉丁语 planus（平坦的）→ 平原	Vast wheat fields stretched across the flat plain as far as the eye could see.	广阔的麦田穿过平坦的平原，一眼望不到边。		https://www.leonwang.cc/ielts-vocab/data-1.js?v=20260618-1
1	时间与存在	62	plateau	/ˈplætəʊ/	n.	高频	高原	源自法语 plateau（平盘）→ 高原	The Tibetan Plateau rises so high that it is often called the roof of the world.	青藏高原海拔如此之高，常被称为世界屋脊。		https://www.leonwang.cc/ielts-vocab/data-1.js?v=20260618-1
1	时间与存在	63	oasis	/əʊˈeɪsɪs/	n.	高频	绿洲；宜人之地	源自希腊语 oasis（绿洲）→ 沙漠中的水源地	The small oasis offered a shaded resting spot for travelers crossing the dry desert.	这片小绿洲为穿越干燥沙漠的旅人提供了一处阴凉歇脚地。		https://www.leonwang.cc/ielts-vocab/data-1.js?v=20260618-1
1	时间与存在	64	globe	/ɡləʊb/	n.	核心	球体；地球仪；地球	源自拉丁语 globus（球体）→ 地球	The museum had a giant globe that showed all the world's shipping routes.	博物馆里有一个巨大的地球仪，展示着全世界的航线。		https://www.leonwang.cc/ielts-vocab/data-1.js?v=20260618-1
1	时间与存在	65	hemisphere	/ˈhemɪsfɪə/	n.	高频	半球	hemi（半）+ sphere（球）→ 半球	When it is summer in the northern hemisphere, it is winter in the southern.	当北半球是夏季时，南半球就是冬季。		https://www.leonwang.cc/ielts-vocab/data-1.js?v=20260618-1
1	时间与存在	66	equator	/ɪˈkweɪtə/	n.	高频	赤道	源自拉丁语 aequare（使相等）→ 赤道（将地球平分）	The sun blazed directly overhead as the ship crossed the equator.	当船只越过赤道时，太阳直直地照在头顶上。		https://www.leonwang.cc/ielts-vocab/data-1.js?v=20260618-1
1	时间与存在	67	Arctic	/ˈɑːktɪk/	adj.	高频	极冷的；北极的	源自希腊语 arktikos（靠近大熊星座的；北方的）→ 北极的	Polar bears are specially adapted to survive in the harsh Arctic environment.	北极熊特别适应在严酷的北极环境中生存。		https://www.leonwang.cc/ielts-vocab/data-1.js?v=20260618-1
1	时间与存在	68	Antarctic	/ænˈtɑːktɪk/	adj.	高频	南极的	ant（对面的）+ arctic（北极）→ 北极的对面 → 南极	The Antarctic ice sheet holds most of the planet's fresh water.	南极冰盖储存着地球上大部分的淡水。		https://www.leonwang.cc/ielts-vocab/data-1.js?v=20260618-1
1	时间与存在	69	pole	/pəʊl/	n.	核心	地极；截然相反的两极之一	源自拉丁语 polus（轴的端点）→ 地极	Scientists set up a temporary station near the South Pole to study the climate.	科学家在南极附近设立了临时站研究气候。		https://www.leonwang.cc/ielts-vocab/data-1.js?v=20260618-1
1	时间与存在	70	polar	/ˈpəʊlə/	adj.	核心	极地的，近极地的；对立的	pole（极地）+ -ar（形容词后缀）→ 极地的	The rapid warming of polar regions is alarming climate experts.	极地地区的快速升温令气候专家感到担忧。		https://www.leonwang.cc/ielts-vocab/data-1.js?v=20260618-1
1	时间与存在	71	axis	/ˈæksɪs/	n.	高频	轴，轴线	源自拉丁语 axis（车轴；轴线）→ 轴线	The Earth rotates around its tilted axis once every twenty-four hours.	地球每二十四小时绕其倾斜的轴线自转一圈。		https://www.leonwang.cc/ielts-vocab/data-1.js?v=20260618-1
1	时间与存在	72	deteriorate	/dɪˈtɪəriəreɪt/	v.	核心	恶化，变坏	源自拉丁语 deterior（更差的）+ -ate（动词后缀）→ 恶化	Air quality in the capital began to deteriorate as more factories opened.	随着更多工厂开工，首都的空气质量开始恶化。		https://www.leonwang.cc/ielts-vocab/data-1.js?v=20260618-1
1	时间与存在	73	aggravate	/ˈæɡrəveɪt/	v.	核心	加重，加剧，使恶化	ag（加强意义）+ grav（重的）+ -ate（动词后缀）→ 加重	Exhaust from cars may aggravate breathing problems in elderly people.	汽车排放的废气可能加重老年人的呼吸问题。		https://www.leonwang.cc/ielts-vocab/data-1.js?v=20260618-1
1	时间与存在	74	degrade	/dɪˈɡreɪd/	v.	核心	降解；降低身份；使恶化	de（向下）+ grade（层级）→ 降级 → 退化	Plastic bags take centuries to degrade naturally in the environment.	塑料袋需要几个世纪才能在环境中自然降解。		https://www.leonwang.cc/ielts-vocab/data-1.js?v=20260618-1
1	时间与存在	75	upgrade	/ʌpˈɡreɪd/	v.	核心	使升级；提高，改善	up（向上）+ grade（层级）→ 升级	They decided to upgrade the old power station to reduce air pollution.	他们决定升级那座旧发电站以减少空气污染。		https://www.leonwang.cc/ielts-vocab/data-1.js?v=20260618-1
1	时间与存在	76	erode	/ɪˈrəʊd/	v.	核心	侵蚀，腐蚀	e（向外）+ rod（咬）+ e → 咬掉 → 侵蚀	Constant rainfall will erode the topsoil on hills rebuilt without trees.	持续降雨会侵蚀没有树木的山坡上的表层土壤。		https://www.leonwang.cc/ielts-vocab/data-1.js?v=20260618-1
1	时间与存在	77	Mediterranean	/ˌmedɪtəˈreɪniən/	adj.	识记	地中海的；地中海地区的	medi（中间）+ terra（陆地）→ 陆地之间的海 → 地中海	The Mediterranean climate, with hot dry summers, attracts many tourists.	夏季炎热干燥的地中海气候吸引了大量游客。		https://www.leonwang.cc/ielts-vocab/data-1.js?v=20260618-1
1	时间与存在	78	Atlantic	/ətˈlæntɪk/	adj.	识记	大西洋的	源自希腊语 Atlantikos（阿特拉斯之海）→ 大西洋	The Atlantic trade winds helped early explorers cross the vast ocean.	大西洋信风帮助早期探险者横渡这片广阔海洋。		https://www.leonwang.cc/ielts-vocab/data-1.js?v=20260618-1
1	时间与存在	79	Pacific	/pəˈsɪfɪk/	adj.	识记	平静的，和平的；太平洋的	源自拉丁语 pacificus（带来和平的）→ 太平洋（麦哲伦命名）	The Pacific Ocean covers nearly one third of the Earth's total surface.	太平洋几乎覆盖了地球总面积的三分之一。		https://www.leonwang.cc/ielts-vocab/data-1.js?v=20260618-1
1	时间与存在	80	ocean	/ˈəʊʃən/	n.	核心	海洋；洋	源自希腊语 ōkeanos（环绕大地的大河）→ 海洋	The deep ocean remains one of the least explored areas on the planet.	深海仍然是地球上探索最少的区域之一。		https://www.leonwang.cc/ielts-vocab/data-1.js?v=20260618-1
1	时间与存在	81	marine	/məˈriːn/	adj.	高频	海生的，海洋的；海事的	源自拉丁语 mare（海）→ 海洋的	The government set up a protected area to preserve the region's marine life.	政府设立保护区以保护该地区的海洋生物。		https://www.leonwang.cc/ielts-vocab/data-1.js?v=20260618-1
1	时间与存在	82	navigation	/ˌnævɪˈɡeɪʃən/	n.	高频	航行；航海	源自拉丁语 navis（船）+ agere（驾驶）→ 航海	Modern ships rely on satellite navigation more than paper charts.	现代船只更多地依赖卫星导航而非纸质海图。		https://www.leonwang.cc/ielts-vocab/data-1.js?v=20260618-1
1	时间与存在	83	gulf	/ɡʌlf/	n.	高频	海湾	源自希腊语 kolpos（怀抱；海湾）→ 海湾	The gulf provides a natural harbor for fishing boats during bad weather.	这个海湾在恶劣天气时为渔船提供了天然避风港。		https://www.leonwang.cc/ielts-vocab/data-1.js?v=20260618-1
1	时间与存在	84	beach	/biːtʃ/	n.	高频	海滩，河滩	源自古英语 bæce（溪流边的小石头）→ 海滩	Children spent all afternoon building sand castles on the beach.	孩子们整个下午都在海滩上堆沙堡。		https://www.leonwang.cc/ielts-vocab/data-1.js?v=20260618-1
1	时间与存在	85	coast	/kəʊst/	n.	核心	海岸，海滨	源自拉丁语 costa（肋骨；侧边）→ 海岸	A series of wind farms was installed along the coast to generate clean power.	沿岸安装了一系列风力发电机以产生清洁能源。		https://www.leonwang.cc/ielts-vocab/data-1.js?v=20260618-1
1	时间与存在	86	shore	/ʃɔː/	n.	高频	岸，滨	源自古英语 scora（岸）→ 岸	They launched the lifeboat from the shore and rowed toward the sinking boat.	他们从岸边放下救生艇，向正在下沉的船只划去。		https://www.leonwang.cc/ielts-vocab/data-1.js?v=20260618-1
1	时间与存在	87	tide	/taɪd/	n.	核心	趋势，潮流；潮汐	源自古英语 tīd（时间，时节）→ 潮汐	The tide carried the drifting wood far up the beach during the night.	潮水在夜间把漂流的木头冲到了海滩很远的地方。		https://www.leonwang.cc/ielts-vocab/data-1.js?v=20260618-1
1	时间与存在	88	current	/ˈkʌrənt/	n.	核心	水流，潮流；电流；气流	源自拉丁语 currere（跑）→ 流动 → 水流	Swimmers were warned of a strong undercurrent that could pull them out to sea.	游泳者被警告有一股强底流，可能将他们拖入外海。		https://www.leonwang.cc/ielts-vocab/data-1.js?v=20260618-1
1	时间与存在	89	brook	/brʊk/	n.	高频	小河，溪	源自古英语 brōc（小溪）→ 小河	A clear brook runs through the middle of the village from the nearby hills.	一条清澈的小溪从附近山上流过村庄中央。		https://www.leonwang.cc/ielts-vocab/data-1.js?v=20260618-1
1	时间与存在	90	stream	/striːm/	n.	核心	小河，溪；流	源自古英语 strēam（溪流）→ 溪	They set up their tent beside a mountain stream to have fresh water nearby.	他们在一条山间小溪旁搭起帐篷，以便就近取用淡水。		https://www.leonwang.cc/ielts-vocab/data-1.js?v=20260618-1
1	时间与存在	91	source	/sɔːs/	n.	核心	河的源头；根源	源自古法语 sourse（涌出）→ 源头	The team followed the river all the way to its source high in the mountains.	团队沿着河流一路走到它位于高山深处的源头。		https://www.leonwang.cc/ielts-vocab/data-1.js?v=20260618-1
1	时间与存在	92	shallow	/ˈʃæləʊ/	adj.	核心	浅的；肤浅的，浅薄的	源自古英语 sceald（浅的）→ 浅的	The water near the shore was so shallow that we could walk out quite far.	靠近岸边的水很浅，我们可以走出相当远。		https://www.leonwang.cc/ielts-vocab/data-1.js?v=20260618-1
1	时间与存在	93	superficial	/ˌsuːpəˈfɪʃəl/	adj.	高频	表面的，表层的	super（上）+ facies（面）+ -ial → 表面的	The repair was only superficial; the deeper damage to the wall remained.	修复只是表面的；墙壁内部更深的损坏依然存在。		https://www.leonwang.cc/ielts-vocab/data-1.js?v=20260618-1
1	时间与存在	94	flat	/flæt/	adj.	核心	平坦的；扁平的；单调的	源自古诺斯语 flatr（平坦的）→ 平坦的	The team picked a flat and open area for their science camp.	团队挑选了一块平坦开阔的区域作为科学营地。		https://www.leonwang.cc/ielts-vocab/data-1.js?v=20260618-1
1	时间与存在	95	smooth	/smuːð/	adj.	核心	光滑的；平稳的；流畅的	源自古英语 smōth（光滑的）→ 光滑的	The river rocks had been worn smooth by thousands of years of running water.	河中的石头被数千年流水磨得光滑。		https://www.leonwang.cc/ielts-vocab/data-1.js?v=20260618-1
1	时间与存在	96	rough	/rʌf/	adj.	核心	粗糙的；粗略的	源自古英语 rūh（粗糙的）→ 粗糙的	The trail became rough and steep, forcing the hikers to slow their pace.	小径变得崎岖陡峭，迫使徒步者放慢脚步。		https://www.leonwang.cc/ielts-vocab/data-1.js?v=20260618-1
1	时间与存在	97	sandy	/ˈsændi/	adj.	高频	铺满沙的；含沙的	sand（沙）+ -y（形容词后缀）→ 含沙的	They cycled along a narrow sandy track that ran through the dunes.	他们沿着一条穿过沙丘的窄沙土小路骑行。		https://www.leonwang.cc/ielts-vocab/data-1.js?v=20260618-1
1	时间与存在	98	stony	/ˈstəʊni/	adj.	高频	石头的；多石的	stone（石头）+ -y（形容词后缀）→ 多石的	The farmer struggled to grow crops on the stony and unproductive land.	这位农夫在那片多石的贫瘠土地上艰难耕种。		https://www.leonwang.cc/ielts-vocab/data-1.js?v=20260618-1
1	时间与存在	99	vertical	/ˈvɜːtɪkəl/	adj.	核心	垂直的，直立的	源自拉丁语 vertex（顶点；旋涡）→ 垂直	The climber used ropes to safely ascend the nearly vertical cliff face.	攀岩者用绳索安全地攀登近乎垂直的岩壁。		https://www.leonwang.cc/ielts-vocab/data-1.js?v=20260618-1
1	时间与存在	100	steep	/stiːp/	adj.	核心	陡峭的，陡直的	源自古英语 stēap（高的，陡的）→ 陡峭的	Cars had to drive slowly down the steep road when it was covered with ice.	路面结冰时，汽车不得不缓慢驶下陡坡。		https://www.leonwang.cc/ielts-vocab/data-1.js?v=20260618-1
1	时间与存在	101	parallel	/ˈpærəlel/	adj.	核心	平行的；相似	para（旁边）+ allelon（彼此）→ 平行的	The two mountain ridges run almost perfectly parallel for dozens of miles.	这两条山脊几乎完美平行地延伸数十英里。		https://www.leonwang.cc/ielts-vocab/data-1.js?v=20260618-1
1	时间与存在	102	narrow	/ˈnærəʊ/	adj.	核心	狭窄的；有局限的	源自古英语 nearu（狭窄的）→ 狭窄的	Only one small boat could pass through the narrow channel at a time.	一次只有一艘小船能通过这条狭窄的航道。		https://www.leonwang.cc/ielts-vocab/data-1.js?v=20260618-1
1	时间与存在	103	Oceania	/ˌəʊʃiˈɑːniə/	n.	识记	大洋洲	ocean（海洋）+ -ia（表示地方）→ 大洋洲	Oceania consists of Australia, New Zealand, and many small Pacific islands.	大洋洲包括澳大利亚、新西兰和许多太平洋小岛。		https://www.leonwang.cc/ielts-vocab/data-1.js?v=20260618-1
1	时间与存在	104	mainland	/ˈmeɪnlænd/	n.	核心	大陆，本土	main（主要的）+ land（陆地）→ 大陆	Ferries run daily between the island and the mainland carrying supplies.	渡船每天往返海岛和大陆之间运送物资。		https://www.leonwang.cc/ielts-vocab/data-1.js?v=20260618-1
1	时间与存在	105	peninsula	/pɪˈnɪnsjʊlə/	n.	高频	半岛	pen（几乎）+ insula（岛）→ 几乎是一个岛 → 半岛	The Arabian Peninsula is bordered by the Red Sea on its western side.	阿拉伯半岛西侧濒临红海。		https://www.leonwang.cc/ielts-vocab/data-1.js?v=20260618-1
1	时间与存在	106	climate	/ˈklaɪmɪt/	n.	核心	气候；风气，思潮，环境	源自希腊语 klima（倾斜；地区）→ 气候	A warming climate is already affecting harvests in several farming regions.	日益变暖的气候已经影响到几个农业区的收成。		https://www.leonwang.cc/ielts-vocab/data-1.js?v=20260618-1
1	时间与存在	107	weather	/ˈweðə/	n.	核心	天气，气象	源自古英语 weder（天气）→ 天气	Due to bad weather, all outdoor sports activities were cancelled for the day.	由于天气恶劣，当天所有户外体育活动都被取消。		https://www.leonwang.cc/ielts-vocab/data-1.js?v=20260618-1
1	时间与存在	108	meteorology	/ˌmiːtiəˈrɒlədʒi/	n.	识记	气象学	meteor（高处的事物）+ logy（学说）→ 气象学	Advances in meteorology now allow forecasters to warn of storms days ahead.	气象学的进步如今使得预报员可以提前数天预警暴风雨。		https://www.leonwang.cc/ielts-vocab/data-1.js?v=20260618-1
1	时间与存在	109	mild	/maɪld/	adj.	核心	温和的；不严重的	源自古英语 milde（温和的）→ 温和的	The region has a mild spring that draws many outdoor painters every year.	这个地区春季温和，每年都吸引许多户外写生画家。		https://www.leonwang.cc/ielts-vocab/data-1.js?v=20260618-1
1	时间与存在	110	heating	/ˈhiːtɪŋ/	n.	高频	供暖；暖气装置	heat（热）+ -ing（表示过程或设备）→ 供暖	The old school was closed temporarily because its heating system failed.	这所老学校因供暖系统故障而暂时关闭。		https://www.leonwang.cc/ielts-vocab/data-1.js?v=20260618-1
1	时间与存在	111	moderate	/ˈmɒdərɪt/	adj.	核心	适度的；温和的；中等的	源自拉丁语 moderatus（有节制的）→ 适度的	The coastal area enjoys moderate temperatures all year thanks to the ocean breeze.	受海风影响，这个沿海区域全年温度适中。		https://www.leonwang.cc/ielts-vocab/data-1.js?v=20260618-1
1	时间与存在	112	warm	/wɔːm/	adj.	核心	温暖的	源自古英语 wearm（温暖的）→ 温暖的	A warm current from the south keeps the harbor free of ice in winter.	一股来自南方的暖流使得港口在冬天不会结冰。		https://www.leonwang.cc/ielts-vocab/data-1.js?v=20260618-1
1	时间与存在	113	thermal	/ˈθɜːməl/	adj.	高频	热量的	源自希腊语 thermē（热）→ 热量的	Birds use thermal columns of warm air to soar higher without flapping wings.	鸟类借助热空气柱上升，无需扇动翅膀就能飞得更高。		https://www.leonwang.cc/ielts-vocab/data-1.js?v=20260618-1
1	时间与存在	114	tropics	/ˈtrɒpɪks/	n.	高频	热带地区	源自希腊语 tropikos（回转），与太阳回归线有关 → 热带	Crops like bananas and pineapples grow well in the warm, wet tropics.	香蕉和菠萝之类作物在温暖湿润的热带地区生长良好。		https://www.leonwang.cc/ielts-vocab/data-1.js?v=20260618-1
1	时间与存在	115	arid	/ˈærɪd/	adj.	高频	干燥的，干旱的；枯燥的	源自拉丁语 aridus（干燥的）→ 干旱的	Only a few types of tough grass can survive in this arid environment.	只有寥寥几种坚韧的草类能在这片干燥环境中生存。		https://www.leonwang.cc/ielts-vocab/data-1.js?v=20260618-1
1	时间与存在	116	moist	/mɔɪst/	adj.	高频	潮湿的，湿润的	源自古法语 moiste（潮湿的）→ 湿润的	The forest floor stays cool and moist even during the hottest summer days.	即使在最热的夏日，森林地面也保持凉爽湿润。		https://www.leonwang.cc/ielts-vocab/data-1.js?v=20260618-1
1	时间与存在	117	damp	/dæmp/	adj.	高频	潮湿的，湿气重的	源自中古低地德语 damp（蒸汽）→ 潮湿的	The basement remained damp after the pipe leak, so we put a heater down there.	管道泄漏后地下室里仍然很潮，我们在下面放了一台暖炉。		https://www.leonwang.cc/ielts-vocab/data-1.js?v=20260618-1
1	时间与存在	118	humid	/ˈhjuːmɪd/	adj.	高频	潮湿的，湿热的	源自拉丁语 humidus（湿的）→ 湿热的	The humid air made even sitting still feel exhausting that afternoon.	那天下午湿热的空气让人即使静静坐着也觉得疲惫。		https://www.leonwang.cc/ielts-vocab/data-1.js?v=20260618-1
1	时间与存在	119	snowy	/ˈsnəʊi/	adj.	高频	下雪多的；被雪覆盖的	snow（雪）+ -y（形容词后缀）→ 下雪多的	The snowy peaks could be seen from the valley even in early summer.	即使在初夏，从山谷也能望见白雪皑皑的山峰。		https://www.leonwang.cc/ielts-vocab/data-1.js?v=20260618-1
1	时间与存在	120	frost	/frɒst/	n.	高频	霜；霜冻；严寒	源自古英语 frost（霜）→ 霜冻	A late frost in April damaged the early vegetable crops.	四月的晚霜冻坏了早期蔬菜作物。		https://www.leonwang.cc/ielts-vocab/data-1.js?v=20260618-1
1	时间与存在	121	hail	/heɪl/	n.	高频	雹，冰雹	源自古英语 hægl（冰雹）→ 冰雹	The sudden burst of hail cracked the greenhouse windows and flattened the seedlings.	突然降下的冰雹打裂了温室玻璃，压倒了幼苗。		https://www.leonwang.cc/ielts-vocab/data-1.js?v=20260618-1
1	时间与存在	122	thaw	/θɔː/	v.	高频	解冻，融解，融化	源自古英语 þawian（融化）→ 解冻	After a long winter, the rivers slowly began to thaw in early March.	漫长的冬天过后，河流在三月初开始慢慢解冻。		https://www.leonwang.cc/ielts-vocab/data-1.js?v=20260618-1
1	时间与存在	123	chill	/tʃɪl/	n.	高频	寒冷；害怕	源自古英语 cele（寒冷）→ 寒冷	A sudden chill filled the room when the window blew open at night.	夜里窗户被风吹开时，一阵寒意充满了房间。		https://www.leonwang.cc/ielts-vocab/data-1.js?v=20260618-1
1	时间与存在	124	freeze	/friːz/	v.	核心	结冰；霜冻；严寒期	源自古英语 frēosan（结冰）→ 结冰	The pond will freeze over if the night temperature keeps falling at this rate.	如果夜间温度按这个速度继续下降，池塘就要结冰了。		https://www.leonwang.cc/ielts-vocab/data-1.js?v=20260618-1
1	时间与存在	125	frigid	/ˈfrɪdʒɪd/	adj.	高频	寒冷的	源自拉丁语 frigidus（寒冷的）→ 寒冷的	Explorers wrapped themselves in thick coats to bear the frigid polar wind.	探险者裹着厚外套忍受极地的寒风。		https://www.leonwang.cc/ielts-vocab/data-1.js?v=20260618-1
1	时间与存在	126	tremble	/ˈtrembəl/	v.	高频	战栗，颤抖	源自拉丁语 tremulus（颤抖的）→ 战栗	Leaves on the tree began to tremble just before the earthquake struck.	就在地震来临前，树上的叶子开始颤抖。		https://www.leonwang.cc/ielts-vocab/data-1.js?v=20260618-1
1	时间与存在	127	shiver	/ˈʃɪvə/	v.	高频	颤抖，哆嗦，发抖	起源不确定，可能与中古英语 chiveren（发抖）相关 → 发抖	The little dog sat in the cold rain and shivered until we brought it inside.	小狗坐在冰冷的雨中发抖，直到我们把它抱进屋里。		https://www.leonwang.cc/ielts-vocab/data-1.js?v=20260618-1
1	时间与存在	128	thunder	/ˈθʌndə/	n.	高频	雷；雷声	源自古英语 þunor（雷声）→ 雷	A loud clap of thunder woke the whole campsite in the early morning.	清晨一声响雷把整个营地都吵醒了。		https://www.leonwang.cc/ielts-vocab/data-1.js?v=20260618-1
1	时间与存在	129	lightning	/ˈlaɪtnɪŋ/	n.	高频	闪电	lighten（发光）+ -ing（名词后缀）→ 闪电	A flash of lightning split the dark sky in two for just a brief moment.	一道闪电霎时间把黑暗的天空劈成两半。		https://www.leonwang.cc/ielts-vocab/data-1.js?v=20260618-1
1	时间与存在	130	stormy	/ˈstɔːmi/	adj.	高频	有暴风雨的；争吵激烈的；波涛汹涌的	storm（暴风雨）+ -y（形容词后缀）→ 有暴风雨的	The ship rocked heavily as the stormy sea tossed it from side to side.	波涛汹涌的海面把船猛烈地左右摇晃。		https://www.leonwang.cc/ielts-vocab/data-1.js?v=20260618-1
1	时间与存在	131	downpour	/ˈdaʊnpɔː/	n.	高频	倾盆大雨	down（向下）+ pour（倾倒）→ 倾盆大雨	The sudden downpour flooded the streets within minutes.	突如其来的倾盆大雨几分钟内就淹了街道。		https://www.leonwang.cc/ielts-vocab/data-1.js?v=20260618-1
1	时间与存在	132	rainfall	/ˈreɪnfɔːl/	n.	高频	降雨量	rain（雨）+ fall（降落）→ 降雨量	Heavy rainfall in the mountains led to a rapid rise in the river level.	山区强降雨导致河水位迅速上涨。		https://www.leonwang.cc/ielts-vocab/data-1.js?v=20260618-1
1	时间与存在	133	sprinkle	/ˈsprɪŋkl/	v.	高频	撒，洒；下小雨	起源不确定，可能与中古荷兰语 sprenkelen（洒）相关 → 洒	Light rain began to sprinkle the windows as we sat by the fireplace.	我们坐在壁炉旁时，小雨开始淅淅沥沥地打在窗户上。		https://www.leonwang.cc/ielts-vocab/data-1.js?v=20260618-1
1	时间与存在	134	rainbow	/ˈreɪnbəʊ/	n.	高频	虹，彩虹	rain（雨）+ bow（弓）→ 彩虹	A bright double rainbow appeared across the valley after the storm passed.	暴风雨过后，一道明亮的双彩虹横跨山谷出现。		https://www.leonwang.cc/ielts-vocab/data-1.js?v=20260618-1
1	时间与存在	135	shower	/ˈʃaʊə/	n.	高频	阵雨；淋浴	源自古英语 scūr（阵雨）→ 阵雨	We waited in the tent for the shower to pass before hiking again.	我们在帐篷里等阵雨过去再继续徒步。		https://www.leonwang.cc/ielts-vocab/data-1.js?v=20260618-1
1	时间与存在	136	Celsius	/ˈselsiəs/	adj.	识记	摄氏的	以瑞典科学家 Anders Celsius 命名 → 摄氏	Water boils at one hundred degrees Celsius under normal air pressure.	在正常气压下，水在100摄氏度沸腾。		https://www.leonwang.cc/ielts-vocab/data-1.js?v=20260618-1
1	时间与存在	137	temperature	/ˈtemprɪtʃə/	n.	核心	气温；体温；温度	源自拉丁语 temperatura（恰当比例混合）→ 温度	The temperature dropped sharply after sunset, so we lit a campfire.	日落之后温度骤降，我们便点燃了篝火。		https://www.leonwang.cc/ielts-vocab/data-1.js?v=20260618-1
1	时间与存在	138	forecast	/ˈfɔːkɑːst/	n.	核心	预测，预报	fore（前，先）+ cast（扔）→ 提前抛出的信息 → 预报	According to the forecast, clear skies will return to the coast by Friday.	根据预报，周五之前沿海地区将恢复晴好天气。		https://www.leonwang.cc/ielts-vocab/data-1.js?v=20260618-1
1	时间与存在	139	peak	/piːk/	n.	核心	山峰；顶点	起源不确定，可能来自中古低地德语 pēk（尖端）→ 山峰	They reached the peak just as the sun rose over the horizon.	他们正好在太阳从地平线升起时到达了山顶。		https://www.leonwang.cc/ielts-vocab/data-1.js?v=20260618-1
1	时间与存在	140	mount	/maʊnt/	v.	核心	渐渐增加；爬上，登上	源自拉丁语 mons（山）→ 登上；增加	The team slowly mounted the rocky slope as the wind grew stronger.	队伍缓慢地爬上岩石山坡，风也越来越大。		https://www.leonwang.cc/ielts-vocab/data-1.js?v=20260618-1
1	时间与存在	141	mountain	/ˈmaʊntɪn/	n.	核心	山，山岳，高山	源自拉丁语 mons（山）→ 山	Snow on the mountain top had not melted even by late June.	即使到了六月末，山顶的积雪也没有融化。		https://www.leonwang.cc/ielts-vocab/data-1.js?v=20260618-1
1	时间与存在	142	range	/reɪndʒ/	n.	核心	山脉；范围	源自古法语 range（排，行）→ 山脉；范围	The long mountain range stretches across the entire northern part of the country.	这条长长的山脉横贯整个国家的北部。		https://www.leonwang.cc/ielts-vocab/data-1.js?v=20260618-1
1	时间与存在	143	ridge	/rɪdʒ/	n.	高频	山脊，山脉	源自古英语 hrycg（背脊）→ 山脊	They walked along a narrow ridge with steep drops on both sides.	他们沿着一条两边都是陡坡的狭窄山脊行走。		https://www.leonwang.cc/ielts-vocab/data-1.js?v=20260618-1
1	时间与存在	144	slope	/sləʊp/	n.	核心	山坡；斜坡	源自古英语 āslopen（滑离）→ 斜坡	The ski school uses the gentler slope for beginners to practise.	滑雪学校用较平缓的坡给初学者练习。		https://www.leonwang.cc/ielts-vocab/data-1.js?v=20260618-1
1	时间与存在	145	valley	/ˈvæli/	n.	核心	山谷，溪谷	源自拉丁语 vallis（山谷）→ 山谷	The green valley below was covered with orchards and small farms.	下方的翠绿山谷遍布果园和小型农场。		https://www.leonwang.cc/ielts-vocab/data-1.js?v=20260618-1
1	时间与存在	146	hillside	/ˈhɪlsaɪd/	n.	高频	山腰，山坡	hill（小山）+ side（侧面）→ 山腰	Sheep grazed peacefully on the sunny hillside above the village.	绵羊在村庄上方阳光明媚的山坡上安静地吃草。		https://www.leonwang.cc/ielts-vocab/data-1.js?v=20260618-1
1	时间与存在	147	overlook	/ˌəʊvəˈlʊk/	v.	核心	俯瞰，远眺；未注意到	over（在上）+ look（看）→ 从上面往下看 → 俯瞰	The viewing platform lets visitors overlook the entire lake and its islands.	观景台让游客可以俯瞰整个湖泊及其岛屿。		https://www.leonwang.cc/ielts-vocab/data-1.js?v=20260618-1
1	时间与存在	148	southern	/ˈsʌðən/	adj.	核心	南部的；南方的	south（南）+ -ern（表示方向的形容词后缀）→ 南部的	The southern region of the island gets more sunshine than the north.	岛屿的南部地区比北部日照更充足。		https://www.leonwang.cc/ielts-vocab/data-1.js?v=20260618-1
1	时间与存在	149	southeast	/ˌsaʊθˈiːst/	n.	高频	东南方；东南部	south（南）+ east（东）→ 东南方	The storm is currently moving toward the southeast at about fifteen miles per hour.	暴风雨目前正以大约每小时十五英里的速度向东南方向移动。		https://www.leonwang.cc/ielts-vocab/data-1.js?v=20260618-1
1	时间与存在	150	southwest	/ˌsaʊθˈwest/	n.	高频	西南方；西南部	south（南）+ west（西）→ 西南方	The southwest monsoon brings heavy rain to this coastal town every summer.	每年夏天，西南季风都会给这个沿海小镇带来大量降雨。		https://www.leonwang.cc/ielts-vocab/data-1.js?v=20260618-1
1	时间与存在	151	northeast	/ˌnɔːθˈiːst/	n.	高频	东北方；东北部	north（北）+ east（东）→ 东北方	Winds from the northeast pushed the thick fog out to sea by late morning.	来自东北方向的风在上午快结束时将浓雾推向外海。		https://www.leonwang.cc/ielts-vocab/data-1.js?v=20260618-1
1	时间与存在	152	northwest	/ˌnɔːθˈwest/	n.	高频	西北方；西北部	north（北）+ west（西）→ 西北方	The northwest coast is famous for its rugged cliffs and winding trails.	西北海岸以崎岖的悬崖和蜿蜒的小径闻名。		https://www.leonwang.cc/ielts-vocab/data-1.js?v=20260618-1
1	时间与存在	153	eastern	/ˈiːstən/	adj.	核心	东部的；东方的	east（东）+ -ern（形容词后缀）→ 东部的	The eastern part of the forest is home to a large deer population.	这片森林的东部有大量鹿群栖息。		https://www.leonwang.cc/ielts-vocab/data-1.js?v=20260618-1
1	时间与存在	154	oriental	/ˌɔːriˈentl/	adj.	高频	东方的（尤指中国和日本的）	源自拉丁语 oriens（升起；东方）→ 东方的	The gallery displays a fine collection of oriental ceramics from various dynasties.	这座画廊展出来自不同朝代的精美东方陶瓷藏品。		https://www.leonwang.cc/ielts-vocab/data-1.js?v=20260618-1
1	时间与存在	155	inevitable	/ɪnˈevɪtəbl/	adj.	核心	不可避免的，必然的	in（不）+ evitable（可避免的）→ 不可避免的	With rising sea levels, some erosion of coastal roads is almost inevitable.	随着海平面上升，沿海道路遭到一些侵蚀几乎是不可避免的。		https://www.leonwang.cc/ielts-vocab/data-1.js?v=20260618-1
1	时间与存在	156	irreversible	/ˌɪrɪˈvɜːsɪbəl/	adj.	高频	不可逆转的；不可挽回的	ir（不）+ re（回）+ vers（转）+ -ible（可……的）→ 不可逆转的	The desertification of this once green land now seems irreversible.	这片曾经绿意盎然的土地的荒漠化如今似乎不可逆转。		https://www.leonwang.cc/ielts-vocab/data-1.js?v=20260618-1
1	时间与存在	157	irregularly	/ɪˈreɡjʊləli/	adv.	高频	不规则地；不合常规地	ir（不）+ regular（规律的）+ -ly（副词后缀）→ 不规则地	Rain falls very irregularly across the region, causing frequent dry spells.	整个地区的降雨非常不规律，导致频繁出现干旱期。		https://www.leonwang.cc/ielts-vocab/data-1.js?v=20260618-1
1	时间与存在	158	inappropriate	/ˌɪnəˈprəʊpriɪt/	adj.	核心	不合适的	in（不）+ appropriate（恰当的）→ 不合适的	The plan to build a factory so close to the river was clearly inappropriate.	在如此靠近河流的地方建工厂的计划明显不合适。		https://www.leonwang.cc/ielts-vocab/data-1.js?v=20260618-1
1	时间与存在	159	abnormal	/æbˈnɔːməl/	adj.	核心	不正常的，反常的；变态的	ab（不）+ normal（正常的）→ 不正常的	Scientists were worried by the abnormal warming of the sea surface this spring.	科学家对今春海面异常升温感到担忧。		https://www.leonwang.cc/ielts-vocab/data-1.js?v=20260618-1
1	时间与存在	160	sediment	/ˈsedɪmənt/	n.	高频	沉淀物；沉积物	源自拉丁语 sedere（坐下；沉淀）→ 沉淀物	The river delta was formed by sediment carried downstream over many centuries.	这条河流三角洲是由数世纪不断带往下游的沉积物形成的。		https://www.leonwang.cc/ielts-vocab/data-1.js?v=20260618-1
1	时间与存在	161	silt	/sɪlt/	n.	高频	淤泥，泥沙	起源不确定，可能与中古低地德语 sulte（盐碱地）相关 → 淤泥	The removal of trees from the river bank has allowed more silt to enter the channel.	河岸树木被清除后，更多泥沙进入了河道。		https://www.leonwang.cc/ielts-vocab/data-1.js?v=20260618-1
1	时间与存在	162	muddy	/ˈmʌdi/	adj.	高频	泥泞的；浑浊的	mud（泥）+ -y（形容词后缀）→ 泥泞的	After the heavy rain, the path became so muddy that we had to turn back.	大雨过后，小路变得泥泞不堪，我们只好原路返回。		https://www.leonwang.cc/ielts-vocab/data-1.js?v=20260618-1
1	时间与存在	163	clay	/kleɪ/	n.	高频	黏土，陶土	源自古英语 clǣg（黏土）→ 黏土	Local artists dig clay from the riverbank to make traditional pottery.	当地艺人从河岸挖取黏土制作传统陶器。		https://www.leonwang.cc/ielts-vocab/data-1.js?v=20260618-1
1	时间与存在	164	dirt	/dɜːt/	n.	核心	污垢，灰尘；泥土	源自古诺斯语 drit（排泄物）→ 泥土；污垢	The children returned from the forest hike with dirt on their boots and smiles.	孩子们从森林徒步回来，靴子上沾满泥土，脸上带着笑容。		https://www.leonwang.cc/ielts-vocab/data-1.js?v=20260618-1
1	时间与存在	165	rural	/ˈrʊərəl/	adj.	核心	农村的，乡村的；田园的	源自拉丁语 rus（乡村）+ -al（形容词后缀）→ 农村的	Internet access in many rural areas remains slower than in large cities.	许多农村地区的网络连接仍然比大城市慢。		https://www.leonwang.cc/ielts-vocab/data-1.js?v=20260618-1
1	时间与存在	166	suburb	/ˈsʌbɜːb/	n.	核心	郊区，郊外，近郊	sub（接近）+ urb（城市）→ 城市附近的区域 → 郊区	The factory was built on former farmland on the edge of the northern suburb.	工厂建在北郊边缘以前的农田上。		https://www.leonwang.cc/ielts-vocab/data-1.js?v=20260618-1
1	时间与存在	167	outskirts	/ˈaʊtskɜːts/	n.	高频	郊区，市郊	out（外）+ skirt（边缘）+ -s → 外围地区 → 市郊	The nature reserve lies on the outskirts of the capital, about an hour away.	自然保护区位于首都郊外约一小时路程处。		https://www.leonwang.cc/ielts-vocab/data-1.js?v=20260618-1
1	时间与存在	168	remote	/rɪˈməʊt/	adj.	核心	遥远的；偏僻的；疏远的	源自拉丁语 remotus（移开的；遥远的）→ 遥远的	The research team set up instruments at several remote mountain stations.	研究团队在好几个偏远的山区站点安装了仪器。		https://www.leonwang.cc/ielts-vocab/data-1.js?v=20260618-1
1	时间与存在	169	desolate	/ˈdesələt/	adj.	高频	荒凉的	源自拉丁语 desolatus（被遗弃的）→ 荒凉的	The old mining town was now completely desolate, with only wind and dust.	这座旧矿镇如今已完全荒凉，只剩风声和尘土。		https://www.leonwang.cc/ielts-vocab/data-1.js?v=20260618-1
1	时间与存在	170	distant	/ˈdɪstənt/	adj.	核心	疏远的；遥远的	dis（分开）+ stant（站立）→ 站得分开的 → 遥远的	We could hear the distant sound of waterfalls as we reached the forest edge.	我们到达森林边缘时可以听见远处瀑布的声音。		https://www.leonwang.cc/ielts-vocab/data-1.js?v=20260618-1
1	时间与存在	171	adjacent	/əˈdʒeɪsənt/	adj.	高频	邻近的，毗连的	源自拉丁语 adjacere（躺在附近）→ 邻近的	The hotel and its adjacent nature trail attract many bird watchers.	酒店和它邻近的自然小径吸引了许多观鸟者。		https://www.leonwang.cc/ielts-vocab/data-1.js?v=20260618-1
1	时间与存在	172	toxic	/ˈtɒksɪk/	adj.	核心	有毒的	源自希腊语 toxon（弓；毒箭）→ 有毒的	The lake was closed to fishing after tests showed toxic levels of mercury.	检验显示湖泊汞含量有毒后，该湖被禁止捕鱼。		https://www.leonwang.cc/ielts-vocab/data-1.js?v=20260618-1
1	时间与存在	173	pollution	/pəˈljuːʃən/	n.	核心	污染	pollute（弄脏）+ -ion（名词后缀）→ 污染	Oil spills at sea are among the most difficult types of pollution to clean up.	海上石油泄漏是最难清理的污染类型之一。		https://www.leonwang.cc/ielts-vocab/data-1.js?v=20260618-1
1	时间与存在	174	pollutant	/pəˈljuːtənt/	n.	核心	污染物质	pollute（污染）+ -ant（表示物质的名词后缀）→ 污染物	Researchers have identified several harmful pollutants in the city's drinking water.	研究人员在该市饮用水中鉴定出了好几种有害污染物。		https://www.leonwang.cc/ielts-vocab/data-1.js?v=20260618-1
1	时间与存在	175	contaminate	/kənˈtæmɪneɪt/	v.	核心	弄脏，污染	con（共同）+ tam（接触）+ in（里面）+ -ate（动词后缀）→ 污染	Heavy rain washed the chemical waste into the river, contaminating the fish.	大雨把化工废料冲进河中，污染了鱼类。		https://www.leonwang.cc/ielts-vocab/data-1.js?v=20260618-1
1	时间与存在	176	geology	/dʒiˈɒlədʒi/	n.	高频	地质学；地质状况	geo（地球）+ logy（学说）→ 地质学	Understanding the geology of the region helps engineers design safer tunnels.	了解该地区的地质状况有助于工程师设计更安全的隧道。		https://www.leonwang.cc/ielts-vocab/data-1.js?v=20260618-1
1	时间与存在	177	border	/ˈbɔːdə/	n.	核心	边界；边界地区；镶边	源自古法语 bordure（边缘）→ 边界	The border between the two countries runs through thick forests and high ridges.	两国之间的边界穿过茂密的森林和高高的山脊。		https://www.leonwang.cc/ielts-vocab/data-1.js?v=20260618-1
1	时间与存在	178	margin	/ˈmɑːdʒɪn/	n.	核心	边缘；页边空白；余地	源自拉丁语 margo（边缘）→ 边缘；余地	There is little margin left for error in the final week of the project.	在项目最后一周几乎没有出错的余地了。		https://www.leonwang.cc/ielts-vocab/data-1.js?v=20260618-1
1	时间与存在	179	fringe	/frɪndʒ/	n.	高频	边缘；刘海儿	源自拉丁语 fimbria（流苏；边缘）→ 边缘	The town sits on the fringe of the vast desert, where dust storms are common.	小镇坐落在大沙漠边缘，那里沙尘暴很常见。		https://www.leonwang.cc/ielts-vocab/data-1.js?v=20260618-1
1	时间与存在	180	plate	/pleɪt/	n.	高频	板块；盘	源自希腊语 platus（扁平的）→ 平板 → 板块	The collision of two massive plates gave rise to the great mountain belt.	两块巨大板块的碰撞造就了这条宏伟的山脉带。		https://www.leonwang.cc/ielts-vocab/data-1.js?v=20260618-1
1	时间与存在	181	debris	/ˈdebriː/	n.	高频	碎片，残骸	源自法语 débris（碎片）→ 残骸	Emergency workers spent days clearing the debris after the landslide.	紧急救援人员花了数天清理滑坡后的碎石残骸。		https://www.leonwang.cc/ielts-vocab/data-1.js?v=20260618-1
1	时间与存在	182	crack	/kræk/	v.	高频	破裂；发出爆裂声	源自古英语 cracian（发出爆裂声）→ 破裂	A thin crack in the dam wall had engineers working through the night.	堤坝上一条细小的裂缝令工程师们连夜抢修。		https://www.leonwang.cc/ielts-vocab/data-1.js?v=20260618-1
1	时间与存在	183	gap	/ɡæp/	n.	核心	缺口，裂缝；差距；空白	源自古诺斯语 gap（开口）→ 缺口	The study found a wide gap between the predicted and actual rainfall totals.	研究发现预测降雨总量与实际降雨总量之间存在巨大差距。		https://www.leonwang.cc/ielts-vocab/data-1.js?v=20260618-1
1	时间与存在	184	splendid	/ˈsplendɪd/	adj.	核心	极好的；壮观的	源自拉丁语 splendidus（辉煌的）→ 壮观的	From the flight window, we had a splendid view of the snow-capped volcanoes.	从飞机窗口，我们看到了白雪覆盖的火山壮丽景色。		https://www.leonwang.cc/ielts-vocab/data-1.js?v=20260618-1
1	时间与存在	185	grand	/ɡrænd/	adj.	核心	宏大的；豪华的，宏伟的；极好的	源自拉丁语 grandis（巨大的）→ 宏伟的	The grand canyon stretched out below us, carved over millions of years.	宏伟的大峡谷在我们下方延伸，是历经数百万年雕刻而成。		https://www.leonwang.cc/ielts-vocab/data-1.js?v=20260618-1
1	时间与存在	186	magnificent	/mæɡˈnɪfɪsənt/	adj.	核心	壮丽的，宏伟的；令人印象深刻的	源自拉丁语 magnificus（伟大的）→ 壮丽的	The magnificent waterfall drops three hundred metres straight into the pool below.	壮丽的瀑布直落三百米坠入下方的水潭。		https://www.leonwang.cc/ielts-vocab/data-1.js?v=20260618-1
1	时间与存在	187	super	/ˈsuːpə/	adj.	核心	超级的，极好的	源自拉丁语 super（上等的）→ 极好的	The guide showed us a super spot on the hillside to watch the sunrise.	向导指给我们山坡上一个绝佳地点观看日出。		https://www.leonwang.cc/ielts-vocab/data-1.js?v=20260618-1
1	时间与存在	188	interesting	/ˈɪntrɪstɪŋ/	adj.	核心	有趣的；引人入胜的	interest（兴趣）+ -ing（形容词后缀）→ 有趣的	It is interesting to compare the different weather patterns of these two regions.	比较这两个地区不同的天气模式很有趣。		https://www.leonwang.cc/ielts-vocab/data-1.js?v=20260618-1
1	时间与存在	189	dramatic	/drəˈmætɪk/	adj.	核心	戏剧的；引人注目的	源自希腊语 dramatikos（有关戏剧的）→ 引人注目的	The beach has undergone dramatic changes after last winter's series of storms.	经历了去年冬天一连串风暴后，这片海滩发生了显著变化。		https://www.leonwang.cc/ielts-vocab/data-1.js?v=20260618-1
1	时间与存在	190	wilderness	/ˈwɪldənɪs/	n.	高频	荒野	wild（野生的）+ -ness（表示地带的词缀）→ 荒野	They spent ten days hiking through a vast wilderness of frozen lakes and forests.	他们花了十天在满是冻湖和森林的广阔荒野中徒步。		https://www.leonwang.cc/ielts-vocab/data-1.js?v=20260618-1
1	时间与存在	191	desert	/ˈdezət/	n.	核心	沙漠	源自拉丁语 desertum（被遗弃的地方）→ 沙漠	Cacti have shallow roots that spread wide to absorb rare desert rains.	仙人掌有浅浅的宽根，以吸收沙漠中罕见的雨水。		https://www.leonwang.cc/ielts-vocab/data-1.js?v=20260618-1
1	时间与存在	192	deforest	/diːˈfɒrɪst/	v.	识记	毁掉森林	de（除去）+ forest（森林）→ 毁林	Large areas were deforested to make room for coffee and palm oil farms.	大片森林被砍伐，为咖啡和棕榈油种植园腾出空间。		https://www.leonwang.cc/ielts-vocab/data-1.js?v=20260618-1
1	时间与存在	193	barren	/ˈbærən/	adj.	高频	贫瘠的，荒芜的；不结果实的	源自古法语 baraigne（不能生育的）→ 贫瘠的	Years of mining left the landscape barren and empty of plant life.	多年采矿使这片土地贫瘠荒芜，寸草不生。		https://www.leonwang.cc/ielts-vocab/data-1.js?v=20260618-1
1	时间与存在	194	fertile	/ˈfɜːtaɪl/	adj.	高频	肥沃的，富饶的	源自拉丁语 fertilis（结果实的）→ 肥沃的	The volcanic soil around the mountain is dark and extremely fertile.	火山周围的土壤呈黑色，极其肥沃。		https://www.leonwang.cc/ielts-vocab/data-1.js?v=20260618-1
1	时间与存在	195	fertilise	/ˈfɜːtɪlaɪz/	v.	高频	施肥于	fertile（肥沃的）+ -ise（动词后缀）→ 施肥	Farmers fertilise the rice fields before the rainy season arrives.	农民在雨季来临前给稻田施肥。		https://www.leonwang.cc/ielts-vocab/data-1.js?v=20260618-1
1	时间与存在	196	solar	/ˈsəʊlə/	adj.	核心	太阳的，日光的	源自拉丁语 sol（太阳）+ -ar（形容词后缀）→ 太阳的	The village now relies on solar panels to power its small school and clinic.	这个村庄现在靠太阳能板给小型学校和诊所供电。		https://www.leonwang.cc/ielts-vocab/data-1.js?v=20260618-1
1	时间与存在	197	lunar	/ˈluːnə/	adj.	核心	月亮的，月球的	源自拉丁语 luna（月亮）+ -ar（形容词后缀）→ 月亮的	The lunar surface is covered with craters, stones and fine grey dust.	月球表面布满陨石坑、石块和灰色细尘。		https://www.leonwang.cc/ielts-vocab/data-1.js?v=20260618-1
1	时间与存在	198	calendar	/ˈkælɪndə/	n.	核心	日历；历法	源自拉丁语 kalendarium（账本；记录）→ 日历	The farmer marked the planting dates on a large paper calendar in the barn.	农夫在谷仓里的大纸日历上标记了播种日期。		https://www.leonwang.cc/ielts-vocab/data-1.js?v=20260618-1
1	时间与存在	199	sunrise	/ˈsʌnraɪz/	n.	核心	日出	sun（太阳）+ rise（升起）→ 日出	The fishermen set out on their boats just before sunrise each day.	渔民每天在日出前就乘小船出海。		https://www.leonwang.cc/ielts-vocab/data-1.js?v=20260618-1
1	时间与存在	200	sunset	/ˈsʌnset/	n.	核心	日落	sun（太阳）+ set（落下）→ 日落	We packed up our cameras after the last light of the sunset faded.	日落的最后一道光消失后，我们收起了相机。		https://www.leonwang.cc/ielts-vocab/data-1.js?v=20260618-1
1	时间与存在	201	eclipse	/ɪˈklɪps/	n.	高频	日食；月食	源自希腊语 ekleipsis（放弃；消失）→ 日/月食	Hundreds of people gathered with special glasses to watch the solar eclipse.	数百人戴着特制眼镜聚集在一起观看日食。		https://www.leonwang.cc/ielts-vocab/data-1.js?v=20260618-1
1	时间与存在	202	dusk	/dʌsk/	n.	核心	黄昏，傍晚	源自古英语 dox（暗色）→ 黄昏	Bats start to hunt for insects over the river shortly after dusk.	黄昏刚过，蝙蝠就开始在河面上捕食昆虫。		https://www.leonwang.cc/ielts-vocab/data-1.js?v=20260618-1
1	时间与存在	203	heaven	/ˈhevn/	n.	核心	天堂；极乐之地；天空	源自古英语 heofon（天；天堂）→ 天空；天堂	The peak rose into a clear blue heaven without a single cloud in sight.	山顶耸入清澈的蓝天，看不到一丝云彩。		https://www.leonwang.cc/ielts-vocab/data-1.js?v=20260618-1
1	时间与存在	204	paradise	/ˈpærədaɪs/	n.	核心	天堂；乐园，福地	源自波斯语 pairidaeza（围墙花园）→ 乐园	The tiny island with its white beaches looked like a tropical paradise.	有着白色沙滩的小岛看上去像一个热带天堂。		https://www.leonwang.cc/ielts-vocab/data-1.js?v=20260618-1
1	时间与存在	205	drip	/drɪp/	v.	高频	滴出（液体）；滴下	源自中古英语 dripen（滴下）→ 滴出	Rainwater began to drip through a crack in the ceiling during the storm.	暴风雨期间，雨水开始从天花板的裂缝中滴下。		https://www.leonwang.cc/ielts-vocab/data-1.js?v=20260618-1
1	时间与存在	206	drown	/draʊn/	v.	高频	（使）淹死；浸泡	起源不确定，可能与古英语 druncnian（淹死）有关 → 淹没	The low fields near the mouth of the river drown every few years when floods come.	河口的低洼田地每隔几年就被洪水淹没一次。		https://www.leonwang.cc/ielts-vocab/data-1.js?v=20260618-1
1	时间与存在	207	blow	/bləʊ/	v.	核心	吹；（风）吹	源自古英语 blāwan（吹）→ 吹	Strong winds began to blow in from the sea, rattling the wooden shutters.	强风开始从海上吹来，吹得木百叶窗咯吱作响。		https://www.leonwang.cc/ielts-vocab/data-1.js?v=20260618-1
1	时间与存在	208	puff	/pʌf/	n.	高频	（吹出的）一股，一缕	源自中古英语 puff（一股气）→ 一股	A puff of white steam rose from the kettle as the water started to boil.	水开始沸腾时，水壶冒出一股白汽。		https://www.leonwang.cc/ielts-vocab/data-1.js?v=20260618-1
1	时间与存在	209	gush	/ɡʌʃ/	v.	高频	涌出	可能源自中古英语 guschen（涌出）→ 涌出	Muddy water gushed down the street when the neighbourhood drain burst.	社区排水管爆裂时，泥水沿街涌下。		https://www.leonwang.cc/ielts-vocab/data-1.js?v=20260618-1
1	时间与存在	210	dense	/dens/	adj.	核心	密集的；稠密的	源自拉丁语 densus（稠密的）→ 密集的	The dense fog made it impossible to see the road signs clearly.	浓雾让人无法看清路牌。		https://www.leonwang.cc/ielts-vocab/data-1.js?v=20260618-1
1	时间与存在	211	intensity	/ɪnˈtensɪti/	n.	核心	强度；强烈	intense（强烈的）+ -ity（名词后缀）→ 强度	The intensity of the midday sun forced the hikers to rest in the shade.	正午强烈的阳光迫使徒步者在阴凉处休息。		https://www.leonwang.cc/ielts-vocab/data-1.js?v=20260618-1
1	时间与存在	212	intensive	/ɪnˈtensɪv/	adj.	核心	加强的，集中的，密集的	源自拉丁语 intendere（拉紧；专注）+ -ive → 集中的	The team carried out an intensive survey of the volcano after it showed activity.	在火山出现活动迹象后，团队对其进行了密集勘测。		https://www.leonwang.cc/ielts-vocab/data-1.js?v=20260618-1
1	时间与存在	213	emerge	/ɪˈmɜːdʒ/	v.	核心	浮现，露出；暴露	e（向外）+ merge（浸没）→ 从浸没中出来 → 浮现	The tops of the old stone houses slowly emerged as the floodwater retreated.	随着洪水退去，旧石屋的屋顶慢慢露了出来。		https://www.leonwang.cc/ielts-vocab/data-1.js?v=20260618-1
1	时间与存在	214	flash	/flæʃ/	v.	核心	（使）闪光；（使）闪现；快速发送	可能源自中古英语 flasken（溅出；闪光）→ 闪光	An alert notice was flashed to all port workers as the storm approached.	暴风雨逼近时，警报通知被迅速发送给所有港口工人。		https://www.leonwang.cc/ielts-vocab/data-1.js?v=20260618-1
1	时间与存在	215	float	/fləʊt/	v.	核心	漂浮；飘浮	源自古英语 flotian（漂浮）→ 漂浮	Thin sheets of ice still float on the surface of the lake in early spring.	早春时节，薄冰层仍漂浮在湖面上。		https://www.leonwang.cc/ielts-vocab/data-1.js?v=20260618-1
1	时间与存在	216	environment	/ɪnˈvaɪrənmənt/	n.	核心	自然环境；环境，周围状况	environ（环绕）+ -ment（名词后缀）→ 环境	Scientists urged governments to invest more in protecting the coastal environment.	科学家敦促政府加大对沿海环境保护的投入。		https://www.leonwang.cc/ielts-vocab/data-1.js?v=20260618-1
1	时间与存在	217	surrounding	/səˈraʊndɪŋ/	adj.	核心	周围的，附近的	surround（围绕）+ -ing（形容词后缀）→ 周围的	The building and its surrounding fields were swallowed by the rising water.	建筑物及其周围的田地被上涨的洪水吞没。		https://www.leonwang.cc/ielts-vocab/data-1.js?v=20260618-1
1	时间与存在	218	condition	/kənˈdɪʃən/	n.	核心	条件；情况，状态	源自拉丁语 condicio（协议；条件）→ 条件	Roads were closed because of dangerously poor driving conditions after the ice storm.	冰暴过后，由于驾驶条件极差且危险，道路被封闭。		https://www.leonwang.cc/ielts-vocab/data-1.js?v=20260618-1
1	时间与存在	219	situation	/ˌsɪtjuˈeɪʃən/	n.	核心	情况，处境，形势	源自拉丁语 situs（位置）+ -ation（名词后缀）→ 处境	The situation on the flooded plain was described by officials as critical.	官员称，被淹没平原上的情况非常危急。		https://www.leonwang.cc/ielts-vocab/data-1.js?v=20260618-1
1	时间与存在	220	nature	/ˈneɪtʃə/	n.	核心	大自然；本性；性质	源自拉丁语 natura（出生；本性）→ 自然	Walking in nature helps many city workers reduce their daily stress levels.	在大自然中散步有助于许多城市工作者降低日常压力。		https://www.leonwang.cc/ielts-vocab/data-1.js?v=20260618-1
1	时间与存在	221	natural	/ˈnætʃrəl/	adj.	核心	自然的；天然的	nature（自然）+ -al（形容词后缀）→ 自然的	The reserve was created to keep this unique landscape in its natural state.	建立保护区是为了让这片独特地貌保持自然原貌。		https://www.leonwang.cc/ielts-vocab/data-1.js?v=20260618-1
1	时间与存在	222	artificial	/ˌɑːtɪˈfɪʃəl/	adj.	核心	人造的	art（技巧；人工）+ fic（制作）+ -ial → 人造的	An artificial lake was built to provide drinking water for the growing town.	修建了一座人工湖为不断扩大的城镇提供饮用水。		https://www.leonwang.cc/ielts-vocab/data-1.js?v=20260618-1
1	时间与存在	223	synthetic	/sɪnˈθetɪk/	adj.	高频	人造的，合成的	syn（一起）+ thesis（放置）→ 合成 → 人造的	The jacket is filled with a synthetic material that stays warm even when wet.	这件夹克填充了一种即使湿了也能保暖的合成材料。		https://www.leonwang.cc/ielts-vocab/data-1.js?v=20260618-1
1	时间与存在	224	petrol	/ˈpetrəl/	n.	高频	汽油	源自法语 pétrole（石油）→ 汽油	The generator ran out of petrol after working for two hours straight.	发电机连续工作两小时后汽油耗尽。		https://www.leonwang.cc/ielts-vocab/data-1.js?v=20260618-1
1	时间与存在	225	gas	/ɡæs/	n.	核心	气体；汽油	由比利时化学家 Van Helmont 基于希腊语 chaos（混沌）新造的词 → 气体	A faint smell of gas from the stove suggested the pipe needed checking.	炉子里隐隐有股煤气味，说明管道需要检查。		https://www.leonwang.cc/ielts-vocab/data-1.js?v=20260618-1
1	时间与存在	226	gasoline	/ˈɡæsəliːn/	n.	高频	汽油	gas（气体）+ ol + -ine（化学后缀）→ 汽油	The price of gasoline in coastal towns often rises during the summer months.	沿海城镇的汽油价格在夏季几个月里经常上涨。		https://www.leonwang.cc/ielts-vocab/data-1.js?v=20260618-1
1	时间与存在	227	petroleum	/pɪˈtrəʊliəm/	n.	高频	石油	petr（石头）+ oleum（油）→ 石里的油 → 石油	Petroleum remains one of the most traded natural resources in the world.	石油仍然是世界上交易量最大的自然资源之一。		https://www.leonwang.cc/ielts-vocab/data-1.js?v=20260618-1
2	植物研究	1	photosynthesis	/ˌfəʊtəʊˈsɪnθəsɪs/	n.	核心	光合作用	photo（光）+ synthesis（合成）→ 用光合成	Without photosynthesis, plants would not be able to produce the food they need.	没有光合作用，植物就无法制造自身所需的食物。		https://www.leonwang.cc/ielts-vocab/data-2.js?v=20260618-1
2	植物研究	2	respire	/rɪˈspaɪə/	v.	高频	呼吸	源自拉丁语 respirare（重新呼吸）→ 呼吸	All living creatures that respire need oxygen to turn food into energy.	所有会呼吸的生物都需要氧气来将食物转化为能量。		https://www.leonwang.cc/ielts-vocab/data-2.js?v=20260618-1
2	植物研究	3	dioxide	/daɪˈɒksaɪd/	n.	高频	二氧化物	di（二）+ oxide（氧化物）→ 二氧化物	Sulfur dioxide is a gas released by some factories that can harm the lungs.	二氧化硫是一些工厂排放的一种气体，会伤害肺部。		https://www.leonwang.cc/ielts-vocab/data-2.js?v=20260618-1
2	植物研究	4	vegetation	/ˌvedʒəˈteɪʃən/	n.	核心	植物，草木	源自拉丁语 vegetare（使生长）→ 植物	The hills were once covered in thick vegetation, but most of it has now been cut down.	这些山丘曾经覆盖着茂密的植被，但如今大部分已被砍伐。		https://www.leonwang.cc/ielts-vocab/data-2.js?v=20260618-1
2	植物研究	5	herb	/hɜːb/	n.	高频	药草；香草	源自拉丁语 herba（草）→ 药草	She grows several herbs, like rosemary and basil, on her kitchen windowsill.	她在厨房窗台上种了好几种香草，比如迷迭香和罗勒。		https://www.leonwang.cc/ielts-vocab/data-2.js?v=20260618-1
2	植物研究	6	perennial	/pəˈreniəl/	n.	高频	多年生植物	per（贯穿）+ enn（年）+ ial → 贯穿全年的 → 多年生	Unlike most garden flowers, these perennials return year after year with little care.	和大多数花园花卉不同，这些多年生植物无需过多照料，每年都会重新生长。		https://www.leonwang.cc/ielts-vocab/data-2.js?v=20260618-1
2	植物研究	7	botany	/ˈbɒtəni/	n.	高频	植物学	源自希腊语 botanē（植物）→ 植物学	Her love of wildflowers led her to study botany at university.	她对野花的热爱促使她进入大学攻读植物学。		https://www.leonwang.cc/ielts-vocab/data-2.js?v=20260618-1
2	植物研究	8	ecology	/iˈkɒlədʒi/	n.	核心	生态学；生态	eco（家；环境）+ logy（学说）→ 生态学	The ecology of the reef is so delicate that even a small change in temperature can damage it.	珊瑚礁的生态非常脆弱，即使微小的温度变化也可能造成破坏。		https://www.leonwang.cc/ielts-vocab/data-2.js?v=20260618-1
2	植物研究	9	ecosystem	/ˈiːkəʊˌsɪstəm/	n.	核心	生态系统	eco（生态）+ system（系统）→ 生态系统	The entire ecosystem of the lake was affected by the chemical waste.	整个湖泊的生态系统都受到了化工废料的影响。		https://www.leonwang.cc/ielts-vocab/data-2.js?v=20260618-1
2	植物研究	10	eco-friendly	/ˈiːkəʊˌfrendli/	adj.	核心	对生态环境友好的	eco（生态）+ friendly（友好的）→ 环保的	More shoppers now choose eco-friendly bags made of cloth instead of plastic.	如今更多顾客选择布制的环保袋来代替塑料袋。		https://www.leonwang.cc/ielts-vocab/data-2.js?v=20260618-1
2	植物研究	11	horticulture	/ˈhɔːtɪˌkʌltʃə/	n.	识记	园艺学；园艺	horti（花园）+ culture（培育）→ 园艺学	The city runs a horticulture programme that teaches residents how to grow their own food.	该市开办了一个园艺项目，教居民如何自己种植食物。		https://www.leonwang.cc/ielts-vocab/data-2.js?v=20260618-1
2	植物研究	12	organism	/ˈɔːɡənɪzəm/	n.	核心	有机体，生物	organ（器官）+ ism（表示系统）→ 有机体	A single drop of pond water can contain thousands of tiny organisms.	一滴池塘水中就能含有数千个微小生物。		https://www.leonwang.cc/ielts-vocab/data-2.js?v=20260618-1
2	植物研究	13	genetics	/dʒəˈnetɪks/	n.	高频	遗传学	gene（基因）+ tics（学科）→ 遗传学	Thanks to advances in genetics, farmers can now breed crops that resist drought.	由于遗传学的进步，农民如今可以培育抗旱作物。		https://www.leonwang.cc/ielts-vocab/data-2.js?v=20260618-1
2	植物研究	14	mutation	/mjuːˈteɪʃən/	n.	高频	突变，变异	源自拉丁语 mutare（改变）→ 突变	A single gene mutation can sometimes give a plant resistance to a deadly disease.	单个基因突变有时能让植物对致命病害产生抗性。		https://www.leonwang.cc/ielts-vocab/data-2.js?v=20260618-1
2	植物研究	15	variation	/ˌveəriˈeɪʃən/	n.	核心	变种；变异	vary（变化）+ ation（名词后缀）→ 变异	Natural variation in leaf shape helps botanists identify different tree types.	叶片形状的自然变异有助于植物学家辨认不同的树种。		https://www.leonwang.cc/ielts-vocab/data-2.js?v=20260618-1
2	植物研究	16	diversity	/daɪˈvɜːsɪti/	n.	核心	多样性	diverse（不同的）+ ity（性质）→ 多样性	The diversity of plants in a rainforest is far greater than in any other land habitat.	雨林里的植物多样性远高于任何其他陆地栖息地。		https://www.leonwang.cc/ielts-vocab/data-2.js?v=20260618-1
2	植物研究	17	hybridisation	/haɪˌbrɪdaɪˈzeɪʃən/	n.	识记	杂交	hybrid（杂种）+ isation（过程）→ 杂交	Hybridisation of wild and farmed rice has created stronger and more productive varieties.	野生稻与栽培稻的杂交已经创造出更强壮、更高产的品种。		https://www.leonwang.cc/ielts-vocab/data-2.js?v=20260618-1
2	植物研究	18	classify	/ˈklæsɪfaɪ/	v.	核心	分类	class（类别）+ ify（动词后缀）→ 分类	Scientists classify flowering plants into more than 300 families.	科学家把开花植物分为三百多个科。		https://www.leonwang.cc/ielts-vocab/data-2.js?v=20260618-1
2	植物研究	19	reproduce	/ˌriːprəˈdjuːs/	v.	核心	繁殖	re（再）+ produce（产生）→ 繁殖	Many plants can reproduce both by seeds and by sending out shoots.	许多植物既可以通过种子繁殖，也可以通过抽出新芽来繁殖。		https://www.leonwang.cc/ielts-vocab/data-2.js?v=20260618-1
2	植物研究	20	evolve	/ɪˈvɒlv/	v.	核心	进化；（使）发展	e（向外）+ volve（滚；转）→ 向外展开 → 进化	Over millions of years, some ferns evolved into towering trees.	经过数百万年，一些蕨类植物进化成了高大的乔木。		https://www.leonwang.cc/ielts-vocab/data-2.js?v=20260618-1
2	植物研究	21	fluctuate	/ˈflʌktʃueɪt/	v.	高频	波动，起伏	源自拉丁语 fluctus（波浪）→ 波动	Crop prices tend to fluctuate greatly depending on the weather.	作物价格往往会因天气原因大幅波动。		https://www.leonwang.cc/ielts-vocab/data-2.js?v=20260618-1
2	植物研究	22	reclaim	/rɪˈkleɪm/	v.	高频	开垦，开拓，利用	re（回）+ claim（喊；索取）→ 收回 → 开垦	Local farmers worked together to reclaim the marshland for rice planting.	当地农民齐心协力开垦沼泽地用于种植水稻。		https://www.leonwang.cc/ielts-vocab/data-2.js?v=20260618-1
2	植物研究	23	cultivate	/ˈkʌltɪveɪt/	v.	核心	耕作；培养	源自拉丁语 cultivare（耕种）→ 耕作	It takes years of effort to cultivate a healthy and productive orchard.	要花数年时间才能培育出一片健康高产的果园。		https://www.leonwang.cc/ielts-vocab/data-2.js?v=20260618-1
2	植物研究	24	sow	/səʊ/	v.	高频	播种	源自古英语 sāwan（播种）→ 播种	The best time to sow carrot seeds outdoors is late spring.	胡萝卜种子最佳的户外播种时间是春末。		https://www.leonwang.cc/ielts-vocab/data-2.js?v=20260618-1
2	植物研究	25	harvest	/ˈhɑːvɪst/	v.	核心	收割	源自古英语 hærfest（秋天；收获期）→ 收割	They hire extra workers every autumn to harvest the apple crop.	他们每年秋天都额外雇人收割苹果。		https://www.leonwang.cc/ielts-vocab/data-2.js?v=20260618-1
2	植物研究	26	pluck	/plʌk/	v.	高频	采，摘	源自古英语 pluccian（拔）→ 采摘	She carefully plucked a few ripe strawberries and placed them in her basket.	她小心地摘下几颗熟透的草莓放进篮子里。		https://www.leonwang.cc/ielts-vocab/data-2.js?v=20260618-1
2	植物研究	27	pick	/pɪk/	v.	核心	拾；摘	源自古英语 pician（捡；摘）→ 拾；摘	We went to the farm to pick fresh berries for the family picnic.	我们去了农场采摘新鲜浆果，为家庭野餐做准备。		https://www.leonwang.cc/ielts-vocab/data-2.js?v=20260618-1
2	植物研究	28	yield	/jiːld/	v.	核心	出产；屈服	源自古英语 gieldan（支付；产出）→ 出产	With good rainfall, the land can yield two full harvests in a single year.	雨水充足的话，这块地一年能产出两季收成。		https://www.leonwang.cc/ielts-vocab/data-2.js?v=20260618-1
2	植物研究	29	rear	/rɪə/	v.	高频	培养，抚养；饲养	源自古英语 rǣran（举起；养育）→ 饲养	The family rears a small herd of goats on the hills behind their house.	这家人在屋后的山上饲养了一小群山羊。		https://www.leonwang.cc/ielts-vocab/data-2.js?v=20260618-1
2	植物研究	30	arable	/ˈærəbəl/	adj.	高频	适于耕种的	源自拉丁语 arare（犁地）→ 适于耕种的	Only a small fraction of the country's land is arable and suitable for wheat.	该国只有一小部分土地适合耕种小麦。		https://www.leonwang.cc/ielts-vocab/data-2.js?v=20260618-1
2	植物研究	31	plough	/plaʊ/	n.	高频	犁	源自古英语 plōg（犁）→ 犁	The old wooden plough was replaced by a modern steel one last season.	上个季节，那把旧木犁被现代钢犁取代了。		https://www.leonwang.cc/ielts-vocab/data-2.js?v=20260618-1
2	植物研究	32	spade	/speɪd/	n.	低频	铲，锹	源自古英语 spadu（铲子）→ 铲	He used a sharp spade to dig neat rows for the vegetable seeds.	他用一把锋利的铲子为蔬菜种子挖出了整齐的垄沟。		https://www.leonwang.cc/ielts-vocab/data-2.js?v=20260618-1
2	植物研究	33	rake	/reɪk/	n.	低频	耙子	源自古诺斯语 reka（耙）→ 耙子	Leaves covered the lawn, so she took out the rake and began clearing them away.	草坪上铺满了落叶，她便拿出耙子开始清理。		https://www.leonwang.cc/ielts-vocab/data-2.js?v=20260618-1
2	植物研究	34	stack	/stæk/	n.	高频	堆，垛	源自古诺斯语 stakkr（堆）→ 堆	A tall stack of firewood stood ready beside the barn for winter.	谷仓旁整齐地堆着一大堆劈好的柴，供冬天使用。		https://www.leonwang.cc/ielts-vocab/data-2.js?v=20260618-1
2	植物研究	35	heap	/hiːp/	n.	高频	（大而杂乱的）堆	源自古英语 hēap（堆）→ 堆	A heap of fallen apples lay under the old tree, attracting wasps.	老树下堆着大堆落果，引来许多黄蜂。		https://www.leonwang.cc/ielts-vocab/data-2.js?v=20260618-1
2	植物研究	36	bundle	/ˈbʌndl/	n.	高频	捆，包，束	源自古英语 byndele（捆绑）→ 捆	She tied the dried herbs into small bundles and hung them in the kitchen.	她把干草药扎成小捆，挂在厨房里。		https://www.leonwang.cc/ielts-vocab/data-2.js?v=20260618-1
2	植物研究	37	bunch	/bʌntʃ/	n.	高频	一束（花），一串（钥匙）	可能源自中古英语 bunche（捆）→ 一束	He arrived at the door with a bunch of wildflowers he had picked along the path.	他捧着一扎沿路采来的野花来到门前。		https://www.leonwang.cc/ielts-vocab/data-2.js?v=20260618-1
2	植物研究	38	vase	/vɑːz/	n.	低频	瓶，花瓶	源自法语 vase（花瓶）→ 花瓶	She placed the tulips in a tall glass vase on the dining table.	她把郁金香插在餐桌上一只高高的玻璃花瓶里。		https://www.leonwang.cc/ielts-vocab/data-2.js?v=20260618-1
2	植物研究	39	sunlight	/ˈsʌnlaɪt/	n.	核心	阳光	sun（太阳）+ light（光）→ 阳光	The seedlings need at least six hours of direct sunlight daily.	秧苗每天至少需要六小时直射阳光。		https://www.leonwang.cc/ielts-vocab/data-2.js?v=20260618-1
2	植物研究	40	short-day	/ˈʃɔːt deɪ/	adj.	识记	短日照的	short（短）+ day（日）→ 短日照的	Chrysanthemums are short-day plants that only bloom when nights grow longer.	菊花是短日照植物，只有当夜晚变长时才会开花。		https://www.leonwang.cc/ielts-vocab/data-2.js?v=20260618-1
2	植物研究	41	shade-tolerant	/ˈʃeɪdˌtɒlərənt/	adj.	识记	耐阴的	shade（阴凉）+ tolerant（忍受的）→ 耐阴的	Ferns are shade-tolerant and can thrive under the thick canopy of the forest.	蕨类植物耐阴，能在茂密的森林树冠下茂盛生长。		https://www.leonwang.cc/ielts-vocab/data-2.js?v=20260618-1
2	植物研究	42	fungus	/ˈfʌŋɡəs/	n.	高频	真菌	源自拉丁语 fungus（蘑菇）→ 真菌	A strange orange fungus began growing on the old wooden fence post.	一根旧木栅栏柱上长出了奇怪的橙色真菌。		https://www.leonwang.cc/ielts-vocab/data-2.js?v=20260618-1
2	植物研究	43	mould	/məʊld/	n.	高频	霉菌	可能源自古诺斯语 mygla（发霉）→ 霉菌	Bread left in a warm, damp place will quickly grow mould.	面包放在温暖潮湿的地方很快就会长出霉菌。		https://www.leonwang.cc/ielts-vocab/data-2.js?v=20260618-1
2	植物研究	44	pollen	/ˈpɒlən/	n.	高频	花粉	源自拉丁语 pollen（细粉）→ 花粉	Bees carry pollen from blossom to blossom, helping trees produce fruit.	蜜蜂在花朵间传播花粉，帮助果树结出果实。		https://www.leonwang.cc/ielts-vocab/data-2.js?v=20260618-1
2	植物研究	45	germinate	/ˈdʒɜːmɪneɪt/	v.	高频	（使）发芽；开始生长	源自拉丁语 germinare（发芽）→ 发芽	The seeds need warmth and moisture to germinate indoors before spring arrives.	这些种子需要在春天到来前在室内靠温暖和湿气发芽。		https://www.leonwang.cc/ielts-vocab/data-2.js?v=20260618-1
2	植物研究	46	seed	/siːd/	n.	核心	种子，籽；萌芽	源自古英语 sǣd（种子）→ 种子	She saved some seeds from last year's best tomatoes to plant again.	她从去年最好的番茄里留了一些种子以便再次种植。		https://www.leonwang.cc/ielts-vocab/data-2.js?v=20260618-1
2	植物研究	47	burgeon	/ˈbɜːdʒən/	n.	低频	嫩枝，新芽	源自古法语 burjon（嫩芽）→ 嫩枝	Tiny burgeons appeared on the willow branches just days after the frost ended.	霜冻刚过去几天，柳树枝上就冒出了小小的新芽。		https://www.leonwang.cc/ielts-vocab/data-2.js?v=20260618-1
2	植物研究	48	bud	/bʌd/	n.	高频	芽，苞，蓓蕾	可能源自中古英语 budde（芽）→ 蓓蕾	The rose buds begin to open in May, filling the garden with their scent.	玫瑰花蕾五月开始绽放，让花园充满芬芳。		https://www.leonwang.cc/ielts-vocab/data-2.js?v=20260618-1
2	植物研究	49	flower	/ˈflaʊə/	v.	核心	开花	源自拉丁语 flos（花）→ 开花	These bulbs flower in late spring, producing bright red petals.	这些球茎植物迟至春末开花，开出鲜红花瓣。		https://www.leonwang.cc/ielts-vocab/data-2.js?v=20260618-1
2	植物研究	50	blossom	/ˈblɒsəm/	v.	高频	开花	源自古英语 blōstm（花）→ 开花	The park's cherry trees blossom in early April, drawing large crowds.	公园的樱花树在四月初开花，吸引了大批游客。		https://www.leonwang.cc/ielts-vocab/data-2.js?v=20260618-1
2	植物研究	51	bloom	/bluːm/	n.	高频	花朵	源自古诺斯语 blóm（花）→ 花朵	The daisies are now in full bloom across the meadow.	草地上雏菊正盛开着。		https://www.leonwang.cc/ielts-vocab/data-2.js?v=20260618-1
2	植物研究	52	scent	/sent/	n.	高频	气味；香味	源自拉丁语 sentire（感觉到）→ 气味	The sweet scent of fresh lavender drifted through the open window.	新鲜薰衣草的甜香从敞开的窗户飘进来。		https://www.leonwang.cc/ielts-vocab/data-2.js?v=20260618-1
2	植物研究	53	aromatic	/ˌærəˈmætɪk/	adj.	高频	芳香的	源自希腊语 aroma（香料）→ 芳香的	Basil and mint are aromatic plants used to add flavour to many dishes.	罗勒和薄荷是芳香植物，被用来为许多菜肴增添风味。		https://www.leonwang.cc/ielts-vocab/data-2.js?v=20260618-1
2	植物研究	54	ripen	/ˈraɪpən/	v.	高频	（使）成熟	ripe（成熟的）+ en（动词后缀）→ 成熟	Tomatoes need plenty of sun to ripen fully on the vine.	番茄需要充足的阳光才能在藤上完全成熟。		https://www.leonwang.cc/ielts-vocab/data-2.js?v=20260618-1
2	植物研究	55	fruit	/fruːt/	v.	核心	结果实	源自拉丁语 fructus（果实）→ 结果实	The pear tree has fruited well this year, its branches bending low.	今年梨树果实累累，树枝都被压弯了。		https://www.leonwang.cc/ielts-vocab/data-2.js?v=20260618-1
2	植物研究	56	wither	/ˈwɪðə/	v.	高频	（使）枯萎	源自古英语 wiðerian（枯萎）→ 枯萎	The long hot summer caused many garden plants to wither before they could bloom.	漫长炎热的夏天让许多花园植物还没来得及开花就枯萎了。		https://www.leonwang.cc/ielts-vocab/data-2.js?v=20260618-1
2	植物研究	57	decompose	/ˌdiːkəmˈpəʊz/	v.	高频	（使）分解；（使）腐烂	de（非，相反）+ compose（组成）→ 分解	Fall leaves decompose on the forest floor, returning nutrients to the soil.	秋叶在森林地面腐烂分解，把养分归还给土壤。		https://www.leonwang.cc/ielts-vocab/data-2.js?v=20260618-1
2	植物研究	58	rot	/rɒt/	v.	高频	（使）腐烂	源自古英语 rotian（腐烂）→ 腐烂	Too much water in the pot caused the orchid roots to rot.	花盆里积水过多导致兰花根部腐烂。		https://www.leonwang.cc/ielts-vocab/data-2.js?v=20260618-1
2	植物研究	59	decay	/dɪˈkeɪ/	v.	高频	腐烂	de（向下）+ cay（掉落）→ 腐烂	The old tree stump began to decay, slowly turning into soft wood.	那棵老树桩开始腐烂，慢慢变成了松软的木材。		https://www.leonwang.cc/ielts-vocab/data-2.js?v=20260618-1
2	植物研究	60	stale	/steɪl/	adj.	高频	不新鲜的；陈腐的	可能源自古法语 estale（陈旧的）→ 不新鲜的	The seeds had gone stale and would no longer sprout, no matter how much water they got.	这些种子已经陈了，不论浇多少水都不会再发芽。		https://www.leonwang.cc/ielts-vocab/data-2.js?v=20260618-1
2	植物研究	61	rainforest	/ˈreɪnˌfɒrɪst/	n.	核心	雨林	rain（雨）+ forest（森林）→ 雨林	The Amazon rainforest is home to countless plant species yet to be studied.	亚马逊雨林是无数尚待研究的植物物种的家园。		https://www.leonwang.cc/ielts-vocab/data-2.js?v=20260618-1
2	植物研究	62	jungle	/ˈdʒʌŋɡəl/	n.	高频	（热带）丛林，密林	源自印地语 jangal（荒野）→ 丛林	Thick jungle vines made it almost impossible to walk without a machete.	茂密的丛林藤蔓让人几乎无法在没有砍刀的情况下行走。		https://www.leonwang.cc/ielts-vocab/data-2.js?v=20260618-1
2	植物研究	63	plantation	/plænˈteɪʃən/	n.	高频	种植园；栽植	plant（种植）+ ation（地点）→ 种植园	The old tea plantation on the hillside still produces some of the finest leaves in the region.	山坡上的老茶园仍然出产该地区最好的茶叶。		https://www.leonwang.cc/ielts-vocab/data-2.js?v=20260618-1
2	植物研究	64	field	/fiːld/	n.	核心	原野；场地；野外	源自古英语 feld（田野）→ 原野	The wheat field stretched so far that the golden stalks seemed to meet the sky.	麦田一望无际，金色的麦秆仿佛与天空相接。		https://www.leonwang.cc/ielts-vocab/data-2.js?v=20260618-1
2	植物研究	65	terrace	/ˈterəs/	n.	高频	梯田	源自拉丁语 terra（土地）→ 梯田	Rice grows on narrow terraces cut into the steep green hillsides.	稻谷生长在陡峭绿山坡上开垦出的狭长梯田里。		https://www.leonwang.cc/ielts-vocab/data-2.js?v=20260618-1
2	植物研究	66	timber	/ˈtɪmbə/	n.	核心	木材，木料；林木	源自古英语 timber（木材）→ 木材	The forest provides high-quality timber for local furniture makers.	这片森林为当地家具制作者提供优质木材。		https://www.leonwang.cc/ielts-vocab/data-2.js?v=20260618-1
2	植物研究	67	charcoal	/ˈtʃɑːkəʊl/	n.	高频	木炭	char（烧焦）+ coal（煤）→ 木炭	In some villages, people still burn charcoal for cooking and heating.	在一些村子里，人们仍然烧木炭做饭取暖。		https://www.leonwang.cc/ielts-vocab/data-2.js?v=20260618-1
2	植物研究	68	log	/lɒɡ/	n.	高频	原木；（航海、飞行）日志	可能源自古诺斯语 lág（倒下的树）→ 原木	They floated the logs down the river to the sawmill.	他们顺流漂浮着原木运往锯木厂。		https://www.leonwang.cc/ielts-vocab/data-2.js?v=20260618-1
2	植物研究	69	logo	/ˈlɒɡəʊ/	n.	核心	标识，标志，徽标	源自希腊语 logos（字；话语）→ 标识	The environmental group chose a green leaf as its logo to show its mission.	那个环保组织选用一片绿叶作为标志，以体现其使命。		https://www.leonwang.cc/ielts-vocab/data-2.js?v=20260618-1
2	植物研究	70	forestry	/ˈfɒrɪstri/	n.	高频	林学；林业	forest（森林）+ ry（行业）→ 林业	Sustainable forestry practices help protect forests for future generations.	可持续的林业做法有助于为后代保护森林。		https://www.leonwang.cc/ielts-vocab/data-2.js?v=20260618-1
2	植物研究	71	branch	/brɑːntʃ/	n.	核心	树枝；分支机构	源自古法语 branche（树枝）→ 树枝	A small bird built its nest in the fork of a low branch.	一只小鸟在一根低矮树枝的分叉处筑了巢。		https://www.leonwang.cc/ielts-vocab/data-2.js?v=20260618-1
2	植物研究	72	trunk	/trʌŋk/	n.	高频	树干；躯干；大箱子	源自拉丁语 truncus（被砍掉的树枝；树干）→ 树干	The ancient oak had a trunk so wide that three children could not wrap their arms around it.	那棵古橡树的树干粗得三个孩子都合抱不过来。		https://www.leonwang.cc/ielts-vocab/data-2.js?v=20260618-1
2	植物研究	73	bough	/baʊ/	n.	低频	大树枝	源自古英语 bōg（树枝）→ 大树枝	A heavy bough broke off during the storm and crashed onto the garden shed.	暴风雨中一根沉重的大树枝折断，砸在了花园棚屋上。		https://www.leonwang.cc/ielts-vocab/data-2.js?v=20260618-1
2	植物研究	74	root	/ruːt/	n.	核心	根	源自古诺斯语 rót（根）→ 根	Strong roots help trees survive strong winds and dry spells.	强壮的根系帮助树木抵御强风和干旱。		https://www.leonwang.cc/ielts-vocab/data-2.js?v=20260618-1
2	植物研究	75	hay	/heɪ/	n.	高频	干草	源自古英语 hēg（干草）→ 干草	After cutting the grass, they left it in the sun to dry into hay.	割完草后，他们把草留在阳光下晒成干草。		https://www.leonwang.cc/ielts-vocab/data-2.js?v=20260618-1
2	植物研究	76	straw	/strɔː/	n.	高频	稻草，麦秆；吸管	源自古英语 strēaw（稻草）→ 稻草	The stable floor was covered with fresh straw to keep the horses dry.	马厩地板上铺着新鲜稻草，让马匹保持干爽。		https://www.leonwang.cc/ielts-vocab/data-2.js?v=20260618-1
2	植物研究	77	reed	/riːd/	n.	低频	芦苇	源自古英语 hrēod（芦苇）→ 芦苇	Tall reeds grew along the marshy edges of the lake, hiding the waterbirds.	高大的芦苇长在湖泊的沼泽边缘，藏住了水鸟。		https://www.leonwang.cc/ielts-vocab/data-2.js?v=20260618-1
2	植物研究	78	thorn	/θɔːn/	n.	高频	刺，棘刺；荆棘	源自古英语 þorn（刺）→ 刺	Be careful of the thorns when you pick those wild roses.	摘那些野玫瑰时小心荆棘刺。		https://www.leonwang.cc/ielts-vocab/data-2.js?v=20260618-1
2	植物研究	79	weed	/wiːd/	n.	高频	杂草	源自古英语 wēod（野草）→ 杂草	She spent the morning pulling out weeds that had taken over the vegetable patch.	她花了一上午清除已经占满菜地的杂草。		https://www.leonwang.cc/ielts-vocab/data-2.js?v=20260618-1
2	植物研究	80	grass	/ɡrɑːs/	n.	核心	草；草地	源自古英语 græs（草）→ 草	Morning dew sparkled on every blade of grass in the meadow.	晨露在草地的每片草叶上闪闪发光。		https://www.leonwang.cc/ielts-vocab/data-2.js?v=20260618-1
2	植物研究	81	meadow	/ˈmedəʊ/	n.	高频	草地；牧场	源自古英语 mǣdwe（牧场）→ 草地	Sheep grazed peacefully across the wide green meadow, knee-deep in wildflowers.	羊群在宽阔的绿草地上安静地吃草，野花没过膝间。		https://www.leonwang.cc/ielts-vocab/data-2.js?v=20260618-1
2	植物研究	82	lawn	/lɔːn/	n.	高频	草地，草坪	源自古法语 lande（荒地）→ 草坪	The garden had a neat green lawn where children could play safely.	花园里有一片整洁的绿草坪，孩子们可以安全玩耍。		https://www.leonwang.cc/ielts-vocab/data-2.js?v=20260618-1
2	植物研究	83	olive	/ˈɒlɪv/	n.	高频	橄榄；橄榄树	源自希腊语 elaia（橄榄）→ 橄榄	The ancient olive trees on the hillside are said to be over a thousand years old.	山坡上那些古老的橄榄树据说已有上千年树龄。		https://www.leonwang.cc/ielts-vocab/data-2.js?v=20260618-1
2	植物研究	84	pine	/paɪn/	n.	高频	松树；松木	源自拉丁语 pinus（松树）→ 松树	A line of tall pine trees protected the farmhouse from the cold north wind.	一排高大的松树保护农舍免受北方寒风侵袭。		https://www.leonwang.cc/ielts-vocab/data-2.js?v=20260618-1
2	植物研究	85	vine	/vaɪn/	n.	高频	葡萄藤	源自拉丁语 vinea（葡萄园）→ 葡萄藤	The vine climbed all the way up to the balcony, loaded with purple grapes.	葡萄藤一直爬到阳台上，挂满了紫葡萄。		https://www.leonwang.cc/ielts-vocab/data-2.js?v=20260618-1
2	植物研究	86	violet	/ˈvaɪələt/	n.	低频	紫罗兰	源自拉丁语 viola（紫罗兰）→ 紫罗兰	Little violets appeared in the shade of the trees, adding colour to the woodland floor.	小紫罗兰在树荫下出现，为林地铺上一层色彩。		https://www.leonwang.cc/ielts-vocab/data-2.js?v=20260618-1
2	植物研究	87	tulip	/ˈtjuːlɪp/	n.	低频	郁金香	源自土耳其语 tülbent（头巾）→ 郁金香（花形似头巾）	Rows of red and yellow tulips lined the path to the old windmill.	红黄相间的郁金香成行排列在通往老风车的小路旁。		https://www.leonwang.cc/ielts-vocab/data-2.js?v=20260618-1
2	植物研究	88	mint	/mɪnt/	n.	高频	薄荷；铸币厂	源自希腊语 minthē（薄荷）→ 薄荷	A few leaves of fresh mint can make a simple cup of tea taste special.	几片新鲜薄荷叶就能让一杯简单的茶变得与众不同。		https://www.leonwang.cc/ielts-vocab/data-2.js?v=20260618-1
2	植物研究	89	reef	/riːf/	n.	高频	（暗）礁，礁脉	可能源自古诺斯语 rif（暗礁）→ 礁石	The coral reef shelters thousands of tiny sea creatures among its colourful branches.	珊瑚礁在它色彩斑斓的分枝间庇护了成千上万微小海洋生物。		https://www.leonwang.cc/ielts-vocab/data-2.js?v=20260618-1
2	植物研究	90	alga	/ˈælɡə/	n.	识记	海藻，藻	源自拉丁语 alga（海藻）→ 藻类	Tiny green alga covered the surface of the pond, turning the water bright green.	微小的绿藻覆盖了池塘表面，把水染成鲜绿色。		https://www.leonwang.cc/ielts-vocab/data-2.js?v=20260618-1
2	植物研究	91	enzyme	/ˈenzaɪm/	n.	高频	酶	en（在…里）+ zyme（酵母）→ 酶	Some fruits contain enzymes that help break down tough meat fibres.	一些水果含有能帮助分解坚韧肉纤维的酶。		https://www.leonwang.cc/ielts-vocab/data-2.js?v=20260618-1
2	植物研究	92	catalyst	/ˈkætəlɪst/	n.	高频	催化剂；促进因素	cata（向下）+ lyst（松开）→ 催化剂	The new environmental law served as a catalyst for cleaner farming methods.	新环境法成了推广更清洁耕作方式的催化剂。		https://www.leonwang.cc/ielts-vocab/data-2.js?v=20260618-1
2	植物研究	93	release	/rɪˈliːs/	v.	核心	释放；发布	re（回）+ lease（松开）→ 释放	Trees release oxygen back into the air, which is vital for all animals.	树木把氧气释放回空气中，这对所有动物都至关重要。		https://www.leonwang.cc/ielts-vocab/data-2.js?v=20260618-1
2	植物研究	94	emission	/ɪˈmɪʃən/	n.	核心	排放，散发；排放物	e（向外）+ mit（送）+ sion → 排放	The country agreed to cut its carbon emissions by planting more forests.	该国同意通过种植更多森林来减少碳排放。		https://www.leonwang.cc/ielts-vocab/data-2.js?v=20260618-1
2	植物研究	95	absorb	/əbˈsɔːb/	v.	核心	吸收；吸引全部注意力	ab（离开）+ sorb（吸）→ 吸收	The thick layer of dead leaves slowly absorbed the heavy rain, preventing floods.	厚厚一层落叶慢慢吸收了大雨，避免了洪水。		https://www.leonwang.cc/ielts-vocab/data-2.js?v=20260618-1
2	植物研究	96	circulation	/ˌsɜːkjʊˈleɪʃən/	n.	高频	流通；循环；流传	circul（圆环）+ ation → 循环	Good air circulation inside a greenhouse helps prevent fungal diseases on plants.	温室内良好的空气流通有助于预防植物真菌病害。		https://www.leonwang.cc/ielts-vocab/data-2.js?v=20260618-1
2	植物研究	97	exceed	/ɪkˈsiːd/	v.	核心	超过	ex（向外）+ ceed（走）→ 超过	The high summer temperatures exceeded what the delicate seedlings could bear.	夏季高温超过了这些娇嫩幼苗能承受的限度。		https://www.leonwang.cc/ielts-vocab/data-2.js?v=20260618-1
2	植物研究	98	uptake	/ˈʌpteɪk/	n.	高频	摄取；领会	up（向上）+ take（拿）→ 摄取	Adding organic matter improves the plant's uptake of nutrients from the soil.	添加有机物质能促进植物从土壤中摄取养分。		https://www.leonwang.cc/ielts-vocab/data-2.js?v=20260618-1
2	植物研究	99	nutrient	/ˈnjuːtriənt/	n.	核心	营养物质	nutri（滋养）+ ent（物质）→ 营养物质	The vegetable plants turned yellow because the soil lacked key nutrients.	蔬菜变黄了，因为土壤缺乏关键营养物质。		https://www.leonwang.cc/ielts-vocab/data-2.js?v=20260618-1
2	植物研究	100	energy	/ˈenədʒi/	n.	核心	能源；精力	en（在…里）+ erg（工作）+ y → 能量	Sunlight provides the energy that plants need to turn water and air into food.	阳光提供了植物将水和空气转化成食物所需的能量。		https://www.leonwang.cc/ielts-vocab/data-2.js?v=20260618-1
2	植物研究	101	surroundings	/səˈraʊndɪŋz/	n.	核心	环境	surround（围绕）+ ings（复数名词）→ 环境	The plant quickly adapts its leaf shape to its immediate surroundings.	这种植物会根据所处环境迅速调整叶片形状。		https://www.leonwang.cc/ielts-vocab/data-2.js?v=20260618-1
2	植物研究	102	mechanism	/ˈmekənɪzəm/	n.	核心	机制；构造	源自希腊语 mēkhanē（机器）→ 机制	Scientists are still studying the cellular mechanism by which roots detect water.	科学家仍在研究根系探测水分的细胞机制。		https://www.leonwang.cc/ielts-vocab/data-2.js?v=20260618-1
2	植物研究	103	counterbalance	/ˌkaʊntəˈbæləns/	n.	高频	起平衡作用的事物	counter（对抗）+ balance（平衡）→ 抵消	The growth of new leaves serves as a natural counterbalance to the loss of old ones.	新叶的生长是对老叶损失的天然平衡。		https://www.leonwang.cc/ielts-vocab/data-2.js?v=20260618-1
2	植物研究	104	protect	/prəˈtekt/	v.	核心	保护	pro（前）+ tect（盖）→ 保护	Thick bark protects the inner tree from insect damage and extreme cold.	厚实的树皮保护树干内部免受虫害和极寒侵袭。		https://www.leonwang.cc/ielts-vocab/data-2.js?v=20260618-1
2	植物研究	105	preserve	/prɪˈzɜːv/	v.	核心	保护；维持（原状）；保存	pre（预先）+ serve（保持）→ 保护	The national park was set up to preserve the unique flora of the region.	这个国家公园的建立是为了保护该地区独特的植物群。		https://www.leonwang.cc/ielts-vocab/data-2.js?v=20260618-1
2	植物研究	106	conservation	/ˌkɒnsəˈveɪʃən/	n.	核心	保护；保存	conserv（保存）+ ation → 保护	Water conservation is critical for farming in dry regions.	水资源保护对于干旱地区的农业至关重要。		https://www.leonwang.cc/ielts-vocab/data-2.js?v=20260618-1
2	植物研究	107	bush fire	/ˈbʊʃ faɪə/	n.	识记	林区大火	bush（灌木丛）+ fire（火）→ 林区大火	The bush fire swept through the dry grass and destroyed several old olive trees.	林区大火席卷了干草地，毁掉了几棵老橄榄树。		https://www.leonwang.cc/ielts-vocab/data-2.js?v=20260618-1
2	植物研究	108	extinguish	/ɪkˈstɪŋɡwɪʃ/	v.	高频	扑灭（火）；使破灭	ex（向外）+ tingu（熄灭）+ ish → 扑灭	Firefighters worked for hours to extinguish the flames threatening the pine forest.	消防员奋战数小时才扑灭威胁松林的火焰。		https://www.leonwang.cc/ielts-vocab/data-2.js?v=20260618-1
2	植物研究	109	destruct	/dɪˈstrʌkt/	v.	高频	（使）自毁	de（除去）+ struct（建造）→ 毁灭	The virus caused the infected plant cells to self-destruct.	病毒导致受感染的植物细胞自毁。		https://www.leonwang.cc/ielts-vocab/data-2.js?v=20260618-1
2	植物研究	110	ruin	/ˈruːɪn/	v.	核心	毁坏	源自拉丁语 ruina（倒塌）→ 毁坏	A late spring frost ruined the entire year's apple crop.	一场晚春霜冻毁了整年的苹果收成。		https://www.leonwang.cc/ielts-vocab/data-2.js?v=20260618-1
2	植物研究	111	perish	/ˈperɪʃ/	v.	高频	毁灭，消亡；腐烂	源自拉丁语 perire（死去）→ 消亡	Many seedlings perished in the unexpected heatwave before they could be transplanted.	许多秧苗在移栽前就在突如其来的热浪中死去了。		https://www.leonwang.cc/ielts-vocab/data-2.js?v=20260618-1
2	植物研究	112	demolish	/dɪˈmɒlɪʃ/	v.	高频	拆除；毁坏	de（向下）+ mol（堆）+ ish → 拆毁	The old greenhouse was demolished to make space for a larger community garden.	旧温室被拆除，为更大的社区花园腾出空间。		https://www.leonwang.cc/ielts-vocab/data-2.js?v=20260618-1
2	植物研究	113	infringe	/ɪnˈfrɪndʒ/	v.	高频	侵犯；违反	in（入）+ fringe（边缘）→ 破坏边缘 → 侵犯	The new housing development would infringe on the protected forest area.	新住宅开发将侵占受保护的森林区域。		https://www.leonwang.cc/ielts-vocab/data-2.js?v=20260618-1
2	植物研究	114	undermine	/ˌʌndəˈmaɪn/	v.	核心	破坏；逐渐削弱	under（在…下面）+ mine（挖矿）→ 破坏根基	Overuse of chemical fertilisers may undermine the natural fertility of the soil.	过度使用化肥可能会逐渐削弱土壤的自然肥力。		https://www.leonwang.cc/ielts-vocab/data-2.js?v=20260618-1
2	植物研究	115	extinction	/ɪkˈstɪŋkʃən/	n.	核心	灭绝	extinct（灭绝的）+ ion → 灭绝	Several rare orchid species are facing extinction as their rainforest habitat shrinks.	随着雨林栖息地缩小，好几种稀有兰花正面临灭绝。		https://www.leonwang.cc/ielts-vocab/data-2.js?v=20260618-1
2	植物研究	116	pattern	/ˈpætən/	n.	核心	模式；式样；底样	源自拉丁语 patronus（模型）→ 模式	The rings in a tree trunk follow a clear pattern that reflects years of growth.	树干中的年轮遵循清晰的模式，反映了多年的生长状况。		https://www.leonwang.cc/ielts-vocab/data-2.js?v=20260618-1
2	植物研究	117	outcome	/ˈaʊtkʌm/	n.	核心	结果	out（出来）+ come（来到）→ 结果	The final outcome of the experiment showed that the new rice variety needed far less water.	实验的最终结果表明，这种新水稻品种所需的水量要少得多。		https://www.leonwang.cc/ielts-vocab/data-2.js?v=20260618-1
2	植物研究	118	impact	/ˈɪmpækt/	n.	核心	影响	im（入）+ pact（紧压）→ 影响	The introduction of foreign insects had a severe impact on the local plants.	外来昆虫的引入对当地植物造成了严重影响。		https://www.leonwang.cc/ielts-vocab/data-2.js?v=20260618-1
2	植物研究	119	seasonal	/ˈsiːzənəl/	adj.	核心	季节性的	season（季节）+ al（形容词）→ 季节性的	The river's flow is highly seasonal, swelling with snow melt in spring.	这条河的流量季节性很强，春天融雪时会上涨。		https://www.leonwang.cc/ielts-vocab/data-2.js?v=20260618-1
2	植物研究	120	experimental	/ɪkˌsperɪˈmentl/	adj.	高频	实验的；试验性的	experiment（实验）+ al → 实验性的	The experimental farm trials a new kind of wheat that needs no chemical sprays.	这个实验农场正在试种一种无需喷洒化学药剂的新型小麦。		https://www.leonwang.cc/ielts-vocab/data-2.js?v=20260618-1
2	植物研究	121	favourable	/ˈfeɪvərəbl/	adj.	核心	有利的；赞成的	favour（有利于）+ able（能…的）→ 有利的	Warm, moist weather is favourable for the rapid growth of most garden vegetables.	温暖潮湿的天气有利于大多数蔬菜快速生长。		https://www.leonwang.cc/ielts-vocab/data-2.js?v=20260618-1
2	植物研究	122	productive	/prəˈdʌktɪv/	adj.	核心	多产的	product（产品）+ ive → 多产的	With good care, a single tomato plant can be highly productive throughout summer.	在良好照料下，单棵番茄植株整个夏天都能保持高产量。		https://www.leonwang.cc/ielts-vocab/data-2.js?v=20260618-1
2	植物研究	123	effective	/ɪˈfektɪv/	adj.	核心	有效的	effect（效果）+ ive → 有效的	This natural pesticide proved very effective against common garden pests.	这种天然杀虫剂被证明对常见花园害虫非常有效。		https://www.leonwang.cc/ielts-vocab/data-2.js?v=20260618-1
2	植物研究	124	efficient	/ɪˈfɪʃənt/	adj.	核心	效率高的	ef（出）+ fic（做）+ ient → 有效率的	Drip irrigation is a far more efficient way to water crops than flooding fields.	滴灌是一种远比大水漫灌更高效的浇灌作物的方式。		https://www.leonwang.cc/ielts-vocab/data-2.js?v=20260618-1
2	植物研究	125	considerable	/kənˈsɪdərəbəl/	adj.	核心	相当多的	consider（考虑）+ able（能…的）→ 值得考虑的 → 相当多的	A considerable amount of the world's coffee comes from small family farms.	世界上相当大一部分咖啡来自小型家庭农场。		https://www.leonwang.cc/ielts-vocab/data-2.js?v=20260618-1
2	植物研究	126	massive	/ˈmæsɪv/	adj.	核心	巨大的，大规模的	mass（大块）+ ive → 巨大的	The plantation was destroyed by a massive swarm of locusts in just a few days.	几天之内，种植园就被一大群蝗虫毁掉了。		https://www.leonwang.cc/ielts-vocab/data-2.js?v=20260618-1
2	植物研究	127	immense	/ɪˈmens/	adj.	高频	巨大的	im（不）+ mense（测量）→ 无法测量 → 巨大的	The immense forest stretched to the horizon, covering a huge part of the country.	那片广袤的森林一直延伸到地平线，覆盖了该国很大一部分。		https://www.leonwang.cc/ielts-vocab/data-2.js?v=20260618-1
2	植物研究	128	maximal	/ˈmæksɪməl/	adj.	高频	最大的	maxim（最大）+ al → 最大的	The greenhouse is designed to capture maximal sunlight throughout the winter months.	温室被设计成在冬季几个月里能捕获最大量的阳光。		https://www.leonwang.cc/ielts-vocab/data-2.js?v=20260618-1
2	植物研究	129	minimal	/ˈmɪnɪməl/	adj.	高频	最小的，极小的	minim（最小）+ al → 最小的	With minimal water and no fertilisers, this cactus can live for decades.	只需极少的水而且无需肥料，这棵仙人掌就能活几十年。		https://www.leonwang.cc/ielts-vocab/data-2.js?v=20260618-1
2	植物研究	130	optimal	/ˈɒptɪməl/	adj.	核心	最佳的，最理想的	optim（最佳）+ al → 最佳的	A soil temperature around twenty degrees Celsius is optimal for most vegetable seeds.	摄氏二十度左右的土温对大多数蔬菜种子来说是最理想的。		https://www.leonwang.cc/ielts-vocab/data-2.js?v=20260618-1
3	动物保护	1	biologist	/baɪˈblɒdʒɪst/	n.	核心	生物学家		The biologist spent years studying the behavior of marine mammals in their natural habitat.	这位生物学家花了多年时间研究海洋哺乳动物在其自然栖息地中的行为。	派生词：biology (生物学)；biological (生物的)	https://www.leonwang.cc/ielts-vocab/data-3.js?v=20260618-1
3	动物保护	2	zoologist	/zuːˈblɒdʒɪst/	n.	核心	动物学家		As a zoologist, she specializes in the social structure of primate groups.	作为一名动物学家，她专门研究灵长类群体的社会结构。	派生词：zoology (动物学)；zoological (动物学的)	https://www.leonwang.cc/ielts-vocab/data-3.js?v=20260618-1
3	动物保护	3	ecologist	/iˈkɒlədʒɪst/	n.	核心	生态学家		The ecologist warned that deforestation would disrupt the entire ecosystem.	生态学家警告说，砍伐森林会破坏整个生态系统。	派生词：ecology (生态学)；ecological (生态的)	https://www.leonwang.cc/ielts-vocab/data-3.js?v=20260618-1
3	动物保护	4	botanist	/ˈbɒtənɪst/	n.	高频	植物学家		A botanist can identify thousands of plant species by their leaf patterns.	植物学家可以通过叶子的图案识别成千上万种植物。	派生词：botany (植物学)；botanical (植物学的)	https://www.leonwang.cc/ielts-vocab/data-3.js?v=20260618-1
3	动物保护	5	mammal	/ˈmæməl/	n.	核心	哺乳动物		Unlike reptiles, mammals are warm-blooded and usually have hair or fur.	与爬行动物不同，哺乳动物是温血的，通常有毛发或皮毛。	形容词：mammalian	https://www.leonwang.cc/ielts-vocab/data-3.js?v=20260618-1
3	动物保护	6	primate	/ˈpraɪmeɪt/	n.	核心	灵长目动物		Primates, such as chimpanzees and gorillas, have highly developed brains.	灵长类动物，如黑猩猩和大猩猩，拥有高度发达的大脑。	包括人类、猿、猴等	https://www.leonwang.cc/ielts-vocab/data-3.js?v=20260618-1
3	动物保护	7	vertebrate	/ˈvɜːtɪbrət/	n.	核心	脊椎动物		All vertebrates have a backbone, which supports their body structure.	所有脊椎动物都有脊柱，用于支撑身体结构。	反义词：invertebrate (无脊椎动物)	https://www.leonwang.cc/ielts-vocab/data-3.js?v=20260618-1
3	动物保护	8	reptile	/ˈreptaɪl/	n.	高频	爬行动物		Snakes and lizards are reptiles that rely on external heat to regulate their body temperature.	蛇和蜥蜴是依赖外部热量调节体温的爬行动物。	形容词：reptilian	https://www.leonwang.cc/ielts-vocab/data-3.js?v=20260618-1
3	动物保护	9	amphibian	/æmˈfɪbiən/	n.	高频	两栖动物；水陆两用车		Frogs are amphibians, meaning they can live both in water and on land.	青蛙是两栖动物，这意味着它们既能生活在水中也能生活在陆地上。	形容词：amphibious	https://www.leonwang.cc/ielts-vocab/data-3.js?v=20260618-1
3	动物保护	10	carnivore	/ˈkɑːnɪvɔː/	n.	核心	食肉动物	carn（肉）+ vore（吞食）	Lions are apex carnivores, preying on large herbivores like zebras.	狮子是顶级食肉动物，捕食像斑马这样的大型食草动物。	形容词：carnivorous；对比：herbivore (食草动物), omnivore (杂食动物)	https://www.leonwang.cc/ielts-vocab/data-3.js?v=20260618-1
3	动物保护	11	herbivore	/ˈhɜːbɪvɔː/	n.	核心	食草动物		Cows and sheep are herbivores, feeding mainly on grass and plants.	牛和羊是食草动物，主要以草和植物为食。	形容词：herbivorous；对比：carnivore	https://www.leonwang.cc/ielts-vocab/data-3.js?v=20260618-1
3	动物保护	12	creature	/ˈkriːtʃə/	n.	核心	生物，动物		The ocean is home to countless mysterious creatures living in the deep sea.	海洋是无数生活在深海的神秘生物的家园。	同义词：being, organism	https://www.leonwang.cc/ielts-vocab/data-3.js?v=20260618-1
3	动物保护	13	wildlife	/ˈwaɪldlaɪf/	n.	核心	野生动物；野生生物		Protecting wildlife habitats is essential for maintaining biodiversity.	保护野生动物栖息地对于维持生物多样性至关重要。	常见搭配：wildlife conservation (野生动物保护)	https://www.leonwang.cc/ielts-vocab/data-3.js?v=20260618-1
3	动物保护	14	fauna	/ˈfɔːnə/	n.	识记	（尤指某一地区的）动物群		The Galapagos Islands have a unique fauna that cannot be found anywhere else.	加拉帕戈斯群岛拥有其他地方找不到的独特动物群。	对应词：flora (植物群)	https://www.leonwang.cc/ielts-vocab/data-3.js?v=20260618-1
3	动物保护	15	flora	/ˈflɔːrə/	n.	识记	（尤指某一地区的）植物群		The desert flora has adapted to survive with very little water.	沙漠植物群已经适应了在极少水分下生存。	对应词：fauna (动物群)	https://www.leonwang.cc/ielts-vocab/data-3.js?v=20260618-1
3	动物保护	16	species	/ˈspiːʃiːz/	n.	核心	（单复数同形）种，物种		More than a million species of insects have been identified so far.	到目前为止，已经发现了一百多万种昆虫。	单复数同形；常见搭配：endangered species (濒危物种)	https://www.leonwang.cc/ielts-vocab/data-3.js?v=20260618-1
3	动物保护	17	flock	/flɒk/	n.	高频	（羊或鸟）群 v.聚集		A flock of geese flew overhead, heading south for the winter.	一群大雁从头顶飞过，向南前往过冬。	动词用法：Tourists flock to the city every summer.	https://www.leonwang.cc/ielts-vocab/data-3.js?v=20260618-1
3	动物保护	18	herd	/hɜːd/	n.	高频	兽群，畜群		A herd of elephants moved slowly across the savanna.	一群大象缓慢地穿过大草原。	常与 grazing animals 搭配，如 cattle, deer, elephants	https://www.leonwang.cc/ielts-vocab/data-3.js?v=20260618-1
3	动物保护	19	swarm	/swɔːm/	n.	高频	（蜜蜂等昆虫的）一大群；（迅速移动的）人群		A swarm of locusts can destroy entire crops within hours.	一群蝗虫能在几小时内摧毁整片庄稼。	动词用法：The bees swarmed around the hive.	https://www.leonwang.cc/ielts-vocab/data-3.js?v=20260618-1
3	动物保护	20	throng	/θrɒŋ/	n.	低频	人群，一大群人 v.群集		A huge throng gathered in the square to celebrate the victory.	一大群人聚集在广场上庆祝胜利。	同义词：crowd; 常见搭配：be thronged with (挤满)	https://www.leonwang.cc/ielts-vocab/data-3.js?v=20260618-1
3	动物保护	21	crowd	/kraʊd/	n.	核心	人群；观众；一伙人		The crowd cheered as the marathon runner crossed the finish line.	当马拉松选手冲过终点线时，人群欢呼起来。	形容词：crowded (拥挤的)	https://www.leonwang.cc/ielts-vocab/data-3.js?v=20260618-1
3	动物保护	22	beast	/biːst/	n.	高频	兽，野兽；凶残的人，畜生		Legends tell of a terrible beast that dwells in the deep forest.	传说深林中住着一头可怕的野兽。	形容词：beastly	https://www.leonwang.cc/ielts-vocab/data-3.js?v=20260618-1
3	动物保护	23	brute	/bruːt/	n.	高频	粗野的人，残忍的人		The dictator was a brute who showed no mercy to his opponents.	那个独裁者是个残忍的人，对对手毫不留情。	形容词：brutal (残暴的)；名词：brutality	https://www.leonwang.cc/ielts-vocab/data-3.js?v=20260618-1
3	动物保护	24	cruel	/ˈkruːəl/	adj.	核心	残酷的，残忍的，残暴的		It is cruel to keep wild animals in small cages for entertainment.	为了娱乐而把野生动物关在小笼子里是残忍的。	名词：cruelty；反义词：kind	https://www.leonwang.cc/ielts-vocab/data-3.js?v=20260618-1
3	动物保护	25	originate	/əˈrɪdʒɪneɪt/	v.	高频	发源，来自；创始		Many scientific ideas originated from simple observations of nature.	许多科学思想起源于对自然的简单观察。	常见搭配：originate from/in；派生词：origin (起源), original (原始的)	https://www.leonwang.cc/ielts-vocab/data-3.js?v=20260618-1
3	动物保护	26	derive	/dɪˈraɪv/	v.	核心	得到；（使）源自		The English word 'restaurant' derives from a French verb meaning 'to restore'.	英语单词'restaurant'源自一个意为'恢复'的法语动词。	常见搭配：derive from / be derived from	https://www.leonwang.cc/ielts-vocab/data-3.js?v=20260618-1
3	动物保护	27	stem	/stem/	v.	高频	起源于，来自		His fear of water stems from a childhood drowning accident.	他对水的恐惧源于童年时的一次溺水事故。	搭配：stem from；名词词义：茎，梗	https://www.leonwang.cc/ielts-vocab/data-3.js?v=20260618-1
3	动物保护	28	ancestor	/ˈænsəstə/	n.	核心	祖宗，祖先		Scientists believe that humans and chimpanzees share a common ancestor.	科学家认为人类和黑猩猩有共同的祖先。	反义词：descendant；形容词：ancestral	https://www.leonwang.cc/ielts-vocab/data-3.js?v=20260618-1
3	动物保护	29	descendant	/dɪˈsɛndənt/	n.	高频	后裔，后代		The royal descendants still live in the palace today.	王室后裔至今仍住在宫殿里。	动词：descend (下降；传下)；反义词：ancestor	https://www.leonwang.cc/ielts-vocab/data-3.js?v=20260618-1
3	动物保护	30	offspring	/ˈɒfˌsprɪŋ/	n.	核心	（单复数同形）后代，子孙；产物		The female bird feeds her offspring until they are ready to fly.	雌鸟喂养它的后代，直到它们准备好飞翔。	单复数同形；同义词：young, progeny	https://www.leonwang.cc/ielts-vocab/data-3.js?v=20260618-1
3	动物保护	31	subgroup	/ˈsʌbɡruːp/	n.	低频	子群		In the study, the patients were divided into subgroups based on age.	在这项研究中，患者根据年龄被分成子群。	前缀 sub- 表示'下，次'	https://www.leonwang.cc/ielts-vocab/data-3.js?v=20260618-1
3	动物保护	32	feed	/fiːd/	v.	核心	供养；喂，饲养；进食		Farmers feed their cattle with hay during the winter months.	冬季农民用干草喂养他们的牛。	搭配：feed on (以……为食)；名词：food	https://www.leonwang.cc/ielts-vocab/data-3.js?v=20260618-1
3	动物保护	33	breed	/briːd/	v.	核心	饲养；繁殖 n.品种		These dogs were originally bred for hunting in cold climates.	这些狗最初是为在寒冷气候中狩猎而培育的。	名词：breeding (繁殖)；过去式/过去分词：bred	https://www.leonwang.cc/ielts-vocab/data-3.js?v=20260618-1
3	动物保护	34	interbreed	/ˌɪntəˈbriːd/	v.	低频	（使）品种间杂交，（使）生混种		Wolves and domestic dogs can interbreed and produce fertile offspring.	狼和家犬可以杂交并产生可育的后代。	前缀 inter- (之间) + breed	https://www.leonwang.cc/ielts-vocab/data-3.js?v=20260618-1
3	动物保护	35	hybridise	/ˈhaɪbrɪdaɪz/	v.	低频	（使）杂交		Gardeners often hybridise different rose varieties to create new colors.	园丁经常将不同的玫瑰品种杂交以创造新的颜色。	名词：hybrid (杂种)；美式拼写：hybridize	https://www.leonwang.cc/ielts-vocab/data-3.js?v=20260618-1
3	动物保护	36	proliferate	/prəˈlɪfəreɪt/	v.	高频	迅速增殖；剧增		Without natural predators, the rabbit population proliferated rapidly.	没有天敌，兔子的数量迅速剧增。	名词：proliferation (激增)	https://www.leonwang.cc/ielts-vocab/data-3.js?v=20260618-1
3	动物保护	37	sterility	/stəˈrɪlɪti/	n.	低频	不生育		The pollution caused sterility in many fish species living in the river.	污染导致河中许多鱼类不生育。	形容词：sterile (不育的；无菌的)	https://www.leonwang.cc/ielts-vocab/data-3.js?v=20260618-1
3	动物保护	38	mate	/meɪt/	v.	核心	交配 n.配偶		Penguins usually find a new mate each breeding season.	企鹅通常每个繁殖季节都会寻找新的配偶。	名词：mating (交配)	https://www.leonwang.cc/ielts-vocab/data-3.js?v=20260618-1
3	动物保护	39	courtship	/ˈkɔːtʃɪp/	n.	高频	求偶		Male birds often display colorful feathers during courtship to attract females.	雄性鸟类在求偶时常常展示色彩鲜艳的羽毛来吸引雌性。	动词：court (求爱)	https://www.leonwang.cc/ielts-vocab/data-3.js?v=20260618-1
3	动物保护	40	lay	/leɪ/	v.	核心	产（卵）；放置；铺设		Sea turtles return to the same beach to lay their eggs every year.	海龟每年都回到同一个海滩产卵。	过去式/过去分词：laid；易混：lie (躺)	https://www.leonwang.cc/ielts-vocab/data-3.js?v=20260618-1
3	动物保护	41	hatch	/hætʃ/	v./n.	核心	孵化		The eggs will hatch after about three weeks of incubation.	这些蛋经过大约三周的孵化后就会孵出。	谚语：Don't count your chickens before they hatch.	https://www.leonwang.cc/ielts-vocab/data-3.js?v=20260618-1
3	动物保护	42	fin	/fɪn/	n.	高频	鳍		Sharks use their dorsal fin to maintain stability while swimming.	鲨鱼用它们的背鳍在游泳时保持稳定。	形容词：finned (有鳍的)	https://www.leonwang.cc/ielts-vocab/data-3.js?v=20260618-1
3	动物保护	43	wing	/wɪŋ/	n.	核心	翼，翅膀		The butterfly's wings were covered in bright orange and black patterns.	蝴蝶的翅膀上覆盖着明亮的橙色和黑色图案。	动词：wing (飞行)；习语：on the wing (在飞行中)	https://www.leonwang.cc/ielts-vocab/data-3.js?v=20260618-1
3	动物保护	44	brood	/bruːd/	n.	低频	一窝幼鸟 v.孵（蛋）		The mother robin feeds her brood with worms she finds in the garden.	知更鸟妈妈用她在花园里找到的虫子喂养她的一窝幼鸟。	动词 brooding 可指'沉思'	https://www.leonwang.cc/ielts-vocab/data-3.js?v=20260618-1
3	动物保护	45	plume	/pluːm/	n.	低频	羽毛		The peacock displayed its magnificent tail plume to impress potential mates.	孔雀展示其华丽的尾羽来打动潜在的配偶。	同义词：feather (但 plume 多指大而华丽的羽毛)	https://www.leonwang.cc/ielts-vocab/data-3.js?v=20260618-1
3	动物保护	46	spawn	/spɔːn/	n.	高频	（鱼、蛙等的）卵 v.产卵；引起		Salmon swim upstream to spawn in the same river where they were born.	鲑鱼逆流而上，在它们出生的同一条河流中产卵。	比喻用法：The new technology spawned an entire industry.	https://www.leonwang.cc/ielts-vocab/data-3.js?v=20260618-1
3	动物保护	47	feather	/ˈfeðə/	n.	核心	羽毛，翎毛		Birds clean their feathers to keep them in good condition for flying.	鸟类清洁羽毛以保持飞行时的良好状态。	习语：light as a feather, birds of a feather (一丘之貉)	https://www.leonwang.cc/ielts-vocab/data-3.js?v=20260618-1
3	动物保护	48	fur	/fɜː/	n.	核心	（动物的）软毛；（用于制衣等的）毛皮		Arctic animals like foxes grow thick white fur to survive the cold.	像狐狸这样的北极动物长出厚厚的白色皮毛来抵御寒冷。	形容词：furry (毛茸茸的)	https://www.leonwang.cc/ielts-vocab/data-3.js?v=20260618-1
3	动物保护	49	mature	/məˈtjʊə/	adj.	核心	成熟的 v.成熟		Young eagles take several years to mature fully.	幼鹰需要几年时间才能完全成熟。	反义词：immature (不成熟的)；名词：maturity	https://www.leonwang.cc/ielts-vocab/data-3.js?v=20260618-1
3	动物保护	50	bristle	/ˈbrɪsəl/	n.	低频	鬃毛；（刷子的）毛		The wild boar's bristles stood up when it sensed danger.	野猪的鬃毛在它察觉到危险时竖了起来。	动词：bristle (发怒；竖起)	https://www.leonwang.cc/ielts-vocab/data-3.js?v=20260618-1
3	动物保护	51	skin	/skɪn/	n.	核心	皮肤；外皮		Many reptiles shed their skin as they grow larger.	许多爬行动物在长大时会蜕皮。	形容词：skinny (皮包骨的)；习语：save one's skin (保全性命)	https://www.leonwang.cc/ielts-vocab/data-3.js?v=20260618-1
3	动物保护	52	claw	/klɔː/	n.	高频	爪；钳；螯；爪状物		The cat used its claws to climb up the tree effortlessly.	猫用它的爪子毫不费力地爬上了树。	动词：claw (抓，撕)	https://www.leonwang.cc/ielts-vocab/data-3.js?v=20260618-1
3	动物保护	53	curl	/kɜːl/	n.	低频	鬃发；卷曲；螺旋状物 v.（使）卷曲		The pig's tail has a tight curl at the end.	猪的尾巴末端有一个紧密的卷曲。	形容词：curly (卷曲的)	https://www.leonwang.cc/ielts-vocab/data-3.js?v=20260618-1
3	动物保护	54	paw	/pɔː/	n.	核心	（动物的）脚掌，爪子		The dog lifted its paw to shake hands with its owner.	狗抬起它的爪子与主人握手。	动词：paw (用爪子抓)	https://www.leonwang.cc/ielts-vocab/data-3.js?v=20260618-1
3	动物保护	55	beak	/biːk/	n.	高频	鸟嘴，喙		The woodpecker uses its sharp beak to drill holes in tree trunks.	啄木鸟用其锋利的喙在树干上钻孔。	同义词：bill (多用于鸭鹅类)	https://www.leonwang.cc/ielts-vocab/data-3.js?v=20260618-1
3	动物保护	56	insect	/ˈɪnsekt/	n.	核心	昆虫	sect（切割）	Bees, ants, and butterflies are all common insects found in gardens.	蜜蜂、蚂蚁和蝴蝶都是花园中常见的昆虫。	词根相关：bisect (二等分), intersection (交叉)	https://www.leonwang.cc/ielts-vocab/data-3.js?v=20260618-1
3	动物保护	57	worm	/wɜːm/	n.	高频	蠕虫		Earthworms help improve soil quality by breaking down organic matter.	蚯蚓通过分解有机物帮助改善土壤质量。	动词：worm (蠕动)；习语：the early bird catches the worm	https://www.leonwang.cc/ielts-vocab/data-3.js?v=20260618-1
3	动物保护	58	pest	/pest/	n.	核心	害虫；有害动物		Farmers use various methods to control pests that damage their crops.	农民使用各种方法来控制破坏庄稼的害虫。	派生词：pesticide (杀虫剂)；比喻：social pest (社会败类)	https://www.leonwang.cc/ielts-vocab/data-3.js?v=20260618-1
3	动物保护	59	parasite	/ˈpærəsaɪt/	n.	高频	寄生虫		Ticks are parasites that feed on the blood of mammals and birds.	蜱虫是以哺乳动物和鸟类血液为食的寄生虫。	形容词：parasitic (寄生的)	https://www.leonwang.cc/ielts-vocab/data-3.js?v=20260618-1
3	动物保护	60	tortoise	/ˈtɔːtəs/	n.	高频	龟，陆龟		Giant tortoises can live for more than a hundred years.	巨型陆龟可以活一百多年。	对比：turtle (海龟/水龟)	https://www.leonwang.cc/ielts-vocab/data-3.js?v=20260618-1
3	动物保护	61	turtle	/ˈtɜːtl/	n.	高频	海龟		Sea turtles return to the beach where they were born to lay their eggs.	海龟回到它们出生的海滩产卵。	对比：tortoise (陆龟)	https://www.leonwang.cc/ielts-vocab/data-3.js?v=20260618-1
3	动物保护	62	whale	/weɪl/	n.	核心	鲸鱼		Whales are marine mammals that communicate using complex sounds.	鲸鱼是使用复杂声音进行交流的海洋哺乳动物。	动词：whale (捕鲸；猛击)；习语：have a whale of a time (玩得非常开心)	https://www.leonwang.cc/ielts-vocab/data-3.js?v=20260618-1
3	动物保护	63	spider	/ˈspaɪdə/	n.	核心	蜘蛛		The spider spins a web to catch flying insects for food.	蜘蛛织网捕捉飞行的昆虫作为食物。	搭配：a spider's web (蜘蛛网)	https://www.leonwang.cc/ielts-vocab/data-3.js?v=20260618-1
3	动物保护	64	butterfly	/ˈbʌtəflaɪ/	n.	核心	蝴蝶		Butterflies undergo complete metamorphosis from caterpillar to adult.	蝴蝶经历从毛虫到成虫的完全变态。	搭配：social butterfly (交际花)；形容词：butterfly-like	https://www.leonwang.cc/ielts-vocab/data-3.js?v=20260618-1
3	动物保护	65	mosquito	/məˈskiːtəʊ/	n.	核心	蚊子		Mosquitoes are attracted to human body heat and carbon dioxide.	蚊子被人体的热量和二氧化碳吸引。	复数：mosquitoes 或 mosquitos	https://www.leonwang.cc/ielts-vocab/data-3.js?v=20260618-1
3	动物保护	66	cricket	/ˈkrɪkɪt/	n.	低频	蟋蟀		The sound of crickets chirping is common on warm summer nights.	蟋蟀鸣叫的声音在温暖的夏夜很常见。	另义：板球运动；习语：not cricket (不公平)	https://www.leonwang.cc/ielts-vocab/data-3.js?v=20260618-1
3	动物保护	67	penguin	/ˈpeŋɡwɪn/	n.	核心	企鹅		Penguins huddle together to keep warm in the freezing Antarctic winter.	在寒冷的南极冬季，企鹅挤在一起取暖。	注意拼写：不是 penguinn	https://www.leonwang.cc/ielts-vocab/data-3.js?v=20260618-1
3	动物保护	68	seal	/siːl/	n.	高频	海豹；封条；图章 v.密封		Seals use their flippers to swim quickly through the water.	海豹用它们的鳍状肢在水中快速游动。	形容词：sealed (密封的)	https://www.leonwang.cc/ielts-vocab/data-3.js?v=20260618-1
3	动物保护	69	kangaroo	/ˌkæŋɡəˈruː/	n.	高频	袋鼠		Kangaroos carry their young in a pouch on their belly.	袋鼠把它们的幼崽放在腹部的育儿袋里。	群体名词：a mob of kangaroos	https://www.leonwang.cc/ielts-vocab/data-3.js?v=20260618-1
3	动物保护	70	camel	/ˈkæməl/	n.	高频	骆驼		Camels store fat in their humps, which they use as energy when food is scarce.	骆驼把脂肪储存在驼峰中，在食物稀缺时用作能量。	双峰驼：Bactrian camel；单峰驼：dromedary	https://www.leonwang.cc/ielts-vocab/data-3.js?v=20260618-1
3	动物保护	71	panda	/ˈpændə/	n.	核心	熊猫		Giant pandas spend most of their day eating bamboo in the forest.	大熊猫一天中的大部分时间都在森林里吃竹子。	保护现状：vulnerable (易危)	https://www.leonwang.cc/ielts-vocab/data-3.js?v=20260618-1
3	动物保护	72	elephant	/ˈelɪfənt/	n.	核心	象		Elephants have excellent memories and can recognize individuals after many years.	大象有极好的记忆力，多年后仍能认出个体。	群体名词：a herd of elephants	https://www.leonwang.cc/ielts-vocab/data-3.js?v=20260618-1
3	动物保护	73	trunk	/trʌŋk/	n.	高频	象鼻		The elephant uses its trunk to pick up food and spray water.	大象用它的鼻子捡起食物和喷水。	其他意思：树干；行李箱；躯干	https://www.leonwang.cc/ielts-vocab/data-3.js?v=20260618-1
3	动物保护	74	ivory	/ˈaɪvəri/	n.	高频	象牙		The international ivory trade has been banned to protect elephants.	为了保护大象，国际象牙贸易已被禁止。	习语：ivory tower (象牙塔)	https://www.leonwang.cc/ielts-vocab/data-3.js?v=20260618-1
3	动物保护	75	horn	/hɔːn/	n.	高频	（牛、羊等动物的）角；（乐器）号		Rhinoceros horns are made of keratin, the same material as human hair.	犀牛角由角蛋白构成，与人类头发是相同的物质。	动词：horn (用角抵撞)	https://www.leonwang.cc/ielts-vocab/data-3.js?v=20260618-1
3	动物保护	76	bear	/beə/	n.	核心	熊		Brown bears hibernate during winter and live off their stored fat.	棕熊在冬天冬眠，依靠储存的脂肪生存。	搭配：polar bear (北极熊)；动词 bear (忍受；生育)	https://www.leonwang.cc/ielts-vocab/data-3.js?v=20260618-1
3	动物保护	77	wolf	/wʊlf/	n.	核心	狼		Wolves hunt in packs to take down large prey like deer.	狼成群狩猎以捕杀像鹿这样的大型猎物。	习语：a wolf in sheep's clothing (披着羊皮的狼)；复数：wolves	https://www.leonwang.cc/ielts-vocab/data-3.js?v=20260618-1
3	动物保护	78	dragon	/ˈdræɡən/	n.	高频	龙；悍妇		In European myths, dragons are often depicted as fire-breathing monsters.	在欧洲神话中，龙通常被描绘成喷火的怪物。	形容词：draconian (严厉的)	https://www.leonwang.cc/ielts-vocab/data-3.js?v=20260618-1
3	动物保护	79	fox	/fɒks/	n.	核心	狐狸；狡猾的人		The fox is known for its cleverness and adaptability to urban environments.	狐狸以其聪明和对城市环境的适应能力而闻名。	形容词：foxy (狡猾的；迷人的)	https://www.leonwang.cc/ielts-vocab/data-3.js?v=20260618-1
3	动物保护	80	cub	/kʌb/	n.	高频	幼兽		Lion cubs stay with their mother for about two years before becoming independent.	幼狮在独立前会与母亲一起生活大约两年。	常见于：bear cub, lion cub, wolf cub	https://www.leonwang.cc/ielts-vocab/data-3.js?v=20260618-1
3	动物保护	81	calf	/kɑːf/	n.	高频	幼兽；小牛		The elephant calf stayed close to its mother for protection.	小象紧挨着它的母亲以寻求保护。	复数：calves；另指：小腿	https://www.leonwang.cc/ielts-vocab/data-3.js?v=20260618-1
3	动物保护	82	pup	/pʌp/	n.	高频	幼小动物		Seal pups are born with white fur that helps them blend into the ice.	海豹幼崽出生时带有白色皮毛，帮助它们融入冰雪环境。	同义词：puppy (特指幼犬)	https://www.leonwang.cc/ielts-vocab/data-3.js?v=20260618-1
3	动物保护	83	lamb	/læm/	n.	高频	小羊，羔羊		The lamb followed its mother everywhere in the meadow.	小羊在草地上到处跟着它的母亲。	习语：like a lamb to the slaughter (像待宰的羔羊)	https://www.leonwang.cc/ielts-vocab/data-3.js?v=20260618-1
3	动物保护	84	cattle	/ˈkætl/	n.	核心	牛		Farmers raise cattle for milk, meat, and leather.	农民饲养牛以获取牛奶、肉和皮革。	集合名词，复数形式；单数：head of cattle	https://www.leonwang.cc/ielts-vocab/data-3.js?v=20260618-1
3	动物保护	85	ox	/ɒks/	n.	高频	（阉割的）公牛		Oxen were traditionally used to pull plows on farms.	公牛传统上被用于在农场拉犁。	复数：oxen	https://www.leonwang.cc/ielts-vocab/data-3.js?v=20260618-1
3	动物保护	86	bull	/bʊl/	n.	高频	公牛		The bull charged at the red cape waved by the matador.	公牛冲向斗牛士挥舞的红布。	习语：take the bull by the horns (勇敢面对困难)	https://www.leonwang.cc/ielts-vocab/data-3.js?v=20260618-1
3	动物保护	87	buffalo	/ˈbʌfələʊ/	n.	高频	水牛；野牛		Large herds of buffalo once roamed the North American plains.	大群野牛曾经漫游在北美的平原上。	复数：buffaloes 或 buffalo	https://www.leonwang.cc/ielts-vocab/data-3.js?v=20260618-1
3	动物保护	88	horse	/hɔːs/	n.	核心	马		Horses are social animals that live in groups called herds.	马是群居动物，生活在被称为马群的群体中。	习语：put the cart before the horse (本末倒置)	https://www.leonwang.cc/ielts-vocab/data-3.js?v=20260618-1
3	动物保护	89	zebra	/ˈziːbrə/	n.	高频	斑马		Each zebra has a unique stripe pattern, just like human fingerprints.	每只斑马都有独特的条纹图案，就像人类的指纹一样。	群体名词：a herd of zebras	https://www.leonwang.cc/ielts-vocab/data-3.js?v=20260618-1
3	动物保护	90	donkey	/ˈdɒŋki/	n.	高频	驴；傻瓜		Donkeys are known for their stubbornness but also their intelligence.	驴以倔强著称，但也以聪明闻名。	同义词：ass	https://www.leonwang.cc/ielts-vocab/data-3.js?v=20260618-1
3	动物保护	91	saddle	/ˈsædl/	n.	高频	鞍，马鞍；车座		The rider adjusted the saddle to fit the horse comfortably.	骑手调整马鞍使其适合马匹的舒适度。	动词：saddle (给……备鞍)；习语：in the saddle (在职)	https://www.leonwang.cc/ielts-vocab/data-3.js?v=20260618-1
3	动物保护	92	harness	/ˈhɑːnɪs/	n.	低频	马具，挽具		The farmer attached the harness to the horse before plowing the field.	农民在犁地前把马具套在马身上。	动词：harness (利用；给……上挽具)；习语：in harness (通力合作)	https://www.leonwang.cc/ielts-vocab/data-3.js?v=20260618-1
3	动物保护	93	falcon	/ˈfɔːlkən/	n.	低频	隼，猎鹰		Falcons are extremely fast and can dive at speeds over 200 miles per hour.	隼极其快速，能以每小时超过200英里的速度俯冲。	相关：falconry (猎鹰术)	https://www.leonwang.cc/ielts-vocab/data-3.js?v=20260618-1
3	动物保护	94	hawk	/hɔːk/	n.	高频	鹰，隼		The hawk circled above the field, scanning for small rodents.	鹰在田野上方盘旋，寻找小型啮齿动物。	动词：hawk (兜售；咳出)；政治术语：hawk (鹰派)	https://www.leonwang.cc/ielts-vocab/data-3.js?v=20260618-1
3	动物保护	95	eagle	/ˈiːɡl/	n.	核心	雕		The bald eagle is a symbol of strength and freedom in the United States.	白头雕在美国是力量和自由的象征。	形容词：eagle-eyed (目光锐利的)	https://www.leonwang.cc/ielts-vocab/data-3.js?v=20260618-1
3	动物保护	96	owl	/aʊl/	n.	高频	猫头鹰		Owls have excellent night vision and can rotate their heads almost 270 degrees.	猫头鹰有极佳的夜视能力，并且几乎可以将头部旋转270度。	群体名词：a parliament of owls	https://www.leonwang.cc/ielts-vocab/data-3.js?v=20260618-1
3	动物保护	97	swallow	/ˈswɒləʊ/	n.	高频	燕子		Swallows migrate long distances between their summer and winter homes.	燕子在夏季和冬季的家园之间长途迁徙。	动词 swallow (吞咽) 为不同词	https://www.leonwang.cc/ielts-vocab/data-3.js?v=20260618-1
3	动物保护	98	sparrow	/ˈspærəʊ/	n.	高频	麻雀		Sparrows are small brown birds commonly found in cities and farmlands.	麻雀是城市和农田常见的小型棕色鸟类。	群体名词：a flock of sparrows	https://www.leonwang.cc/ielts-vocab/data-3.js?v=20260618-1
3	动物保护	99	pigeon	/ˈpɪdʒɪn/	n.	核心	鸽子		Pigeons have an amazing ability to find their way home over long distances.	鸽子在长距离中找到回家路的能力令人惊叹。	同义词：dove (但 dove 通常象征和平)	https://www.leonwang.cc/ielts-vocab/data-3.js?v=20260618-1
3	动物保护	100	crow	/krəʊ/	n.	高频	乌鸦		Crows are highly intelligent and can even use tools to obtain food.	乌鸦非常聪明，甚至能使用工具获取食物。	动词：crow (啼叫；得意洋洋)	https://www.leonwang.cc/ielts-vocab/data-3.js?v=20260618-1
3	动物保护	101	swan	/swɒn/	n.	高频	天鹅		Swans usually mate for life and are often seen swimming in pairs.	天鹅通常终生交配，常常成对游泳。	习语：sb.'s swan song (某人最后的作品)	https://www.leonwang.cc/ielts-vocab/data-3.js?v=20260618-1
3	动物保护	102	goose	/ɡuːs/	n.	高频	鹅；鹅肉		Geese are known to be protective of their nests and may chase intruders.	鹅以保护巢穴而闻名，甚至会追逐闯入者。	复数：geese；雄性：gander	https://www.leonwang.cc/ielts-vocab/data-3.js?v=20260618-1
3	动物保护	103	cock	/kɒk/	n.	高频	雄禽；公鸡		The cock crowed at dawn to announce the beginning of a new day.	公鸡在黎明时打鸣宣告新一天的开始。	对比：hen (母鸡)	https://www.leonwang.cc/ielts-vocab/data-3.js?v=20260618-1
3	动物保护	104	mouse	/maʊs/	n.	核心	老鼠		Mice are often used in laboratory experiments due to their genetic similarity to humans.	由于与人类的基因相似性，小鼠常被用于实验室实验。	复数：mice；对比：rat (大鼠，更大型)	https://www.leonwang.cc/ielts-vocab/data-3.js?v=20260618-1
3	动物保护	105	rat	/ræt/	n.	核心	老鼠；卑鄙的人		Rats are known carriers of diseases and have adapted well to urban life.	老鼠是已知的疾病携带者，并且很好地适应了城市生活。	动词：rat (背叛；告密)	https://www.leonwang.cc/ielts-vocab/data-3.js?v=20260618-1
3	动物保护	106	squirrel	/ˈskwɪrəl/	n.	高频	松鼠		Squirrels bury nuts in the ground to eat later during winter.	松鼠把坚果埋在地里，留到冬天吃。	动词：squirrel away (贮藏)	https://www.leonwang.cc/ielts-vocab/data-3.js?v=20260618-1
3	动物保护	107	hare	/heə/	n.	低频	野兔		Hares can run at high speeds to escape from predators.	野兔能以高速奔跑来躲避捕食者。	对比：rabbit (家兔)；习语：mad as a March hare	https://www.leonwang.cc/ielts-vocab/data-3.js?v=20260618-1
3	动物保护	108	frog	/frɒɡ/	n.	核心	蛙		Frogs absorb water through their skin rather than drinking it.	青蛙通过皮肤吸收水分，而不是直接饮用。	变态过程：tadpole (蝌蚪) → frog	https://www.leonwang.cc/ielts-vocab/data-3.js?v=20260618-1
3	动物保护	109	behaviour	/bɪˈheɪvjə/	n.	核心	行为；活动方式		The mating behaviour of birds varies greatly among different species.	鸟类的交配行为在不同物种之间差异很大。	形容词：behavioural；美式拼写：behavior	https://www.leonwang.cc/ielts-vocab/data-3.js?v=20260618-1
3	动物保护	110	bite	/baɪt/	v./n.	核心	咬；（昆虫）叮；吞饵		The snake bit the man's leg before slithering away.	那条蛇咬了那个男人的腿然后滑走了。	习语：bite off more than one can chew (不自量力), bite the bullet (硬着头皮)	https://www.leonwang.cc/ielts-vocab/data-3.js?v=20260618-1
3	动物保护	111	sting	/stɪŋ/	v.	核心	刺，叮；（使）感觉刺痛 n.刺，螫针		A bee sting can be very painful for people who are allergic.	对过敏的人来说，蜜蜂蜇伤可能非常痛苦。	搭配：sting sb. into doing sth. (刺激某人做某事)	https://www.leonwang.cc/ielts-vocab/data-3.js?v=20260618-1
3	动物保护	112	bark	/bɑːk/	v.	核心	（狗等）吠；大声嚷 n.树皮		The neighbor's dog always barks loudly whenever someone walks past.	每当有人走过时，邻居的狗总是大声吠叫。	习语：Barking dogs seldom bite. (吠犬不咬人)	https://www.leonwang.cc/ielts-vocab/data-3.js?v=20260618-1
3	动物保护	113	roar	/rɔː/	n./v.	核心	吼叫，咆哮		The lion roared loudly to warn other animals to stay away from its territory.	狮子大声咆哮，警告其他动物远离其领地。	也可用于形容人群或机器的轰鸣	https://www.leonwang.cc/ielts-vocab/data-3.js?v=20260618-1
3	动物保护	114	rub	/rʌb/	v.	高频	擦；摩擦 n.困难，障碍		The cat rubbed its head against my leg to show affection.	猫用头蹭我的腿以示亲昵。	习语：rub sb. the wrong way (惹怒某人)	https://www.leonwang.cc/ielts-vocab/data-3.js?v=20260618-1
3	动物保护	115	creep	/kriːp/	v.	高频	爬行；悄悄地缓慢行进		The hunter crept through the bushes to get closer to the deer.	猎人悄悄地穿过灌木丛接近鹿。	搭配：creep along (匍匐前行)；过去式/过去分词：crept	https://www.leonwang.cc/ielts-vocab/data-3.js?v=20260618-1
3	动物保护	116	crawl	/krɔːl/	v.	高频	爬，爬行；卑躬屈膝		The baby learned to crawl before she could walk.	婴儿在学会走路之前先学会了爬行。	比喻用法：crawl to sb. (巴结某人)	https://www.leonwang.cc/ielts-vocab/data-3.js?v=20260618-1
3	动物保护	117	habitat	/ˈhæbɪtæt/	n.	核心	（动植物的）生活环境，栖息地		Deforestation destroys the natural habitat of countless species.	森林砍伐破坏了无数物种的自然栖息地。	同源词：inhabit (居住于), inhabitant (居民)	https://www.leonwang.cc/ielts-vocab/data-3.js?v=20260618-1
3	动物保护	118	nest	/nest/	n.	核心	巢，窝，穴		The bird built a nest using twigs and grass high up in the tree.	那只鸟用树枝和草在高高的树上筑了一个巢。	动词：nest (筑巢)；习语：fly the nest (离巢独立)	https://www.leonwang.cc/ielts-vocab/data-3.js?v=20260618-1
3	动物保护	119	hive	/haɪv/	n.	高频	蜂房；繁忙的场所 v.（使）入蜂箱		A beehive can contain tens of thousands of bees living together.	一个蜂箱可以容纳数万只蜜蜂共同生活。	比喻：a hive of activity (繁忙的场所)	https://www.leonwang.cc/ielts-vocab/data-3.js?v=20260618-1
3	动物保护	120	cell	/sel/	n.	核心	蜂房巢室；细胞；单人牢房		Honeybees store honey in wax cells within the hive.	蜜蜂将蜂蜜储存在蜂巢内的蜡质巢室中。	形容词：cellular (细胞的；蜂窝状的)	https://www.leonwang.cc/ielts-vocab/data-3.js?v=20260618-1
3	动物保护	121	cage	/keɪdʒ/	n.	核心	笼子		Many people believe that keeping birds in cages is cruel.	许多人认为把鸟关在笼子里是残忍的。	动词：cage (关进笼子)	https://www.leonwang.cc/ielts-vocab/data-3.js?v=20260618-1
3	动物保护	122	stable	/ˈsteɪbəl/	n.	高频	马厩；牛棚 adj.稳定的		The horses were led back to the stable after the long ride.	长途骑行后，马被带回了马厩。	形容词词义更常用；反义词：unstable	https://www.leonwang.cc/ielts-vocab/data-3.js?v=20260618-1
3	动物保护	123	barn	/bɑːn/	n.	高频	谷仓；牲口棚		The farmer stored hay and farm equipment inside the large barn.	农民把干草和农具存放在大谷仓里。	习语：close the barn door after the horse is stolen (亡羊补牢)	https://www.leonwang.cc/ielts-vocab/data-3.js?v=20260618-1
3	动物保护	124	hedge	/hedʒ/	n.	高频	树篱；障碍物		The garden was surrounded by a tall hedge that provided privacy.	花园被一道高高的树篱环绕，提供了隐私。	动词：hedge (规避；用树篱围住)；习语：on the hedge (骑墙观望)	https://www.leonwang.cc/ielts-vocab/data-3.js?v=20260618-1
3	动物保护	125	barrier	/ˈbæriə/	n.	核心	障碍；屏障		Language barrier can be a major obstacle for international students.	语言障碍可能是留学生面临的主要困难。	同义词：obstacle, hurdle	https://www.leonwang.cc/ielts-vocab/data-3.js?v=20260618-1
3	动物保护	126	bar	/bɑː/	n.	高频	栅，栏杆；条，长块		The chimpanzee used a metal bar to break open the nuts.	黑猩猩用一根金属棒砸开坚果。	动词：bar (禁止；闩上)；习语：behind bars (坐牢)	https://www.leonwang.cc/ielts-vocab/data-3.js?v=20260618-1
3	动物保护	127	anatomy	/əˈnætəmi/	n.	高频	解剖学		Studying anatomy helps doctors understand how the human body works.	学习解剖学帮助医生理解人体如何运作。	形容词：anatomical (解剖的)	https://www.leonwang.cc/ielts-vocab/data-3.js?v=20260618-1
3	动物保护	128	epidemic	/ˌepɪˈdemɪk/	n.	核心	流行病；（坏事的）盛行 adj.流行性的		The government took swift measures to contain the epidemic.	政府迅速采取措施控制流行病。	搭配：control an epidemic (控制疫情)；对比：pandemic (大流行)	https://www.leonwang.cc/ielts-vocab/data-3.js?v=20260618-1
3	动物保护	129	gene	/dʒiːn/	n.	核心	基因		Certain genes determine the color of a person's eyes and hair.	某些基因决定人的眼睛和头发颜色。	形容词：genetic (基因的)；搭配：gene pool (基因库)	https://www.leonwang.cc/ielts-vocab/data-3.js?v=20260618-1
3	动物保护	130	germ	/dʒɜːm/	n.	高频	微生物，细菌		Washing your hands regularly can help kill germs and prevent illness.	经常洗手有助于杀死细菌并预防疾病。	同义词：microbe, bacterium	https://www.leonwang.cc/ielts-vocab/data-3.js?v=20260618-1
3	动物保护	131	bacteria	/bækˈtɪəriə/	n.	核心	（bacterium的复数）细菌		Some bacteria are harmful, but many are essential for digestion.	有些细菌是有害的，但许多对消化至关重要。	单数：bacterium；形容词：bacterial	https://www.leonwang.cc/ielts-vocab/data-3.js?v=20260618-1
3	动物保护	132	virus	/ˈvaɪrəs/	n.	核心	病毒		The flu virus spreads easily through coughs and sneezes.	流感病毒通过咳嗽和打喷嚏轻易传播。	形容词：viral (病毒的)；计算机术语：computer virus	https://www.leonwang.cc/ielts-vocab/data-3.js?v=20260618-1
3	动物保护	133	microbe	/ˈmaɪkrəʊb/	n.	高频	微生物		Microbes are so tiny that you need a microscope to see them.	微生物非常微小，需要显微镜才能看到。	相关：microbiology (微生物学)	https://www.leonwang.cc/ielts-vocab/data-3.js?v=20260618-1
3	动物保护	134	metabolism	/məˈtæbəlɪzəm/	n.	高频	新陈代谢		Exercise can speed up your metabolism and help you burn more calories.	运动可以加速新陈代谢，帮助燃烧更多卡路里。	形容词：metabolic (新陈代谢的)	https://www.leonwang.cc/ielts-vocab/data-3.js?v=20260618-1
3	动物保护	135	protein	/ˈprəʊtiːn/	n.	核心	蛋白质		Protein is essential for building and repairing muscles after exercise.	蛋白质对于运动后肌肉的构建和修复至关重要。	来源：肉类、豆类、乳制品	https://www.leonwang.cc/ielts-vocab/data-3.js?v=20260618-1
3	动物保护	136	vitamin	/ˈvɪtəmɪn/	n.	核心	维生素	vita（生命）	Oranges are rich in vitamin C, which helps boost the immune system.	橙子富含维生素C，有助于增强免疫系统。	词根含义：vita-生命；vitamin 即'维持生命所必需的物质'	https://www.leonwang.cc/ielts-vocab/data-3.js?v=20260618-1
3	动物保护	137	intelligence	/ɪnˈtelɪdʒəns/	n.	核心	智慧，智力；情报		Dolphins are known for their high intelligence and complex social behavior.	海豚以高智商和复杂的社会行为而闻名。	形容词：intelligent (聪明的)；搭配：artificial intelligence (AI)	https://www.leonwang.cc/ielts-vocab/data-3.js?v=20260618-1
3	动物保护	138	functional	/ˈfʌŋkʃənəl/	adj.	核心	功能的；起作用的		The wings of a bird have a functional role in flight.	鸟类的翅膀在飞行中起着功能性的作用。	名词：function (功能)；副词：functionally	https://www.leonwang.cc/ielts-vocab/data-3.js?v=20260618-1
3	动物保护	139	secrete	/sɪˈkriːt/	v.	高频	分泌		The salivary glands secrete saliva to help digest food.	唾液腺分泌唾液以帮助消化食物。	注意与 secret (秘密) 区分	https://www.leonwang.cc/ielts-vocab/data-3.js?v=20260618-1
3	动物保护	140	excrete	/ɪkˈskriːt/	v.	高频	排泄；分泌		The kidneys excrete waste products from the blood in the form of urine.	肾脏以尿液的形式排泄血液中的废物。	名词：excretion (排泄物)	https://www.leonwang.cc/ielts-vocab/data-3.js?v=20260618-1
3	动物保护	141	devour	/dɪˈvaʊə/	v.	高频	吞食，狼吞虎咽地吃		The hungry wolf devoured the entire deer in minutes.	饥饿的狼在几分钟内就吞食了整只鹿。	比喻用法：devour books (如饥似渴地读书)	https://www.leonwang.cc/ielts-vocab/data-3.js?v=20260618-1
3	动物保护	142	instinct	/ˈɪnstɪŋkt/	n.	核心	本能，天性；直觉		Birds build nests by instinct, without being taught.	鸟类凭本能筑巢，不需要被教导。	形容词：instinctive (本能的)；搭配：follow one's instincts	https://www.leonwang.cc/ielts-vocab/data-3.js?v=20260618-1
3	动物保护	143	intuitive	/ɪnˈtjuːɪtɪv/	adj.	高频	直觉的		She had an intuitive feeling that something was wrong with the experiment.	她有一种直觉，觉得实验出了问题。	名词：intuition (直觉)	https://www.leonwang.cc/ielts-vocab/data-3.js?v=20260618-1
3	动物保护	144	potential	/pəˈtenʃəl/	n.	核心	潜力 adj.潜在的		Every student has the potential to succeed with hard work.	每个学生都有通过努力取得成功的潜力。	常见搭配：realize one's potential (发挥潜力)	https://www.leonwang.cc/ielts-vocab/data-3.js?v=20260618-1
3	动物保护	145	sensitive	/ˈsensɪtɪv/	adj.	核心	灵敏的；过敏的；易担忧的		Dogs have a highly sensitive sense of smell, much better than humans.	狗有高度灵敏的嗅觉，比人类强得多。	搭配：be sensitive to (对……敏感)；名词：sensitivity	https://www.leonwang.cc/ielts-vocab/data-3.js?v=20260618-1
3	动物保护	146	flexible	/ˈfleksəbəl/	adj.	核心	可弯曲的；灵活的		The spine of a snake is extremely flexible, allowing it to move in many ways.	蛇的脊柱极其灵活，使其能以多种方式移动。	名词：flexibility (灵活性)	https://www.leonwang.cc/ielts-vocab/data-3.js?v=20260618-1
3	动物保护	147	acoustic	/əˈkuːstɪk/	adj.	高频	听觉的；声音的		Bats use acoustic signals to navigate in the dark.	蝙蝠利用声音信号在黑暗中导航。	名词：acoustics (声学；音响效果)	https://www.leonwang.cc/ielts-vocab/data-3.js?v=20260618-1
3	动物保护	148	optical	/ˈɒptɪkəl/	adj.	高频	视觉的；光学的		Eagles have sharp optical ability to spot prey from great heights.	鹰有敏锐的视觉能力，能从高处发现猎物。	相关：optic (眼睛的), optician (验光师)	https://www.leonwang.cc/ielts-vocab/data-3.js?v=20260618-1
3	动物保护	149	nocturnal	/nɒkˈtɜːnəl/	adj.	高频	夜间发生的；夜间活动的		Owls are nocturnal hunters, sleeping during the day and hunting at night.	猫头鹰是夜行性猎手，白天睡觉，夜晚捕食。	反义词：diurnal (白天的)	https://www.leonwang.cc/ielts-vocab/data-3.js?v=20260618-1
3	动物保护	150	dormant	/ˈdɔːmənt/	adj.	高频	睡着的；休眠的；冬眠的		Some volcanoes remain dormant for centuries before erupting again.	一些火山在再次喷发前会休眠数百年。	名词：dormancy (休眠)	https://www.leonwang.cc/ielts-vocab/data-3.js?v=20260618-1
3	动物保护	151	hibernation	/ˌhaɪbəˈneɪʃən/	n.	高频	冬眠		During hibernation, a bear's heart rate slows down dramatically.	在冬眠期间，熊的心率显著减慢。	动词：hibernate (冬眠)	https://www.leonwang.cc/ielts-vocab/data-3.js?v=20260618-1
3	动物保护	152	track	/træk/	v.	核心	追踪 n.足迹，踪迹；轨道		The hunter tracked the deer through the snow-covered forest.	猎人穿过白雪覆盖的森林追踪那只鹿。	搭配：track down (追捕到)	https://www.leonwang.cc/ielts-vocab/data-3.js?v=20260618-1
3	动物保护	153	trace	/treɪs/	v.	核心	追踪；查出；追溯 n.痕迹；少许		Scientists traced the origin of the virus to a bat species.	科学家将病毒的起源追溯到一种蝙蝠。	搭配：trace back to (追溯到)；a trace of (一丝)	https://www.leonwang.cc/ielts-vocab/data-3.js?v=20260618-1
3	动物保护	154	alternate	/ˈɔːltəneɪt/	v.	高频	（使）交替，（使）轮流		In some bird species, parents alternate sitting on the eggs.	在一些鸟类中，父母轮流孵蛋。	形容词：alternate (交替的)；名词：alternative (替代选择)	https://www.leonwang.cc/ielts-vocab/data-3.js?v=20260618-1
3	动物保护	155	prey	/preɪ/	n.	核心	被捕食的动物，猎物 v.捕食		Lions often hunt at night when their prey is less alert.	狮子常常在夜间猎食，那时它们的猎物警惕性较低。	搭配：prey on (捕食；掠夺)	https://www.leonwang.cc/ielts-vocab/data-3.js?v=20260618-1
3	动物保护	156	predator	/ˈpredətə/	n.	核心	掠夺者；捕食性动物		The cheetah is one of the fastest predators on land.	猎豹是陆地上最快的捕食者之一。	名词：predation (捕食)；形容词：predatory	https://www.leonwang.cc/ielts-vocab/data-3.js?v=20260618-1
3	动物保护	157	victim	/ˈvɪktɪm/	n.	核心	受害者；牺牲者		The deer became a victim of the hungry wolf pack.	那只鹿成了饥饿狼群的牺牲品。	搭配：fall victim to (成为……的受害者)	https://www.leonwang.cc/ielts-vocab/data-3.js?v=20260618-1
3	动物保护	158	captive	/ˈkæptɪv/	n.	高频	俘虏 adj.被关押的；受控制的		Wild animals in captivity often exhibit abnormal behaviors.	被关押的野生动物常常表现出异常行为。	动词：capture (捕获)；形容词：captivating (迷人的)	https://www.leonwang.cc/ielts-vocab/data-3.js?v=20260618-1
3	动物保护	159	defensive	/dɪˈfensɪv/	adj.	核心	防御性的		The porcupine raises its quills as a defensive reaction to threats.	豪猪竖起它的刺作为对威胁的防御反应。	动词：defend (防卫)；名词：defense	https://www.leonwang.cc/ielts-vocab/data-3.js?v=20260618-1
3	动物保护	160	undergo	/ˌʌndəˈɡəʊ/	v.	核心	经历，经受		Caterpillars undergo a complete transformation into butterflies.	毛毛虫经历完全变态成为蝴蝶。	过去式：underwent；过去分词：undergone	https://www.leonwang.cc/ielts-vocab/data-3.js?v=20260618-1
3	动物保护	161	suffer	/ˈsʌfə/	v.	核心	遭受；受折磨；变糟		Many animals suffer from habitat loss due to human activities.	由于人类活动，许多动物遭受栖息地丧失的痛苦。	搭配：suffer from (受……之苦)；名词：suffering	https://www.leonwang.cc/ielts-vocab/data-3.js?v=20260618-1
3	动物保护	162	vulnerable	/ˈvʌlnərəbəl/	adj.	核心	易受伤的，脆弱的；易受影响的		Young animals are especially vulnerable to predators in the wild.	幼小动物在野外尤其容易受到捕食者的攻击。	搭配：be vulnerable to；反义词：invulnerable	https://www.leonwang.cc/ielts-vocab/data-3.js?v=20260618-1
3	动物保护	163	subsistence	/səbˈsɪstəns/	n.	高频	勉强维持生活		Farmers in the region live at a subsistence level, growing only enough food for their families.	该地区的农民生活在勉强糊口的水平，只种植够家人吃的食物。	动词：subsist (生存；维持生活)	https://www.leonwang.cc/ielts-vocab/data-3.js?v=20260618-1
3	动物保护	164	exist	/ɪɡˈzɪst/	v.	核心	存在；生存		Many species cannot exist outside their natural habitat.	许多物种无法在其自然栖息地之外生存。	名词：existence (存在)；形容词：existing (现存的)	https://www.leonwang.cc/ielts-vocab/data-3.js?v=20260618-1
3	动物保护	165	exterminate	/ɪkˈstɜːmɪneɪt/	v.	高频	消灭，根除		Efforts to exterminate the invasive species have been costly but necessary.	根除入侵物种的努力代价高昂但却是必要的。	名词：extermination (消灭)	https://www.leonwang.cc/ielts-vocab/data-3.js?v=20260618-1
3	动物保护	166	tame	/teɪm/	v.	高频	驯养；制服 adj.驯服的；乏味的		It takes patience and time to tame a wild horse.	驯服一匹野马需要耐心和时间。	名词：tameness；反义词：wild	https://www.leonwang.cc/ielts-vocab/data-3.js?v=20260618-1
3	动物保护	167	keeper	/ˈkiːpə/	n.	高频	看守人；饲养员		The zoo keeper feeds the animals and cleans their enclosures every day.	动物园管理员每天喂食动物并清洁它们的围栏。	常见搭配：zookeeper (动物园管理员)	https://www.leonwang.cc/ielts-vocab/data-3.js?v=20260618-1
3	动物保护	168	shepherd	/ˈʃepəd/	n.	高频	牧羊人，羊倌		The shepherd guided his flock through the valley to fresh grazing land.	牧羊人引导他的羊群穿过山谷前往新鲜的牧场。	动词：shepherd (引导；照料)；相关：sheepdog (牧羊犬)	https://www.leonwang.cc/ielts-vocab/data-3.js?v=20260618-1
4	太空探索	1	galaxy	/ˈɡæləksi/	n.	高频	星系；[the G-] 银河系	源于希腊语galakt-，意为“牛奶”，银河也称为the Milky Way。希腊神话中，赫拉的乳汁喷出形成银河。	Our solar system is located in the Milky Way galaxy, which contains billions of stars.	我们的太阳系位于包含数十亿颗恒星的银河系中。	常用搭配：a spiral galaxy 螺旋星系。	https://www.leonwang.cc/ielts-vocab/data-4.js?v=20260618-1
4	太空探索	2	cosmos	/ˈkɒzmɒs/	n.	低频	宇宙		The documentary explores the mysteries of the cosmos, from black holes to distant galaxies.	这部纪录片探索了宇宙的奥秘，从黑洞到遥远的星系。	近义词：universe。	https://www.leonwang.cc/ielts-vocab/data-4.js?v=20260618-1
4	太空探索	3	universe	/ˈjuːnɪvɜːs/	n.	高频	宇宙；万物，世界	universal adj. 全世界的；字根uni（一）+ vers（转）→ 万物旋转成为一体	Scientists are still debating whether the universe will expand forever or eventually collapse.	科学家们仍在争论宇宙是会永远膨胀还是最终坍缩。	搭配：throughout the universe 在整个宇宙中。	https://www.leonwang.cc/ielts-vocab/data-4.js?v=20260618-1
4	太空探索	4	interstellar	/ˌɪntəˈstelə/	adj.	高频	星际的	inter（之间）+ stell（星）+ ar（后缀）→ 星星之间的 → 星际的	Interstellar travel remains a distant dream due to the enormous distances between stars.	由于恒星之间距离遥远，星际旅行仍是一个遥远的梦想。	常见搭配：interstellar medium 星际介质。	https://www.leonwang.cc/ielts-vocab/data-4.js?v=20260618-1
4	太空探索	5	terrestrial	/təˈrestriəl/	adj.	高频	地球的；（动植物）陆地的	extraterrestrial adj. 地球外的 n. 外星人（E.T.）	While some species are aquatic, the majority of animals on Earth are terrestrial.	虽然有些物种是水生的，但地球上大多数动物是陆生的。	反义词：aquatic 水生的。	https://www.leonwang.cc/ielts-vocab/data-4.js?v=20260618-1
4	太空探索	6	celestial	/səˈlestiəl/	adj.	识记	天上的		Ancient astronomers carefully mapped the movements of celestial bodies across the night sky.	古代天文学家仔细绘制了天体在夜空中的运动轨迹。	搭配：celestial body 天体。	https://www.leonwang.cc/ielts-vocab/data-4.js?v=20260618-1
4	太空探索	7	astronomy	/əˈstrɒnəmi/	n.	高频	天文学	astronomical adj. 天文学的；字根astr指“星”	The discovery of exoplanets has been one of the most exciting developments in modern astronomy.	系外行星的发现是现代天文学最激动人心的进展之一。	形容词 astronomical 也可表示“极其巨大的”。	https://www.leonwang.cc/ielts-vocab/data-4.js?v=20260618-1
4	太空探索	8	astrology	/əˈstrɒlədʒi/	n.	识记	占星学；占星术		Although astrology is popular in many cultures, it lacks scientific evidence to support its claims.	尽管占星学在许多文化中很流行，但它缺乏科学证据来支持其主张。	区分：astronomy（天文学）vs astrology（占星术）。	https://www.leonwang.cc/ielts-vocab/data-4.js?v=20260618-1
4	太空探索	9	astronaut	/ˈæstrənɔːt/	n.	高频	宇航员	naut（船）→ 在星星间航行的人；同根词：navy, navigate	The astronaut spent six months aboard the space station conducting scientific experiments.	这位宇航员在空间站上度过了六个月，进行科学实验。	同义词（俄）：cosmonaut。	https://www.leonwang.cc/ielts-vocab/data-4.js?v=20260618-1
4	太空探索	10	comet	/ˈkɒmɪt/	n.	高频	彗星		A bright comet with a glowing tail could be seen in the night sky last summer.	去年夏天，夜空中可以看到一颗拖着发光尾巴的明亮彗星。	搭配：comet tail 彗尾。	https://www.leonwang.cc/ielts-vocab/data-4.js?v=20260618-1
4	太空探索	11	meteorite	/ˈmiːtiəraɪt/	n.	低频	陨石		The museum displayed a large iron meteorite that had fallen in the desert decades ago.	博物馆陈列了一块数十年前坠落在沙漠中的大型铁陨石。	区分：meteoroid（流星体），meteor（流星），meteorite（陨石）。	https://www.leonwang.cc/ielts-vocab/data-4.js?v=20260618-1
4	太空探索	12	crater	/ˈkreɪtə/	n.	低频	（撞击或爆炸形成的）坑		High-resolution images show that the moon's surface is covered with impact craters of all sizes.	高分辨率图像显示，月球表面布满了大小不一的撞击坑。	搭配：volcanic crater 火山口。	https://www.leonwang.cc/ielts-vocab/data-4.js?v=20260618-1
4	太空探索	13	dust	/dʌst/	n.	核心	尘土，灰尘，粉尘		After the sandstorm, a thick layer of dust covered every surface in the house.	沙尘暴过后，房子里每个表面都覆盖了一层厚厚的灰尘。	搭配：cosmic dust 宇宙尘埃。	https://www.leonwang.cc/ielts-vocab/data-4.js?v=20260618-1
4	太空探索	14	ash	/æʃ/	n.	高频	灰烬		Volcanic ash can travel thousands of kilometres and disrupt air travel.	火山灰可以飘行数千公里，扰乱航空旅行。	搭配：volcanic ash 火山灰。	https://www.leonwang.cc/ielts-vocab/data-4.js?v=20260618-1
4	太空探索	15	envelope	/ˈenvələʊp/	n.	低频	外裹物，外层		The Sun's outer envelope, called the corona, is visible during a total solar eclipse.	太阳的外层，即日冕，在日全食期间可以见到。	此处为天文学专业用法，非日常的信封。	https://www.leonwang.cc/ielts-vocab/data-4.js?v=20260618-1
4	太空探索	16	chunk	/tʃʌŋk/	n.	高频	厚块		He broke off a chunk of dark chocolate to have with his afternoon coffee.	他掰下一大块黑巧克力，配下午咖啡食用。	搭配：a chunk of 一大块。	https://www.leonwang.cc/ielts-vocab/data-4.js?v=20260618-1
4	太空探索	17	spacecraft	/ˈspeɪskrɑːft/	n.	高频	宇宙飞船	aircraft n. 飞行器	The unmanned spacecraft successfully landed on the rocky surface of an asteroid.	这艘无人飞船成功降落在了一颗小行星的岩石表面上。	单复数同形。	https://www.leonwang.cc/ielts-vocab/data-4.js?v=20260618-1
4	太空探索	18	spaceship	/ˈspeɪsʃɪp/	n.	低频	宇宙飞船		In science fiction, spaceships often travel faster than light to explore distant stars.	在科幻小说中，宇宙飞船常常超光速飞行以探索遥远的恒星。	同义词：spacecraft；spaceship 较口语化。	https://www.leonwang.cc/ielts-vocab/data-4.js?v=20260618-1
4	太空探索	19	probe	/prəʊb/	n.	高频	太空探测器；详尽调查		The space probe has sent back astonishing images of the rings around Saturn.	太空探测器发回了土星环的惊人图像。	搭配：launch a probe 发射探测器。	https://www.leonwang.cc/ielts-vocab/data-4.js?v=20260618-1
4	太空探索	20	module	/ˈmɒdjuːl/	n.	高频	（航天器上各个独立的）舱；模块		The lunar module separated from the command module and began its descent to the moon.	登月舱与指令舱分离，开始向月球下降。	搭配：service module 服务舱。	https://www.leonwang.cc/ielts-vocab/data-4.js?v=20260618-1
4	太空探索	21	propulsion	/prəˈpʌlʃən/	n.	低频	推进力		Electric propulsion systems are becoming more common in modern satellites.	电推进系统在现代卫星中正变得越来越普遍。	搭配：jet propulsion 喷气推进。	https://www.leonwang.cc/ielts-vocab/data-4.js?v=20260618-1
4	太空探索	22	pressure	/ˈpreʃə/	n.	核心	压力		High atmospheric pressure usually brings clear skies, while low pressure often means rain.	高气压通常带来晴天，而低气压常意味着降雨。	搭配：blood pressure 血压；under pressure 在压力之下。	https://www.leonwang.cc/ielts-vocab/data-4.js?v=20260618-1
4	太空探索	23	dynamics	/daɪˈnæmɪks/	n.	低频	动力学；动态	dynamic adj. 动态的；有活力的	The course covers the dynamics of fluids and how they behave under different conditions.	这门课程涵盖了流体动力学以及流体在不同条件下的表现。	搭配：group dynamics 群体动态。	https://www.leonwang.cc/ielts-vocab/data-4.js?v=20260618-1
4	太空探索	24	motion	/ˈməʊʃən/	n.	核心	动作；移动	motive n. 动机	Newton's first law states that an object in motion will stay in motion unless acted upon by a force.	牛顿第一定律指出，运动中的物体会保持运动，除非有外力作用。	搭配：in slow motion 慢动作。	https://www.leonwang.cc/ielts-vocab/data-4.js?v=20260618-1
4	太空探索	25	vent	/vent/	n.	低频	排气口 v. 排放；发泄		Hydrothermal vents on the deep ocean floor release superheated water rich in minerals.	深海海底的热液喷口释放富含矿物质的超高温水。	搭配：give vent to 发泄（情绪）。	https://www.leonwang.cc/ielts-vocab/data-4.js?v=20260618-1
4	太空探索	26	tail	/teɪl/	n.	高频	尾部		As the comet approaches the Sun, its tail of gas and dust becomes longer and brighter.	彗星靠近太阳时，其气体和尘埃尾变得更长更亮。	搭配：tail light 尾灯。	https://www.leonwang.cc/ielts-vocab/data-4.js?v=20260618-1
4	太空探索	27	curve	/kɜːv/	n.	高频	曲线，弧线	curvy adj. 弯曲的	The spacecraft followed a gentle curve as it entered the planet's orbit.	航天器进入行星轨道时沿着一道平缓的曲线飞行。	搭配：learning curve 学习曲线。	https://www.leonwang.cc/ielts-vocab/data-4.js?v=20260618-1
4	太空探索	28	exploration	/ˌekspləˈreɪʃən/	n.	核心	探索		Space exploration has led to the development of many technologies we now use in daily life.	太空探索促进了许多我们如今在日常生活中使用的技术的发展。	搭配：deep-sea exploration 深海探索。	https://www.leonwang.cc/ielts-vocab/data-4.js?v=20260618-1
4	太空探索	29	expedition	/ˌekspɪˈdɪʃən/	n.	高频	远征，探险	字根ped（足）→ 使脚向外 → 远征	The scientific expedition to Antarctica collected valuable samples from beneath the ice.	南极科考探险从冰层下采集了珍贵的样本。	搭配：mount an expedition 组织探险。	https://www.leonwang.cc/ielts-vocab/data-4.js?v=20260618-1
4	太空探索	30	flyby	/ˈflaɪbaɪ/	n.	识记	（航天器对行星或卫星的）飞掠		The spacecraft performed a flyby of Jupiter to gather data before heading deeper into space.	航天器飞掠木星收集数据，然后向太空更深处进发。	也可拼作 fly-by。	https://www.leonwang.cc/ielts-vocab/data-4.js?v=20260618-1
4	太空探索	31	observatory	/əbˈzɜːvətəri/	n.	低频	天文台		The observatory on the remote mountain peak offers excellent conditions for stargazing.	偏远山顶上的天文台提供了极佳的观星条件。	搭配：space observatory 太空天文台。	https://www.leonwang.cc/ielts-vocab/data-4.js?v=20260618-1
4	太空探索	32	telescope	/ˈtelɪskəʊp/	n.	高频	望远镜		With a small telescope, you can clearly see the craters on the moon and the rings of Saturn.	用一架小型望远镜，你可以清楚地看到月球上的陨石坑和土星的光环。	搭配：radio telescope 射电望远镜。	https://www.leonwang.cc/ielts-vocab/data-4.js?v=20260618-1
4	太空探索	33	spectacle	/ˈspektəkəl/	n.	低频	壮观的景象；奇观；[~s] 眼镜	spectacular adj. 壮观的；字根spect（看）→ 用来看的东西	The total solar eclipse was an unforgettable spectacle that attracted viewers from across the globe.	日全食是一场令人难忘的奇观，吸引了全球各地的观看者。	复数 spectacles 可指眼镜。	https://www.leonwang.cc/ielts-vocab/data-4.js?v=20260618-1
4	太空探索	34	orbit	/ˈɔːbɪt/	n.	核心	轨道		The satellite was placed into a stable orbit around the Earth at an altitude of 400 kilometres.	卫星被送入距地球400公里的稳定轨道。	搭配：put into orbit 送入轨道。	https://www.leonwang.cc/ielts-vocab/data-4.js?v=20260618-1
4	太空探索	35	ecliptic	/ɪˈklɪptɪk/	n.	识记	黄道		The ecliptic is the apparent path of the Sun against the background stars throughout the year.	黄道是太阳一年中在背景恒星间的视轨迹。	天文学术语，了解即可。	https://www.leonwang.cc/ielts-vocab/data-4.js?v=20260618-1
4	太空探索	36	diameter	/daɪˈæmɪtə/	n.	核心	直径	dia（通过）+ meter（测量）→ 测量通过中心的线段长度	The diameter of the asteroid was estimated to be roughly 500 metres.	这颗小行星的直径估计约为500米。	搭配：in diameter 在直径上。	https://www.leonwang.cc/ielts-vocab/data-4.js?v=20260618-1
4	太空探索	37	radius	/ˈreɪdiəs/	n.	核心	半径		They searched for the missing hiker within a radius of five kilometres from the camp.	他们在营地五公里半径范围内搜寻失踪的徒步者。	复数形式为 radii。	https://www.leonwang.cc/ielts-vocab/data-4.js?v=20260618-1
4	太空探索	38	substance	/ˈsʌbstəns/	n.	核心	物质；实质，要旨	substantial adj. 大量的；牢固的	Water is a fascinating substance because it exists in all three states on Earth.	水是一种迷人的物质，因为它在地球上以三种状态存在。	搭配：a controlled substance 管控物质。	https://www.leonwang.cc/ielts-vocab/data-4.js?v=20260618-1
4	太空探索	39	particle	/ˈpɑːtɪkəl/	n.	核心	颗粒，微粒；极小量		Air filters remove tiny dust particles that can cause allergies and breathing problems.	空气过滤器清除可能导致过敏和呼吸问题的微小灰尘颗粒。	搭配：particle physics 粒子物理学。	https://www.leonwang.cc/ielts-vocab/data-4.js?v=20260618-1
4	太空探索	40	molecule	/ˈmɒlɪkjuːl/	n.	核心	分子		A molecule of DNA carries the genetic instructions essential for the development of living organisms.	DNA分子携带着生物体发育所必需的遗传指令。	分子由原子组成。	https://www.leonwang.cc/ielts-vocab/data-4.js?v=20260618-1
4	太空探索	41	atom	/ˈætəm/	n.	核心	原子	源自希腊语atomos（不可分割）	Every cell in our body is made up of countless atoms arranged in complex molecules.	我们身体中的每一个细胞都由无数个排列成复杂分子的原子构成。	atom bomb 原子弹。	https://www.leonwang.cc/ielts-vocab/data-4.js?v=20260618-1
4	太空探索	42	ion	/ˈaɪən/	n.	低频	离子		When table salt dissolves in water, it separates into sodium and chloride ions.	食盐溶于水时，会分解成钠离子和氯离子。	搭配：ion channel 离子通道。	https://www.leonwang.cc/ielts-vocab/data-4.js?v=20260618-1
4	太空探索	43	electron	/ɪˈlektrɒn/	n.	低频	电子		In a conductor, free-moving electrons carry electric charge from one end to the other.	在导体中，自由移动的电子将电荷从一端带到另一端。	搭配：electron microscope 电子显微镜。	https://www.leonwang.cc/ielts-vocab/data-4.js?v=20260618-1
4	太空探索	44	quantum	/ˈkwɒntəm/	n.	识记	量子		Quantum computing has the potential to solve problems that traditional computers cannot handle.	量子计算有潜力解决传统计算机无法处理的问题。	搭配：quantum mechanics 量子力学。	https://www.leonwang.cc/ielts-vocab/data-4.js?v=20260618-1
4	太空探索	45	liquid	/ˈlɪkwɪd/	n.	核心	液体 adj. 液态的		Water is the only substance on Earth found naturally as a solid, a liquid, and a gas.	水是地球上唯一一种自然存在的固、液、气三态物质。	搭配：liquid assets 流动资产。	https://www.leonwang.cc/ielts-vocab/data-4.js?v=20260618-1
4	太空探索	46	fluid	/ˈfluːɪd/	n.	核心	液体，流体 adj. 流动的		When you have a fever, doctors recommend that you drink plenty of fluids to stay hydrated.	发烧时，医生建议多喝水以保持体内水分。	流体包括液体和气体。	https://www.leonwang.cc/ielts-vocab/data-4.js?v=20260618-1
4	太空探索	47	solid	/ˈsɒlɪd/	n.	核心	固体 adj. 固体的；牢固的		Ice is the solid form of water, which melts into a liquid when heated.	冰是水的固体形态，加热时会融化成液体。	三态：solid，liquid，gas。	https://www.leonwang.cc/ielts-vocab/data-4.js?v=20260618-1
4	太空探索	48	synthesis	/ˈsɪnθəsɪs/	n.	高频	合成；综合	synthetic adj. 合成的	The laboratory successfully achieved the synthesis of a new compound that shows anti-cancer properties.	实验室成功合成了一种具有抗癌特性的新化合物。	搭配：protein synthesis 蛋白质合成。	https://www.leonwang.cc/ielts-vocab/data-4.js?v=20260618-1
4	太空探索	49	formation	/fɔːˈmeɪʃən/	n.	核心	形成		The formation of galaxies is thought to have begun shortly after the Big Bang.	星系的形成被认为在大爆炸后不久就开始了。	搭配：rock formation 岩层。	https://www.leonwang.cc/ielts-vocab/data-4.js?v=20260618-1
4	太空探索	50	method	/ˈmeθəd/	n.	核心	方法	methodology n. 方法学	Researchers are developing new methods to detect water on planets outside our solar system.	研究人员正在开发新方法来探测太阳系外行星上的水。	搭配：scientific method 科学方法。	https://www.leonwang.cc/ielts-vocab/data-4.js?v=20260618-1
4	太空探索	51	spectrum	/ˈspektrəm/	n.	高频	光谱；范围		A prism can break a beam of white light into a spectrum of different colours.	棱镜可以将一束白光分解成不同颜色的光谱。	复数 spectra；搭配：broad spectrum 广谱。	https://www.leonwang.cc/ielts-vocab/data-4.js?v=20260618-1
4	太空探索	52	dimension	/daɪˈmenʃən/	n.	高频	范围；维（度）	3D = three-dimensional	In physics, time is often treated as a fourth dimension alongside the three of space.	在物理学中，时间常被视作与空间的三维并列的第四维。	搭配：of great dimensions 规模宏大的。	https://www.leonwang.cc/ielts-vocab/data-4.js?v=20260618-1
4	太空探索	53	frequency	/ˈfriːkwənsi/	n.	核心	频率；发生次数	frequent adj. 频繁的	The frequency of extreme weather events seems to be increasing due to climate change.	由于气候变化，极端天气事件的发生频率似乎在增加。	搭配：high/low frequency 高/低频。	https://www.leonwang.cc/ielts-vocab/data-4.js?v=20260618-1
4	太空探索	54	signal	/ˈsɪɡnəl/	n.	核心	信号	sign n. 符号	The radio telescope detected a faint but regular signal coming from a distant pulsar.	射电望远镜探测到来自遥远脉冲星的微弱但规律的信号。	搭配：send a signal 发送信号。	https://www.leonwang.cc/ielts-vocab/data-4.js?v=20260618-1
4	太空探索	55	antenna	/ænˈtenə/	n.	低频	天线		The spacecraft extended a long antenna to send data back to Earth.	航天器伸出一根长天线，将数据发回地球。	复数形式 antennae 或 antennas。	https://www.leonwang.cc/ielts-vocab/data-4.js?v=20260618-1
4	太空探索	56	circuit	/ˈsɜːkɪt/	n.	低频	线路，电路；巡回		When the circuit is complete, electricity can flow and the light bulb will shine.	当电路闭合时，电流通过，灯泡就会发光。	搭配：integrated circuit 集成电路。	https://www.leonwang.cc/ielts-vocab/data-4.js?v=20260618-1
4	太空探索	57	refraction	/rɪˈfrækʃən/	n.	识记	折射		Refraction causes a pencil placed in a glass of water to look bent at the surface.	折射使放在水杯中的铅笔在水面处看起来弯折。	常见光学现象。	https://www.leonwang.cc/ielts-vocab/data-4.js?v=20260618-1
4	太空探索	58	ultraviolet	/ˌʌltrəˈvaɪələt/	n.	高频	紫外辐射 adj. 紫外线的	infrared n. 红外辐射	Sunscreen protects the skin from the sun's harmful ultraviolet rays that can cause sunburn.	防晒霜保护皮肤免受太阳有害紫外线的伤害，这些紫外线可导致晒伤。	缩写为 UV。	https://www.leonwang.cc/ielts-vocab/data-4.js?v=20260618-1
4	太空探索	59	radioactive	/ˌreɪdiəʊˈæktɪv/	adj.	低频	放射性的	radio（发光）+ active（活性的）	The radioactive material must be stored in specially designed containers to prevent leakage.	放射性物质必须存放在特制容器中，以防泄漏。	搭配：radioactive decay 放射性衰变。	https://www.leonwang.cc/ielts-vocab/data-4.js?v=20260618-1
4	太空探索	60	distinct	/dɪˈstɪŋkt/	adj.	核心	明显的；截然不同的	distinctive adj. 有特色的；distinguish v. 区分	The newly discovered species has several distinct features that set it apart from its relatives.	新发现的物种有几个明显的特征，将其与它的近亲区分开来。	搭配：distinct from 与......完全不同。	https://www.leonwang.cc/ielts-vocab/data-4.js?v=20260618-1
4	太空探索	61	discernible	/dɪˈsɜːnɪbəl/	adj.	低频	可辨别的，看得清的	indiscernible adj. 看不清的	After the fog cleared, the outline of the distant mountains became barely discernible.	雾散后，远山的轮廓勉强可辨。	常用否定形式：no discernible effect 无明显效果。	https://www.leonwang.cc/ielts-vocab/data-4.js?v=20260618-1
4	太空探索	62	invisible	/ɪnˈvɪzəbəl/	adj.	核心	看不见的		Many gases are invisible, making leaks dangerous because they cannot be seen or smelled.	许多气体是看不见的，这使得泄漏很危险，因为它们看不到也闻不到。	反义词：visible。	https://www.leonwang.cc/ielts-vocab/data-4.js?v=20260618-1
4	太空探索	63	collision	/kəˈlɪʒən/	n.	高频	碰撞事故；冲突	来自collide（v. 碰撞）	Two satellites were destroyed in a high-speed collision, leaving thousands of pieces of debris in orbit.	两颗卫星在高速碰撞中被毁，在轨道上留下了数千块碎片。	搭配：a collision with 与......的碰撞事故。	https://www.leonwang.cc/ielts-vocab/data-4.js?v=20260618-1
4	太空探索	64	squash	/skwɒʃ/	v.	识记	压扁 n. 壁球	壁球击中墙壁时发出squash的声音	Be careful not to squash the ripe strawberries when you pack them into the basket.	把熟草莓装进篮子时，小心别压扁它们。	名词也指南瓜属植物。	https://www.leonwang.cc/ielts-vocab/data-4.js?v=20260618-1
4	太空探索	65	fragment	/ˈfræɡmənt/	n.	低频	碎片，片断		Archaeologists carefully pieced together small fragments of pottery to reconstruct the ancient bowl.	考古学家仔细地拼凑陶器碎片，复原了这只古代碗。	动词读 /fræɡˈment/，意为（使）碎裂。	https://www.leonwang.cc/ielts-vocab/data-4.js?v=20260618-1
4	太空探索	66	despair	/dɪˈspeə/	v./n.	低频	绝望		After several failed attempts, a sense of despair began to set in among the rescue team.	几次尝试失败后，救援队中开始弥漫一种绝望感。	搭配：despair of 对......绝望。	https://www.leonwang.cc/ielts-vocab/data-4.js?v=20260618-1
4	太空探索	67	desperate	/ˈdespərət/	adj.	核心	绝望的；极需要的	字根sper（希望）+ de（没有）→ 没有希望的	The stranded hikers were desperate for water after wandering in the desert for two days.	在沙漠中游荡了两天后，被困的徒步者极度渴望喝水。	搭配：be desperate for 急需......	https://www.leonwang.cc/ielts-vocab/data-4.js?v=20260618-1
4	太空探索	68	overwhelming	/ˌəʊvəˈwelmɪŋ/	adj.	低频	压倒性的	over（在......上）+ whelm（淹没）→ 压倒	The overwhelming majority of scientists agree that climate change is primarily caused by human activity.	压倒性多数的科学家一致认为，气候变化主要是由人类活动引起的。	搭配：overwhelming evidence 压倒性的证据。	https://www.leonwang.cc/ielts-vocab/data-4.js?v=20260618-1
4	太空探索	69	cataclysmic	/ˌkætəˈklɪzmɪk/	adj.	识记	剧变的；灾难性的		The asteroid impact had cataclysmic effects on the climate, leading to the extinction of the dinosaurs.	小行星撞击对气候造成了灾难性影响，导致恐龙灭绝。	名词 cataclysm 大灾难。	https://www.leonwang.cc/ielts-vocab/data-4.js?v=20260618-1
4	太空探索	70	hopeless	/ˈhəʊpləs/	adj.	低频	无望的；极差的	后缀-less 表示“没有......的”	After hours of searching in the thick fog, the team felt the situation was hopeless.	在浓雾中搜寻数小时后，团队觉得情况已经无望了。	反义词：hopeful。	https://www.leonwang.cc/ielts-vocab/data-4.js?v=20260618-1
5	学校教育	1	education	/edjuˈkeɪʃən/	n.	核心	教育；教育学	e（向外）+ duc（引导）+ ation（后缀）→ 引导出学习的兴趣和天性 → 教育	A quality education equips individuals with the skills needed to succeed in life.	优质的教育使个人具备在生活中取得成功所需的技能。	educate v. 教育；educational adj. 教育的。	https://www.leonwang.cc/ielts-vocab/data-5.js?v=20260618-1
5	学校教育	2	primary	/ˈpraɪməri/	adj.	核心	主要的；最初的；小学教育的		The primary goal of the project is to improve literacy rates among children.	该项目的主要目标是提高儿童的识字率。	搭配：primary school 小学；primary election 初选。	https://www.leonwang.cc/ielts-vocab/data-5.js?v=20260618-1
5	学校教育	3	secondary	/ˈsekəndəri/	adj.	核心	中等教育的；次要的		While salary is important, job satisfaction is not a secondary consideration.	虽然薪水很重要，但工作满意度并非次要的考虑因素。	搭配：secondary school 中学。	https://www.leonwang.cc/ielts-vocab/data-5.js?v=20260618-1
5	学校教育	4	university	/ˌjuːnɪˈvɜːsəti/	n.	核心	（综合性）大学	vers 表示“转”，如：diverse（不同的），adverse（不利的），conversation（交谈），universe（宇宙），university（大学）	She decided to pursue a degree in engineering at a leading university.	她决定在一所顶尖大学攻读工程学学位。	搭配：go to university 上大学。	https://www.leonwang.cc/ielts-vocab/data-5.js?v=20260618-1
5	学校教育	5	college	/ˈkɒlɪdʒ/	n.	核心	学院；大学		After graduating from college, he started his own business.	大学毕业后，他创办了自己的公司。	搭配：go to college 上大学；community college 社区学院。	https://www.leonwang.cc/ielts-vocab/data-5.js?v=20260618-1
5	学校教育	6	institute	/ˈɪnstɪtjuːt/	n.	高频	研究所，学院	institution n. 制度；（大学、教会等规模大的）机构	The research institute published a groundbreaking study on renewable energy.	该研究所发表了一项关于可再生能源的突破性研究。	institution 是更广泛的机构。	https://www.leonwang.cc/ielts-vocab/data-5.js?v=20260618-1
5	学校教育	7	academy	/əˈkædəmi/	n.	低频	专科院校；（美国的）私立中学；研究院，学会	academic adj. 学院的；学术的	He was accepted into a prestigious military academy after passing rigorous exams.	在通过严格的考试后，他被一所著名的军事院校录取。	academic 学术的。	https://www.leonwang.cc/ielts-vocab/data-5.js?v=20260618-1
5	学校教育	8	learn	/lɜːn/	v.	核心	学习；得知	learning n. 学习；知识； learned adj. 有学问的；学术性的	Children learn best when they are actively engaged in the process.	当孩子们积极参与过程时，他们学得最好。	搭配：learn from 从……中学习。	https://www.leonwang.cc/ielts-vocab/data-5.js?v=20260618-1
5	学校教育	9	study	/ˈstʌdi/	v./n.	核心	学习；研究		She plans to study abroad for a semester to broaden her horizons.	她计划出国学习一个学期以开阔视野。	搭配：do a study 进行一项研究。	https://www.leonwang.cc/ielts-vocab/data-5.js?v=20260618-1
5	学校教育	10	acquire	/əˈkwaɪə/	v.	核心	获得（技能、知识等）；购得	acquisition n. 习得；获得，取得	It takes years of practice to acquire a high level of proficiency in a language.	要获得高水平的语言能力需要多年的练习。	名词 acquisition。	https://www.leonwang.cc/ielts-vocab/data-5.js?v=20260618-1
5	学校教育	11	knowledge	/ˈnɒlɪdʒ/	n.	核心	知识，学识；知悉	knowledgeable adj. 知识渊博的	Sharing knowledge freely with colleagues creates a more productive work environment.	与同事自由分享知识能创造一个更高效的工作环境。	搭配：to my knowledge 据我所知。	https://www.leonwang.cc/ielts-vocab/data-5.js?v=20260618-1
5	学校教育	12	expertise	/ˌekspɜːˈtiːz/	n.	高频	专门知识，专门技能	expert n. 专家	The consultant brought valuable expertise in digital marketing to the team.	这位顾问为团队带来了数字营销方面的宝贵专业知识。	expert 专家。	https://www.leonwang.cc/ielts-vocab/data-5.js?v=20260618-1
5	学校教育	13	novice	/ˈnɒvɪs/	n.	识记	新手	源自拉丁语 novus，表示“新（new）”	As a novice in the kitchen, she still relies on recipes for simple dishes.	作为厨房新手，她做简单的菜仍然要依赖食谱。	反义词：expert 专家。	https://www.leonwang.cc/ielts-vocab/data-5.js?v=20260618-1
5	学校教育	14	issue	/ˈɪʃuː/	n.	核心	重要问题；发行 v. 公布，发出		The report raises important issues about the quality of healthcare in rural areas.	该报告提出了关于农村地区医疗质量的重要问题。	搭配：social issue 社会问题。	https://www.leonwang.cc/ielts-vocab/data-5.js?v=20260618-1
5	学校教育	15	affair	/əˈfeə/	n.	高频	事件；[~s] 公共事务，政治事务		The minister is responsible for managing foreign affairs and international relations.	部长负责处理外交事务和国际关系。	搭配：state affairs 国务。	https://www.leonwang.cc/ielts-vocab/data-5.js?v=20260618-1
5	学校教育	16	controversial	/ˌkɒntrəˈvɜːʃəl/	adj.	高频	有争议的		The new education policy remains highly controversial among teachers and parents.	新的教育政策在教师和家长中仍极具争议。	搭配：a controversial issue 有争议的问题。	https://www.leonwang.cc/ielts-vocab/data-5.js?v=20260618-1
5	学校教育	17	recruit	/rɪˈkruːt/	v.	高频	吸收（新成员）	re（再）+ cru（生长）+ it（后缀）→ 再次增多 → 增加新成员	The university launched a campaign to recruit more international students.	这所大学发起了一场运动来招收更多的国际学生。	recruitment n. 招聘。	https://www.leonwang.cc/ielts-vocab/data-5.js?v=20260618-1
5	学校教育	18	literate	/ˈlɪtərət/	adj.	高频	有读写能力的	literacy n. 读写能力	Being digitally literate is an essential skill in today's job market.	具备数字素养是当今就业市场的一项基本技能。	反义词：illiterate 文盲的。	https://www.leonwang.cc/ielts-vocab/data-5.js?v=20260618-1
5	学校教育	19	illiteracy	/ɪˈlɪtərəsi/	n.	低频	文盲		The government aims to eliminate illiteracy within the next five years.	政府的目标是在未来五年内消除文盲。	搭配：eliminate illiteracy 扫除文盲。	https://www.leonwang.cc/ielts-vocab/data-5.js?v=20260618-1
5	学校教育	20	numerate	/ˈnjuːmərət/	adj.	识记	识数的，有计算能力的	numeracy n. 计算能力	Basic numeracy skills are necessary for understanding personal finances.	基本的计算能力对于理解个人财务是必要的。	numeracy 计算能力。	https://www.leonwang.cc/ielts-vocab/data-5.js?v=20260618-1
5	学校教育	21	problem	/ˈprɒbləm/	n.	核心	习题；问题		Solving complex math problems helps develop logical thinking skills.	解决复杂的数学问题有助于培养逻辑思维能力。	搭配：solve a problem 解决问题。	https://www.leonwang.cc/ielts-vocab/data-5.js?v=20260618-1
5	学校教育	22	puzzle	/ˈpʌzəl/	n.	低频	难题；谜 v. 使迷惑		The crossword puzzle in today's newspaper was particularly challenging.	今天报纸上的填字游戏特别有挑战性。	puzzled adj. 困惑的。	https://www.leonwang.cc/ielts-vocab/data-5.js?v=20260618-1
5	学校教育	23	riddle	/ˈrɪdəl/	n.	识记	谜，谜语		The old man spoke in riddles that were hard for the children to interpret.	老人说的话像谜语，孩子们很难理解。	搭配：solve a riddle 解谜。	https://www.leonwang.cc/ielts-vocab/data-5.js?v=20260618-1
5	学校教育	24	obscure	/əbˈskjʊə/	adj.	低频	难以理解的		The professor's lecture was filled with obscure references that confused the students.	教授的讲座充满了晦涩的引用，让学生们很困惑。	动词意为“使模糊”。	https://www.leonwang.cc/ielts-vocab/data-5.js?v=20260618-1
5	学校教育	25	instil	/ɪnˈstɪl/	v.	低频	逐渐灌输	in（进入）+ stil（滴）→ 滴进去	Parents and teachers should work together to instil a love of reading in children.	家长和老师应该共同努力，向孩子们灌输对阅读的热爱。	同义词：implant, infuse。	https://www.leonwang.cc/ielts-vocab/data-5.js?v=20260618-1
5	学校教育	26	cram	/kræm/	v.	低频	把......塞进；（为应考）临时死记硬背		Cramming the night before an exam is not an effective long-term study strategy.	考前临时抱佛脚不是有效的长期学习策略。	搭配：cram for an exam 考前突击。	https://www.leonwang.cc/ielts-vocab/data-5.js?v=20260618-1
5	学校教育	27	emphasise	/ˈemfəsaɪz/	v.	核心	强调，着重	emphasis n. 强调，重点	The teacher emphasised the importance of regular revision for exam success.	老师强调了定期复习对于考试成功的重要性。	名词 emphasis。	https://www.leonwang.cc/ielts-vocab/data-5.js?v=20260618-1
5	学校教育	28	enhance	/ɪnˈhɑːns/	v.	核心	提高，增强		Taking part in extracurricular activities can significantly enhance your university application.	参加课外活动能显著增强你的大学申请竞争力。	enhancement n. 增强。	https://www.leonwang.cc/ielts-vocab/data-5.js?v=20260618-1
5	学校教育	29	enable	/ɪˈneɪbəl/	v.	核心	使能够	able adj. 能够......的； ability n. 能力	This scholarship will enable talented students from low-income families to attend university.	这项奖学金将使来自低收入家庭的优秀学生能够上大学。	搭配：enable sb. to do sth.。	https://www.leonwang.cc/ielts-vocab/data-5.js?v=20260618-1
5	学校教育	30	inspire	/ɪnˈspaɪə/	v.	核心	鼓舞；给......灵感	in（进入）+ spire（呼吸）→ 吸入活力，吸收灵感 → 鼓舞；给......灵感	The documentary inspired many young people to pursue careers in science.	这部纪录片鼓舞了许多年轻人从事科学事业。	inspiration n. 灵感。	https://www.leonwang.cc/ielts-vocab/data-5.js?v=20260618-1
5	学校教育	31	motive	/ˈməʊtɪv/	n.	高频	动机，（行动的）缘由		Detectives are still trying to establish a motive for the crime.	侦探们仍在努力确定犯罪动机。	motivate v. 激发。	https://www.leonwang.cc/ielts-vocab/data-5.js?v=20260618-1
5	学校教育	32	motivate	/ˈməʊtɪveɪt/	v.	核心	激发，驱使	mov/mob/mot 表示“移动”，如：motivate（激发），motive（动机），motion（运动），motor（发动机），promote（晋升），remote（遥远的），emotion（情绪）	A good leader knows how to motivate employees to perform at their best.	好的领导者知道如何激励员工发挥最佳水平。	名词 motivation。	https://www.leonwang.cc/ielts-vocab/data-5.js?v=20260618-1
5	学校教育	33	stimulate	/ˈstɪmjʊleɪt/	v.	高频	刺激；激励	stimulation n. 刺激；激励； stimulus n. 刺激物；激励因素	Educational toys are designed to stimulate a child's imagination and curiosity.	教育玩具旨在激发孩子的想象力和好奇心。	名词 stimulus 复数 stimuli。	https://www.leonwang.cc/ielts-vocab/data-5.js?v=20260618-1
5	学校教育	34	spur	/spɜː/	v.	低频	鞭策，刺激 n. 马刺；刺激		The desire to support her family spurred her to work two jobs.	养家的愿望鞭策她打两份工。	搭配：spur sb. to do sth.。	https://www.leonwang.cc/ielts-vocab/data-5.js?v=20260618-1
5	学校教育	35	impetus	/ˈɪmpɪtəs/	n.	低频	推动，促进；动量；惯性		The new funding provided fresh impetus for the medical research project.	新的资金为这项医学研究项目提供了新的动力。	注意词性：名词。	https://www.leonwang.cc/ielts-vocab/data-5.js?v=20260618-1
5	学校教育	36	indulge	/ɪnˈdʌldʒ/	v.	低频	迁就，放任；沉湎；让......享受一下	indulgent adj. 放纵的，溺爱的	Parents should not indulge every whim of their children.	父母不应该对孩子的每一个心血来潮都迁就。	搭配：indulge in 沉湎于。	https://www.leonwang.cc/ielts-vocab/data-5.js?v=20260618-1
5	学校教育	37	spoil	/spɔɪl/	v.	高频	宠坏，溺爱；破坏，糟蹋		Constantly giving in to a child's demands can spoil them and lead to behavioral issues.	不断顺从孩子的要求会宠坏他们，导致行为问题。	搭配：spoil the fun 扫兴。	https://www.leonwang.cc/ielts-vocab/data-5.js?v=20260618-1
5	学校教育	38	abuse	/əˈbjuːz/	v./n.	核心	滥用；虐待		The system is in place to prevent the abuse of power by officials.	该制度旨在防止官员滥用权力。	搭配：child abuse 虐待儿童；alcohol abuse 酗酒。	https://www.leonwang.cc/ielts-vocab/data-5.js?v=20260618-1
5	学校教育	39	intelligent	/ɪnˈtelɪdʒənt/	adj.	核心	聪明的，有才智的	intelligence n. 智慧，智力； intellectual adj. 智力的 n. 知识分子； intelligible adj. 可理解的，明白易懂的	An intelligent approach to studying involves understanding concepts rather than memorizing facts.	聪明的学习方法涉及理解概念，而不是死记硬背事实。	名词 intelligence。	https://www.leonwang.cc/ielts-vocab/data-5.js?v=20260618-1
5	学校教育	40	elite	/eɪˈliːt/	n.	高频	精英人物；精华；上层人士		The university has a reputation for educating the nation's future elite.	这所大学以培养国家未来的精英而闻名。	elite athletes 精英运动员。	https://www.leonwang.cc/ielts-vocab/data-5.js?v=20260618-1
5	学校教育	41	idiot	/ˈɪdiət/	n.	识记	白痴，傻瓜		He felt like an idiot when he realized he had been reading the map upside down.	当他意识到自己把地图拿倒了时，他觉得自己像个傻瓜。	非正式用语，慎用。	https://www.leonwang.cc/ielts-vocab/data-5.js?v=20260618-1
5	学校教育	42	wisdom	/ˈwɪzdəm/	n.	高频	智慧；学问		The wisdom gained from life experience is often more valuable than academic knowledge.	从生活经验中获得的智慧往往比学术知识更有价值。	反义词：folly 愚蠢。	https://www.leonwang.cc/ielts-vocab/data-5.js?v=20260618-1
5	学校教育	43	wit	/wɪt/	n.	低频	风趣的人；机智，风趣；智慧		Her quick wit and humour made her a popular speaker at the conference.	她的机智和幽默使她成为会议上受欢迎的演讲者。	搭配：at one's wit's end 不知所措。	https://www.leonwang.cc/ielts-vocab/data-5.js?v=20260618-1
5	学校教育	44	aptitude	/ˈæptɪtjuːd/	n.	低频	天生的才能，资质	apt adj. 恰当的；聪明的	The aptitude test showed that she had a natural talent for languages.	能力倾向测试显示她在语言方面有天赋。	搭配：aptitude for music 音乐天赋。	https://www.leonwang.cc/ielts-vocab/data-5.js?v=20260618-1
5	学校教育	45	clever	/ˈklevə/	adj.	核心	聪明的；精明的		That was a clever solution to a seemingly impossible problem.	那是一个对看似不可能的问题的巧妙解决方案。	比较级 cleverer，最高级 cleverest。	https://www.leonwang.cc/ielts-vocab/data-5.js?v=20260618-1
5	学校教育	46	smart	/smɑːt/	adj.	核心	聪明的；智能的		Smart technology is changing the way students interact with educational content.	智能技术正在改变学生与教育内容互动的方式。	smartphone 智能手机。	https://www.leonwang.cc/ielts-vocab/data-5.js?v=20260618-1
5	学校教育	47	capable	/ˈkeɪpəbəl/	adj.	核心	有能力的，有才能的	capability n. 能力； capacity n. 能力；容积	She is a highly capable researcher who has published several influential papers.	她是一位能力出众的研究员，发表过几篇有影响力的论文。	搭配：be capable of 能够。	https://www.leonwang.cc/ielts-vocab/data-5.js?v=20260618-1
5	学校教育	48	all-round	/ˌɔːlˈraʊnd/	adj.	低频	有多方面才能的，全面的		The school aims to provide an all-round education that develops both academic and social skills.	学校旨在提供全面教育，培养学术和社交技能。	同义：well-rounded。	https://www.leonwang.cc/ielts-vocab/data-5.js?v=20260618-1
5	学校教育	49	excellent	/ˈeksələnt/	adj.	核心	优秀的，杰出的	excel v. 擅长，突出	The student received excellent grades in all her subjects this semester.	这名学生这学期所有科目的成绩都很优秀。	名词 excellence。	https://www.leonwang.cc/ielts-vocab/data-5.js?v=20260618-1
5	学校教育	50	genius	/ˈdʒiːniəs/	n.	低频	天才人物；天赋	gen 意为“生”，如：genius（生来如此 → 天才），gene（基因），regenerate（再生）	Einstein is often regarded as one of the greatest scientific geniuses of all time.	爱因斯坦常被认为是有史以来最伟大的科学天才之一。	复数 geniuses。	https://www.leonwang.cc/ielts-vocab/data-5.js?v=20260618-1
5	学校教育	51	outstanding	/aʊtˈstændɪŋ/	adj.	高频	突出的，杰出的		The teacher was given an award for her outstanding contribution to education.	这位老师因对教育做出的杰出贡献而获奖。	也可指债务等未偿付的。	https://www.leonwang.cc/ielts-vocab/data-5.js?v=20260618-1
5	学校教育	52	brilliant	/ˈbrɪljənt/	adj.	高频	光辉的；聪颖的；（光线等）明亮的；非常好的		She came up with a brilliant idea for the science fair project.	她为科学展项目想出了一个绝妙的主意。	名词 brilliance。	https://www.leonwang.cc/ielts-vocab/data-5.js?v=20260618-1
5	学校教育	53	prestige	/preˈstiːʒ/	n.	高频	威望，声望	prestigious adj. 有名望的，享有声望的	Working at a company with international prestige can advance one's career significantly.	在一家享有国际声望的公司工作可以极大地推动职业发展。	prestigious universities 名校。	https://www.leonwang.cc/ielts-vocab/data-5.js?v=20260618-1
5	学校教育	54	reputation	/ˌrepjʊˈteɪʃən/	n.	核心	名誉，声誉	reputable adj. 声誉好的，享有声望的	The university has built a strong reputation for its research output in environmental science.	这所大学因其在环境科学方面的研究成果而建立了良好的声誉。	搭配：damage one's reputation 损害名誉。	https://www.leonwang.cc/ielts-vocab/data-5.js?v=20260618-1
5	学校教育	55	eminent	/ˈemɪnənt/	adj.	低频	著名的；杰出的	min 表示“突出”，eminent 为 e（向外）+ min（突出）+ ent → 杰出的	The conference was attended by several eminent scholars from around the world.	几位来自世界各地的著名学者出席了会议。	近义词：distinguished, prominent。	https://www.leonwang.cc/ielts-vocab/data-5.js?v=20260618-1
5	学校教育	56	notorious	/nəʊˈtɔːriəs/	adj.	低频	声名狼藉的	notoriety n. 坏名声	The college is notorious for its strict disciplinary policies.	这所学院以其严格的纪律政策而声名狼藉。	反义词：famous 著名的（褒义）。	https://www.leonwang.cc/ielts-vocab/data-5.js?v=20260618-1
5	学校教育	57	esteem	/ɪˈstiːm/	v.	低频	尊重，尊敬	self-esteem n. 自尊（心）	In many cultures, teachers are highly esteemed for their role in shaping young minds.	在许多文化中，教师因在塑造年轻人思想方面的作用而备受尊敬。	self-esteem 自尊。	https://www.leonwang.cc/ielts-vocab/data-5.js?v=20260618-1
5	学校教育	58	respect	/rɪˈspekt/	n./v.	核心	尊敬，敬重	respectable adj. 可敬的； respectful adj. 表示敬意的	Mutual respect between teachers and students creates a positive learning environment.	师生之间的相互尊重创造出积极的学习环境。	搭配：show respect 表示尊敬。	https://www.leonwang.cc/ielts-vocab/data-5.js?v=20260618-1
5	学校教育	59	diligent	/ˈdɪlɪdʒənt/	adj.	核心	勤勉的，勤奋的		Diligent students tend to perform better academically over the long term.	勤奋的学生从长远来看往往在学业上表现更好。	搭配：diligent in 勤勉于。	https://www.leonwang.cc/ielts-vocab/data-5.js?v=20260618-1
5	学校教育	60	painstaking	/ˈpeɪnzˌteɪkɪŋ/	adj.	低频	极其仔细的，辛苦的		The researcher conducted a painstaking analysis of the historical documents.	研究人员对历史文献进行了极其仔细的分析。	搭配：painstaking effort 艰苦的努力。	https://www.leonwang.cc/ielts-vocab/data-5.js?v=20260618-1
5	学校教育	61	skill	/skɪl/	n.	核心	技巧，技能	skilled adj. 有技能的，熟练的； skillful adj. 巧妙的；娴熟的	Public speaking is a skill that can be developed with practice and feedback.	公共演讲是一项可以通过练习和反馈来培养的技能。	搭配：practical skills 实用技能。	https://www.leonwang.cc/ielts-vocab/data-5.js?v=20260618-1
5	学校教育	62	approach	/əˈprəʊtʃ/	n.	核心	方法 v. 接近		A hands-on approach to learning often produces better results than passive listening.	动手实践的学习方法通常比被动听课产生更好的效果。	搭配：a fresh approach 新颖的方法。	https://www.leonwang.cc/ielts-vocab/data-5.js?v=20260618-1
5	学校教育	63	scheme	/skiːm/	n.	高频	计划，方案；阴谋 v. 谋划		The government introduced a new scheme to support students from disadvantaged backgrounds.	政府推出了一项新计划来支持来自弱势背景的学生。	搭配：a training scheme 培训计划。	https://www.leonwang.cc/ielts-vocab/data-5.js?v=20260618-1
5	学校教育	64	headmaster	/ˌhedˈmɑːstə/	n.	低频	[英] 男校长		The headmaster announced that the school would be introducing a new uniform policy.	男校长宣布学校将引入新的校服政策。	美式英语多用 principal。	https://www.leonwang.cc/ielts-vocab/data-5.js?v=20260618-1
5	学校教育	65	principal	/ˈprɪnsəpəl/	n.	高频	[美]（中小学）校长；[英]大学校长，学院院长 adj. 首要的		The principal invited parents to discuss the new curriculum changes.	校长邀请家长们讨论新的课程变化。	注意与 principle（原则）区分。	https://www.leonwang.cc/ielts-vocab/data-5.js?v=20260618-1
5	学校教育	66	dean	/diːn/	n.	低频	[大学的]学院院长，系主任		The dean of the medical school oversaw a significant increase in research funding.	医学院院长监督了研究经费的显著增长。	常见于大学。	https://www.leonwang.cc/ielts-vocab/data-5.js?v=20260618-1
5	学校教育	67	faculty	/ˈfækəlti/	n.	低频	[大学的]系，院；[美]（大学的）全体教员		The faculty of arts and humanities offers a wide selection of interdisciplinary courses.	艺术与人文学院提供广泛的跨学科课程。	faculty members 教职员。	https://www.leonwang.cc/ielts-vocab/data-5.js?v=20260618-1
5	学校教育	68	professor	/prəˈfesə/	n.	核心	教授		The professor encouraged her students to question traditional assumptions in the field.	教授鼓励她的学生质疑该领域的传统假设。	associate professor 副教授。	https://www.leonwang.cc/ielts-vocab/data-5.js?v=20260618-1
5	学校教育	69	scholar	/ˈskɒlə/	n.	高频	学者		As a scholar of ancient history, she spent years studying archaeological evidence.	作为一名古代史学者，她花了多年时间研究考古证据。	scholarship 奖学金，学识。	https://www.leonwang.cc/ielts-vocab/data-5.js?v=20260618-1
5	学校教育	70	scientist	/ˈsaɪəntɪst/	n.	核心	科学家		The scientist published her findings in a respected peer-reviewed journal.	这位科学家将她的发现发表在了一家受人尊敬的同行评审期刊上。	science n. 科学。	https://www.leonwang.cc/ielts-vocab/data-5.js?v=20260618-1
5	学校教育	71	mentor	/ˈmentɔː/	n.	低频	导师；顾问		Having a good mentor can greatly accelerate your professional development.	有一位好的导师可以大大加速你的职业发展。	mentorship n. 导师指导。	https://www.leonwang.cc/ielts-vocab/data-5.js?v=20260618-1
5	学校教育	72	tutor	/ˈtjuːtə/	n.	低频	家庭教师；（英国大学或学院中的）导师	tutorial n. 辅导课； tuition n. 教学，讲授	She worked as a private tutor to help high school students prepare for university entrance exams.	她担任私人教师，帮助高中生准备大学入学考试。	tuition 教学，学费。	https://www.leonwang.cc/ielts-vocab/data-5.js?v=20260618-1
5	学校教育	73	lecturer	/ˈlektʃərə/	n.	低频	[英]（大学的）讲师	lecture n. 演讲，讲课 v. 开讲座，讲课	The lecturer used interactive polls to keep the audience engaged during the talk.	讲师在演讲中使用互动投票来保持听众的参与度。	senior lecturer 高级讲师。	https://www.leonwang.cc/ielts-vocab/data-5.js?v=20260618-1
5	学校教育	74	assistant	/əˈsɪstənt/	n.	核心	助手，助理	TA (teaching assistant) 助教	The teaching assistant graded the quizzes and provided feedback to the students.	助教给测验打分并向学生提供反馈。	teaching assistant 助教。	https://www.leonwang.cc/ielts-vocab/data-5.js?v=20260618-1
5	学校教育	75	candidate	/ˈkændɪdət/	n.	高频	候选人；求职者；[英]考生	cand 表示“白”，古罗马竞选公职的人穿白色宽外袍	Each candidate was required to give a short presentation on their research proposal.	每位候选人都需要就其研究计划做一个简短的陈述。	candidacy n. 候选人资格。	https://www.leonwang.cc/ielts-vocab/data-5.js?v=20260618-1
5	学校教育	76	degree	/dɪˈɡriː/	n.	核心	学位；学位课程；程度		After completing her master's degree, she decided to continue onto a PhD programme.	完成硕士学位后，她决定继续攻读博士课程。	搭配：to a certain degree 在某种程度上。	https://www.leonwang.cc/ielts-vocab/data-5.js?v=20260618-1
5	学校教育	77	qualify	/ˈkwɒlɪfaɪ/	v.	核心	使具备资格；使有权	qualification n. 资历；资格	This training course will qualify you to work as a certified accountant.	这个培训课程将使你具备担任注册会计师的资格。	搭配：qualify sb. for sth.。	https://www.leonwang.cc/ielts-vocab/data-5.js?v=20260618-1
5	学校教育	78	certify	/ˈsɜːtɪfaɪ/	v.	低频	证明；颁发专业合格证书	certificate n. 合格证书；证明书； certification n. 证明，鉴定	The board will certify teachers who meet the required professional standards.	委员会将向符合规定专业标准的教师颁发证书。	certificate 证书。	https://www.leonwang.cc/ielts-vocab/data-5.js?v=20260618-1
5	学校教育	79	license	/ˈlaɪsəns/	n.	核心	执照，许可证		You need to obtain a driving license before you can legally drive a car.	你需要先取得驾驶执照才能合法驾驶汽车。	动词 license。	https://www.leonwang.cc/ielts-vocab/data-5.js?v=20260618-1
5	学校教育	80	permit	/ˈpɜːmɪt/	n.	高频	许可证		Students must apply for a parking permit to use the campus car park.	学生必须申请停车许可证才能使用校园停车场。	动词读 /pəˈmɪt/。	https://www.leonwang.cc/ielts-vocab/data-5.js?v=20260618-1
5	学校教育	81	diploma	/dɪˈpləʊmə/	n.	低频	毕业文凭		He was awarded a diploma in graphic design after completing the two-year course.	完成两年课程后，他获得了平面设计文凭。	diplomat 外交官。	https://www.leonwang.cc/ielts-vocab/data-5.js?v=20260618-1
5	学校教育	82	diplomat	/ˈdɪpləmæt/	n.	低频	外交官；善于交际的人		As a diplomat, she was posted to embassies in several Asian countries.	作为一名外交官，她被派驻到几个亚洲国家的大使馆。	diplomatic adj. 外交的。	https://www.leonwang.cc/ielts-vocab/data-5.js?v=20260618-1
5	学校教育	83	ambassador	/æmˈbæsədə/	n.	低频	大使	embassy n. 大使馆	The ambassador gave a speech at the cultural exchange event at the university.	大使在大学的文化交流活动上发表了演讲。	embassy 大使馆。	https://www.leonwang.cc/ielts-vocab/data-5.js?v=20260618-1
5	学校教育	84	pupil	/ˈpjuːpəl/	n.	低频	小学生；瞳孔		The school has about 500 pupils, ranging from ages six to eleven.	这所学校约有500名小学生，年龄从6岁到11岁不等。	pupil 也指瞳孔。	https://www.leonwang.cc/ielts-vocab/data-5.js?v=20260618-1
5	学校教育	85	graduate	/ˈɡrædʒʊət/	n.	核心	大学毕业生；[美]（大学、中学等的）毕业生	grad（步，级）+ uate → 达到一定级别，获得学位 → 毕业	The job fair attracted hundreds of recent graduates looking for employment.	招聘会吸引了数百名寻找工作的应届毕业生。	搭配：graduate from 从……毕业。	https://www.leonwang.cc/ielts-vocab/data-5.js?v=20260618-1
5	学校教育	86	ceremony	/ˈserɪməni/	n.	高频	典礼；礼节		The graduation ceremony was held outdoors, with families and friends in attendance.	毕业典礼在户外举行，家人和朋友都到场了。	搭配：opening ceremony 开幕式。	https://www.leonwang.cc/ielts-vocab/data-5.js?v=20260618-1
5	学校教育	87	bachelor	/ˈbætʃələ/	n.	核心	学士；单身汉		He earned his Bachelor of Science in Computer Science in just three years.	他仅用三年就获得了计算机科学理学士学位。	bachelor's degree 学士学位。	https://www.leonwang.cc/ielts-vocab/data-5.js?v=20260618-1
5	学校教育	88	master	/ˈmɑːstə/	n.	核心	硕士；大师 v. 精通；控制		She is pursuing a Master of Arts in Education while working part-time.	她一边兼职工作，一边攻读教育学文学硕士。	a master's degree 硕士学位。	https://www.leonwang.cc/ielts-vocab/data-5.js?v=20260618-1
5	学校教育	89	doctor	/ˈdɒktə/	n.	核心	博士；医生		After years of research, she finally received her Doctor of Philosophy in biochemistry.	经过多年的研究，她终于获得了生物化学哲学博士学位。	PhD 博士学位。	https://www.leonwang.cc/ielts-vocab/data-5.js?v=20260618-1
5	学校教育	90	fresher	/ˈfreʃə/	n.	识记	[英]（大学）一年级新生	freshman n.（大学）一年级新生	During the first week, freshers attended various orientation events to get to know the campus.	在第一周，大一新生们参加了各种迎新活动来了解校园。	美式：freshman。	https://www.leonwang.cc/ielts-vocab/data-5.js?v=20260618-1
5	学校教育	91	sophomore	/ˈsɒfəmɔː/	n.	识记	[美]（大学或高中）二年级学生		During his sophomore year, he changed his major from chemistry to physics.	在大二时，他从化学专业转到了物理专业。	大二学生。	https://www.leonwang.cc/ielts-vocab/data-5.js?v=20260618-1
5	学校教育	92	junior	/ˈdʒuːniə/	n.	低频	[美]（大学或高中）三年级学生；较年幼者 adj. 级别（或地位）较低的		Juniors are expected to start thinking seriously about their career paths.	大三学生应该开始认真思考他们的职业道路了。	junior high school 初中。	https://www.leonwang.cc/ielts-vocab/data-5.js?v=20260618-1
5	学校教育	93	senior	/ˈsiːniə/	n.	低频	[美]（大学或高中）毕业班学生；较年长者 adj. 级别（或地位）高的		Seniors often take a lighter course load to allow time for job applications and interviews.	大四学生通常选课较少，以便有时间申请工作和面试。	senior high school 高中。	https://www.leonwang.cc/ielts-vocab/data-5.js?v=20260618-1
5	学校教育	94	alumni	/əˈlʌmnaɪ/	n.	识记	[alumnus 的复数形式] 毕业生，校友	alumna n. 女毕业生，女校友	The university maintains close ties with its alumni through regular events and newsletters.	这所大学通过定期活动和通讯与校友保持密切联系。	单数 alumnus（男），alumna（女）。	https://www.leonwang.cc/ielts-vocab/data-5.js?v=20260618-1
5	学校教育	95	campus	/ˈkæmpəs/	n.	核心	（大专院校的）校园		The new library is one of the most popular buildings on campus.	新图书馆是校园里最受欢迎的建筑之一。	搭配：on campus 在校内。	https://www.leonwang.cc/ielts-vocab/data-5.js?v=20260618-1
5	学校教育	96	orientation	/ˌɔːriənˈteɪʃən/	n.	低频	（学前、岗前等的）情况介绍，迎新会；方向		The orientation programme helped international students adjust to life on campus.	迎新活动帮助国际学生适应校园生活。	动词 orient 使适应。	https://www.leonwang.cc/ielts-vocab/data-5.js?v=20260618-1
5	学校教育	97	platform	/ˈplætfɔːm/	n.	高频	平台；讲台		The professor stepped onto the platform and began his lecture on quantum mechanics.	教授走上讲台，开始了他的量子力学讲座。	online platform 在线平台。	https://www.leonwang.cc/ielts-vocab/data-5.js?v=20260618-1
5	学校教育	98	coed	/ˈkəʊˈed/	adj.	识记	男女同校的 n.（男女同校的大学中的）女生		The school transitioned from a single-sex institution to a coed campus in the 1980s.	这所学校在20世纪80年代从单一性别学校转变为男女同校。	co-educational 的缩写。	https://www.leonwang.cc/ielts-vocab/data-5.js?v=20260618-1
5	学校教育	99	register	/ˈredʒɪstə/	v.	核心	登记，注册 n. 登记表，注册簿	registration n. 登记，注册；挂号	All new students must register for their courses before the semester begins.	所有新生必须在学期开始前注册课程。	registration 注册。	https://www.leonwang.cc/ielts-vocab/data-5.js?v=20260618-1
5	学校教育	100	roster	/ˈrɒstə/	n.	识记	花名册，登记表；执勤表		The coach checked the team roster to confirm which players were available for the match.	教练查看了球队名单，确认哪些球员可以上场比赛。	常见于体育和排班。	https://www.leonwang.cc/ielts-vocab/data-5.js?v=20260618-1
5	学校教育	101	enrol	/ɪnˈrəʊl/	v.	核心	登记；注册（课程）；（使）加入	en（进入，使）+ rol（卷轴）→ 使之登记在册	You need to enrol on the course before the deadline next Friday.	你需要在下周五截止日期之前注册这门课程。	名词 enrolment 注册人数。	https://www.leonwang.cc/ielts-vocab/data-5.js?v=20260618-1
5	学校教育	102	matriculation	/məˌtrɪkjʊˈleɪʃən/	n.	识记	注册入学		Matriculation rates increased significantly as more families could afford higher education.	随着更多家庭能负担高等教育，入学注册率显著上升。		https://www.leonwang.cc/ielts-vocab/data-5.js?v=20260618-1
5	学校教育	103	accommodation	/əˌkɒməˈdeɪʃən/	n.	核心	住处；食宿招待		The university guarantees accommodation for all first-year international students.	这所大学保证为所有一年级国际学生提供住宿。	student accommodation 学生宿舍。	https://www.leonwang.cc/ielts-vocab/data-5.js?v=20260618-1
5	学校教育	104	dorm	/dɔːm/	n.	核心	宿舍	简化自 dormitory	Living in a dorm helps freshmen make friends quickly and adjust to college life.	住在宿舍能帮助大一新生快速交到朋友并适应大学生活。	dormitory 的简写。	https://www.leonwang.cc/ielts-vocab/data-5.js?v=20260618-1
5	学校教育	105	dining hall	/ˈdaɪnɪŋ hɔːl/	n.	核心	食堂		The dining hall serves a variety of healthy meals throughout the day.	食堂全天供应各种健康餐食。	等同于 canteen。	https://www.leonwang.cc/ielts-vocab/data-5.js?v=20260618-1
5	学校教育	106	canteen	/kænˈtiːn/	n.	低频	水壶；[英]食堂		Students often gather in the canteen during lunch break to chat and relax.	学生们常在午休时聚在食堂聊天放松。	英式英语。	https://www.leonwang.cc/ielts-vocab/data-5.js?v=20260618-1
5	学校教育	107	laboratory	/ləˈbɒrətəri/	n.	核心	实验室，研究室	源自拉丁语 laborare（劳作，工作）→ 工作的地方 → 实验室	The chemistry laboratory is equipped with advanced instruments for molecular analysis.	化学实验室配备了用于分子分析的先进仪器。	缩写 lab。	https://www.leonwang.cc/ielts-vocab/data-5.js?v=20260618-1
5	学校教育	108	experiment	/ɪkˈsperɪmənt/	n.	核心	实验；试验	experimental adj. 实验性的；试验性的	The students designed a simple experiment to test the effect of light on plant growth.	学生们设计了一个简单实验来检测光照对植物生长的影响。	搭配：do/have an experiment 做实验。	https://www.leonwang.cc/ielts-vocab/data-5.js?v=20260618-1
5	学校教育	109	data	/ˈdeɪtə/	n.	核心	[datum 的复数形式] 数据		The researchers collected data from over 2,000 participants for the study.	研究人员为这项研究收集了2000多名参与者的数据。	data 通常作不可数名词。	https://www.leonwang.cc/ielts-vocab/data-5.js?v=20260618-1
5	学校教育	110	quantity	/ˈkwɒntəti/	n.	核心	数量	quantitative adj. 数量的	It is better to focus on the quality of your work rather than the quantity.	最好关注工作的质量而非数量。	反义词：quality 质量。	https://www.leonwang.cc/ielts-vocab/data-5.js?v=20260618-1
5	学校教育	111	quality	/ˈkwɒləti/	n.	核心	质量	qualitative adj. 性质的；定性的	The quality of teaching has a direct impact on student achievement.	教学质量直接影响学生的成绩。	搭配：high quality 高质量。	https://www.leonwang.cc/ielts-vocab/data-5.js?v=20260618-1
5	学校教育	112	library	/ˈlaɪbrəri/	n.	核心	图书馆；（书、唱片等）个人收藏	librarian n. 图书馆管理员	She spends most afternoons in the library preparing for her final exams.	她大部分下午都在图书馆准备期末考试。	librarian 图书管理员。	https://www.leonwang.cc/ielts-vocab/data-5.js?v=20260618-1
5	学校教育	113	literature	/ˈlɪtərətʃə/	n.	核心	文学；文学作品；文献	literary adj. 文学（上）的	Reading classic literature helps students develop critical thinking and empathy.	阅读经典文学有助于学生培养批判性思维和同理心。	literary works 文学作品。	https://www.leonwang.cc/ielts-vocab/data-5.js?v=20260618-1
5	学校教育	114	article	/ˈɑːtɪkəl/	n.	核心	文章		She published an article discussing the challenges of online learning.	她发表了一篇讨论在线学习挑战的文章。		https://www.leonwang.cc/ielts-vocab/data-5.js?v=20260618-1
5	学校教育	115	author	/ˈɔːθə/	n.	核心	作者，作家		The author of this textbook has years of experience in teaching physics.	这本教科书的作者有多年的物理教学经验。	co-author 合著者。	https://www.leonwang.cc/ielts-vocab/data-5.js?v=20260618-1
5	学校教育	116	tale	/teɪl/	n.	低频	故事，传说		The novel is a captivating tale of adventure and friendship.	这本小说是一个关于冒险和友谊的迷人故事。	fairy tale 童话。	https://www.leonwang.cc/ielts-vocab/data-5.js?v=20260618-1
5	学校教育	117	fiction	/ˈfɪkʃən/	n.	高频	小说；虚构，杜撰		Science fiction often explores how technology might change society in the future.	科幻小说常探讨技术未来可能如何改变社会。	non-fiction 非小说类。	https://www.leonwang.cc/ielts-vocab/data-5.js?v=20260618-1
5	学校教育	118	story	/ˈstɔːri/	n.	核心	故事，小说；（尤指口头的）叙述		The teacher told the children a fascinating story about life in ancient China.	老师给孩子们讲了一个关于古代中国生活的迷人故事。	搭配：short story 短篇小说。	https://www.leonwang.cc/ielts-vocab/data-5.js?v=20260618-1
5	学校教育	119	diary	/ˈdaɪəri/	n.	低频	日记，日记簿		Keeping a diary is a great way to reflect on your daily experiences.	写日记是反思日常经历的好方法。		https://www.leonwang.cc/ielts-vocab/data-5.js?v=20260618-1
5	学校教育	120	poetry	/ˈpəʊətri/	n.	高频	诗，诗歌，诗作	poem n. 诗； poet n. 诗人	Reading poetry aloud can help learners appreciate the rhythm and beauty of a language.	大声朗读诗歌有助于学习者体会语言的韵律和美感。	poem 指单首诗。	https://www.leonwang.cc/ielts-vocab/data-5.js?v=20260618-1
5	学校教育	121	magazine	/ˌmæɡəˈziːn/	n.	核心	杂志，期刊		The scientific magazine publishes monthly articles on recent discoveries.	这本科学杂志每月刊登关于最新发现的文章。	weekly magazine 周刊。	https://www.leonwang.cc/ielts-vocab/data-5.js?v=20260618-1
5	学校教育	122	journal	/ˈdʒɜːnəl/	n.	核心	日报，周报；（尤指专门学科的）杂志；日志		Her research was published in a leading medical journal.	她的研究发表在了一家顶级医学期刊上。	academic journal 学术期刊。	https://www.leonwang.cc/ielts-vocab/data-5.js?v=20260618-1
5	学校教育	123	coverage	/ˈkʌvərɪdʒ/	n.	高频	新闻报道；覆盖范围	cover n. 封面；掩蔽物 v. 覆盖	The event received extensive media coverage both nationally and internationally.	该事件在国内和国际上都得到了广泛的媒体报道。	insurance coverage 保险范围。	https://www.leonwang.cc/ielts-vocab/data-5.js?v=20260618-1
5	学校教育	124	bibliography	/ˌbɪbliˈɒɡrəfi/	n.	低频	参考书目	biblio 表示“书”，graphy 表示“写”	Make sure to include a complete bibliography at the end of your research paper.	确保在研究论文末尾附上完整的参考书目。		https://www.leonwang.cc/ielts-vocab/data-5.js?v=20260618-1
5	学校教育	125	encyclopedia	/ɪnˌsaɪkləʊˈpiːdiə/	n.	低频	百科全书	en（进入）+ cyclo（圈）+ pedia（教育）→ 原指教育	Before the internet, students often turned to an encyclopedia for research.	互联网之前，学生们常常查阅百科全书进行研究。		https://www.leonwang.cc/ielts-vocab/data-5.js?v=20260618-1
5	学校教育	126	biography	/baɪˈɒɡrəfi/	n.	高频	传记		She read a fascinating biography of Marie Curie that inspired her to study science.	她读了一本引人入胜的居里夫人传记，激励了她学习科学。	autobiography 自传。	https://www.leonwang.cc/ielts-vocab/data-5.js?v=20260618-1
5	学校教育	127	documentary	/ˌdɒkjʊˈmentəri/	n.	高频	纪录片 adj. 纪录的	documentation n. 证明文件	The documentary about climate change presented compelling evidence from scientists.	这部关于气候变化的纪录片展示了科学家们令人信服的证据。		https://www.leonwang.cc/ielts-vocab/data-5.js?v=20260618-1
5	学校教育	128	series	/ˈsɪəriːz/	n.	核心	连续；一系列；系列节目		The lecturer will give a series of talks on modern educational methods.	这位讲师将就现代教育方法发表系列演讲。	单复数同形。	https://www.leonwang.cc/ielts-vocab/data-5.js?v=20260618-1
5	学校教育	129	record	/ˈrekɔːd/	n.	核心	记录；履历	recorder n. 记录员；录音机，录像机	Students are asked to keep a record of the books they read over the summer.	学生们被要求记录下暑假期间阅读的书籍。	动词读 /rɪˈkɔːd/。	https://www.leonwang.cc/ielts-vocab/data-5.js?v=20260618-1
5	学校教育	130	file	/faɪl/	n.	核心	档案 v. 把......归档		Please save all the project files in the shared folder for team access.	请将所有项目文件保存在共享文件夹中以便团队访问。	搭配：save a file 保存文件。	https://www.leonwang.cc/ielts-vocab/data-5.js?v=20260618-1
5	学校教育	131	profile	/ˈprəʊfaɪl/	n.	高频	概述；人物简介；侧面轮廓		The magazine featured a detailed profile of the award-winning author.	杂志刊登了这位获奖作家的详细简介。	online profile 在线个人资料。	https://www.leonwang.cc/ielts-vocab/data-5.js?v=20260618-1
5	学校教育	132	draft	/drɑːft/	n.	高频	草稿；汇票 v. 起草		She wrote a rough draft of her essay before typing up the final version.	她在打出最终版之前先写了论文的初稿。	first draft 初稿。	https://www.leonwang.cc/ielts-vocab/data-5.js?v=20260618-1
5	学校教育	133	sketch	/sketʃ/	n.	低频	概略 v. 概述		The architect drew a quick sketch of the building's design on a napkin.	建筑师在餐巾纸上画了建筑物设计的草图。		https://www.leonwang.cc/ielts-vocab/data-5.js?v=20260618-1
5	学校教育	134	brochure	/ˈbrəʊʃə/	n.	低频	小册子		The university mailed a colourful brochure about its study abroad programmes.	大学邮寄了一本关于其留学项目的彩色小册子。		https://www.leonwang.cc/ielts-vocab/data-5.js?v=20260618-1
5	学校教育	135	manual	/ˈmænjʊəl/	n.	高频	使用手册，指南 adj. 手工的	manually adv. 用手地；手工地	Before using the equipment, read the instruction manual carefully.	使用设备前，请仔细阅读使用手册。		https://www.leonwang.cc/ielts-vocab/data-5.js?v=20260618-1
5	学校教育	136	frame	/freɪm/	n.	低频	（画、镜子等的）框架；眼镜框；构架		The photograph was displayed in a simple wooden frame on the desk.	照片放在书桌上一个简单的木制相框里。	frame of reference 参考框架。	https://www.leonwang.cc/ielts-vocab/data-5.js?v=20260618-1
5	学校教育	137	index	/ˈɪndeks/	n.	高频	指数；指标；索引 v. 为......编索引		Use the index at the back of the textbook to find specific topics quickly.	利用教材后面的索引可以快速找到特定主题。	复数 indices 或 indexes。	https://www.leonwang.cc/ielts-vocab/data-5.js?v=20260618-1
5	学校教育	138	catalogue	/ˈkætəlɒɡ/	n.	低频	目录		You can search the library's online catalogue to see if the book is available.	你可以搜索图书馆的在线目录，查看那本书是否可借。		https://www.leonwang.cc/ielts-vocab/data-5.js?v=20260618-1
5	学校教育	139	category	/ˈkætɪɡəri/	n.	核心	种类，类别，范畴		The books in the library are divided into several categories for easier browsing.	图书馆的书籍分为几大类，便于浏览。	categorise v. 分类。	https://www.leonwang.cc/ielts-vocab/data-5.js?v=20260618-1
5	学校教育	140	inventory	/ˈɪnvəntɔːri/	n.	低频	库存；详细目录		The librarian conducted an inventory of all the resources available in the school.	图书管理员对学校所有的资源进行了清点。		https://www.leonwang.cc/ielts-vocab/data-5.js?v=20260618-1
5	学校教育	141	content	/ˈkɒntent/	n.	核心	内容；目录；含量		The content of the course covers both theory and practical applications.	课程内容涵盖理论和实际应用。	形容词读 /kənˈtent/ 满足的。	https://www.leonwang.cc/ielts-vocab/data-5.js?v=20260618-1
5	学校教育	142	context	/ˈkɒntekst/	n.	核心	上下文，语境；背景，来龙去脉		It is easier to guess the meaning of a new word if you understand the context.	如果理解了上下文，猜测生词的含义会更容易。	搭配：in context 在上下文中。	https://www.leonwang.cc/ielts-vocab/data-5.js?v=20260618-1
5	学校教育	143	list	/lɪst/	n.	核心	一览表，目录 v. 列举；把......列表		She made a list of all the topics she needed to review before the exam.	她把考前需要复习的所有题目列了一个清单。	shopping list 购物清单。	https://www.leonwang.cc/ielts-vocab/data-5.js?v=20260618-1
5	学校教育	144	chapter	/ˈtʃæptə/	n.	核心	（书等的）章；（人生或历史的）重要时期		The most important concepts are discussed in chapter five of the textbook.	最重要的概念在教材的第五章讨论。		https://www.leonwang.cc/ielts-vocab/data-5.js?v=20260618-1
5	学校教育	145	volume	/ˈvɒljuːm/	n.	高频	容积，体积；卷，册；音量		The library holds several thousand volumes of historical documents.	图书馆藏有数千卷历史文献。	turn up the volume 调高音量。	https://www.leonwang.cc/ielts-vocab/data-5.js?v=20260618-1
5	学校教育	146	reel	/riːl/	n.	识记	卷轴；卷筒；一卷胶卷		The old film was stored on a metal reel in the archive room.	旧胶片保存在档案室的一个金属卷轴上。		https://www.leonwang.cc/ielts-vocab/data-5.js?v=20260618-1
5	学校教育	147	subject	/ˈsʌbdʒɪkt/	n.	核心	科目；主题；实验对象	subjective adj. 主观的	Maths was always her favourite subject throughout secondary school.	整个中学阶段，数学一直是她最喜欢的科目。	搭配：change the subject 转移话题。	https://www.leonwang.cc/ielts-vocab/data-5.js?v=20260618-1
5	学校教育	148	object	/ˈɒbdʒɪkt/	n.	核心	物体；目标	ject 表示“投掷”，如：object（反对），eject（逐出），projector（投影仪）	The object of the experiment is to measure the rate of reaction.	实验的目的是测量反应速率。	动词读 /əbˈdʒekt/ 反对。	https://www.leonwang.cc/ielts-vocab/data-5.js?v=20260618-1
5	学校教育	149	major	/ˈmeɪdʒə/	n.	核心	[美]主修科目，专业 v. [美]主修 adj. 主要的	majority n. 大多数	She decided to major in biology because of her interest in marine life.	由于对海洋生物的兴趣，她决定主修生物学。	搭配：major in 主修......专业。	https://www.leonwang.cc/ielts-vocab/data-5.js?v=20260618-1
5	学校教育	150	minor	/ˈmaɪnə/	n.	核心	[美]辅修科目 adj. 不严重的	minority n. 少数派；少数民族	He is majoring in economics with a minor in statistics.	他主修经济学，辅修统计学。	minor in 辅修。	https://www.leonwang.cc/ielts-vocab/data-5.js?v=20260618-1
5	学校教育	151	sociology	/ˌsəʊsiˈɒlədʒi/	n.	高频	社会学	society n. 社会； social adj. 社会的	Sociology examines how social structures influence human behaviour and attitudes.	社会学研究社会结构如何影响人类行为和态度。	sociologist n. 社会学家。	https://www.leonwang.cc/ielts-vocab/data-5.js?v=20260618-1
5	学校教育	152	politics	/ˈpɒlətɪks/	n.	核心	政治学；政治；政治事务	political adj. 政治的； politic adj. 得当的，明智的	She studied politics and international relations at university.	她在大学学习政治学和国际关系。		https://www.leonwang.cc/ielts-vocab/data-5.js?v=20260618-1
5	学校教育	153	economics	/ˌiːkəˈnɒmɪks/	n.	核心	经济学	economy n. 经济； economic adj. 经济上的	Economics helps us understand how resources are allocated in society.	经济学帮助我们理解资源在社会中如何分配。		https://www.leonwang.cc/ielts-vocab/data-5.js?v=20260618-1
5	学校教育	154	marketing	/ˈmɑːkɪtɪŋ/	n.	高频	市场营销	market n. 市场	She took a marketing course to learn how to promote products effectively.	她修了一门市场营销课程，学习如何有效推广产品。		https://www.leonwang.cc/ielts-vocab/data-5.js?v=20260618-1
5	学校教育	155	accounting	/əˈkaʊntɪŋ/	n.	高频	会计	account n. 账户； accountant n. 会计师	A solid understanding of accounting is essential for running a successful business.	扎实的会计知识对成功经营企业至关重要。		https://www.leonwang.cc/ielts-vocab/data-5.js?v=20260618-1
5	学校教育	156	audit	/ˈɔːdɪt/	n.	低频	审计 v. 旁听；审计		The company undergoes an annual audit to ensure financial transparency.	公司每年接受审计以确保财务透明。		https://www.leonwang.cc/ielts-vocab/data-5.js?v=20260618-1
5	学校教育	157	statistics	/stəˈtɪstɪks/	n.	核心	统计学		Statistics is a useful tool for analysing data in social science research.	统计学是社会科学研究中分析数据的有用工具。		https://www.leonwang.cc/ielts-vocab/data-5.js?v=20260618-1
5	学校教育	158	psychology	/saɪˈkɒlədʒi/	n.	核心	心理学；心理特征	psycho 表示“灵魂的，精神的”	Psychology helps us understand why people think and behave the way they do.	心理学帮助我们理解人们为何如此思考和行动。		https://www.leonwang.cc/ielts-vocab/data-5.js?v=20260618-1
5	学校教育	159	philosophy	/fɪˈlɒsəfi/	n.	高频	哲学	philo（爱）+ sophos（智慧）→ 爱智慧	Philosophy encourages students to ask fundamental questions about existence and knowledge.	哲学鼓励学生对存在和知识提出根本性问题。	philosopher n. 哲学家。	https://www.leonwang.cc/ielts-vocab/data-5.js?v=20260618-1
5	学校教育	160	logic	/ˈlɒdʒɪk/	n.	高频	逻辑；逻辑学	logical adj. 符合逻辑的	The philosophy course includes a module on logic and critical reasoning.	这门哲学课程包含一个逻辑与批判性推理模块。		https://www.leonwang.cc/ielts-vocab/data-5.js?v=20260618-1
5	学校教育	161	biology	/baɪˈɒlədʒi/	n.	核心	生物学；生命机理	biological adj. 生物的	Biology covers topics ranging from cell structure to entire ecosystems.	生物学涵盖从细胞结构到整个生态系统的主题。		https://www.leonwang.cc/ielts-vocab/data-5.js?v=20260618-1
5	学校教育	162	physics	/ˈfɪzɪks/	n.	核心	物理学	physicist n. 物理学家	Physics explains the fundamental laws that govern the universe.	物理学解释了支配宇宙的基本定律。		https://www.leonwang.cc/ielts-vocab/data-5.js?v=20260618-1
5	学校教育	163	chemistry	/ˈkemɪstri/	n.	核心	化学	chemist n. 化学家	Chemistry experiments in the lab help students understand chemical reactions.	实验室的化学实验有助于学生理解化学反应。		https://www.leonwang.cc/ielts-vocab/data-5.js?v=20260618-1
5	学校教育	164	agriculture	/ˈæɡrɪkʌltʃə/	n.	高频	农业；农学	agricultural adj. 农业的	Sustainable agriculture is essential for ensuring food security in the future.	可持续农业对于确保未来的粮食安全至关重要。		https://www.leonwang.cc/ielts-vocab/data-5.js?v=20260618-1
5	学校教育	165	logistics	/ləˈdʒɪstɪks/	n.	低频	物流；后勤		The course in logistics covers supply chain management and transportation.	物流课程涵盖供应链管理和运输。		https://www.leonwang.cc/ielts-vocab/data-5.js?v=20260618-1
5	学校教育	166	geography	/dʒiˈɒɡrəfi/	n.	核心	地理学；地形，地势	geographic adj. 地理的	Geography helps us understand the relationship between people and their environment.	地理学帮助我们理解人与环境的关系。		https://www.leonwang.cc/ielts-vocab/data-5.js?v=20260618-1
5	学校教育	167	history	/ˈhɪstəri/	n.	核心	历史；历史学	historian n. 历史学家	Studying history allows us to learn from past mistakes and achievements.	学习历史使我们能从过去的错误和成就中吸取教训。		https://www.leonwang.cc/ielts-vocab/data-5.js?v=20260618-1
5	学校教育	168	engineering	/ˌendʒɪˈnɪərɪŋ/	n.	核心	工程；工程学		Engineering students often complete practical projects alongside theoretical coursework.	工科生常常在理论学习的同时完成实践项目。		https://www.leonwang.cc/ielts-vocab/data-5.js?v=20260618-1
5	学校教育	169	mechanics	/mɪˈkænɪks/	n.	低频	力学；机械学	mechanical adj. 机械的	The module in mechanics introduces students to the behaviour of physical systems.	力学模块向学生介绍物理系统的行为。		https://www.leonwang.cc/ielts-vocab/data-5.js?v=20260618-1
5	学校教育	170	electronics	/ɪˌlekˈtrɒnɪks/	n.	高频	电子学；电子器件	electron n. 电子； electronic adj. 电子的	Electronics is a rapidly evolving field with new devices emerging every year.	电子学是一个快速发展的领域，每年都有新设备涌现。		https://www.leonwang.cc/ielts-vocab/data-5.js?v=20260618-1
5	学校教育	171	maths	/mæθs/	n.	核心	数学	mathematical adj. 数学的	Maths plays a critical role in fields as diverse as engineering, finance, and computing.	数学在工程、金融和计算机等多种领域都发挥着关键作用。	mathematics 的全称。	https://www.leonwang.cc/ielts-vocab/data-5.js?v=20260618-1
5	学校教育	172	arithmetic	/əˈrɪθmətɪk/	n.	低频	算术		Children usually learn basic arithmetic like addition and subtraction in primary school.	孩子们通常在小学学习加法和减法等基本算术。		https://www.leonwang.cc/ielts-vocab/data-5.js?v=20260618-1
5	学校教育	173	geometry	/dʒiˈɒmətri/	n.	低频	几何学	geometric adj. 几何（学）的	Geometry deals with the properties and relations of points, lines, and surfaces.	几何学研究点、线、面的性质和关系。		https://www.leonwang.cc/ielts-vocab/data-5.js?v=20260618-1
5	学校教育	174	algebra	/ˈældʒɪbrə/	n.	低频	代数学，代数		Algebra teaches students how to solve equations and work with unknown variables.	代数教学生如何解方程和处理未知变量。		https://www.leonwang.cc/ielts-vocab/data-5.js?v=20260618-1
5	学校教育	175	calculus	/ˈkælkjʊləs/	n.	低频	微积分；结石		Calculus is essential for understanding concepts in advanced physics and engineering.	微积分对于理解高等物理和工程学概念至关重要。		https://www.leonwang.cc/ielts-vocab/data-5.js?v=20260618-1
5	学校教育	176	plus	/plʌs/	prep.	核心	加上 adj. 正（数）的，在零以上的		Two plus two equals four, which is one of the first equations children learn.	二加二等于四，这是孩子们最早学的等式之一。		https://www.leonwang.cc/ielts-vocab/data-5.js?v=20260618-1
5	学校教育	177	sum	/sʌm/	n.	核心	总数，总和；金额		The sum of all the angles in a triangle is always 180 degrees.	三角形三个内角之和总是180度。		https://www.leonwang.cc/ielts-vocab/data-5.js?v=20260618-1
5	学校教育	178	total	/ˈtəʊtəl/	adj.	核心	总的，全部的 n. 总数		The total cost of the course includes tuition fees and learning materials.	课程的总费用包括学费和学习材料。		https://www.leonwang.cc/ielts-vocab/data-5.js?v=20260618-1
5	学校教育	179	merger	/ˈmɜːdʒə/	n.	低频	合并，归并		The merger of two universities created one of the largest institutions in the country.	两所大学的合并形成了全国最大的高等学府之一。		https://www.leonwang.cc/ielts-vocab/data-5.js?v=20260618-1
5	学校教育	180	equation	/ɪˈkweɪʒən/	n.	核心	相等；平衡，综合体；方程式，等式	equivalent adj. 相等的	The student solved a complex equation involving two unknown variables.	学生解了一道包含两个未知变量的复杂方程式。		https://www.leonwang.cc/ielts-vocab/data-5.js?v=20260618-1
5	学校教育	181	identical	/aɪˈdentɪkəl/	adj.	高频	同一的	identity n. 同一性	The two copies of the document appeared identical, so it was hard to tell them apart.	这两份文件看起来一模一样，很难区分。		https://www.leonwang.cc/ielts-vocab/data-5.js?v=20260618-1
5	学校教育	182	minus	/ˈmaɪnəs/	adj.	核心	负的，零以下的 prep. 减（去）		The temperature dropped to minus five degrees overnight.	夜间气温降至零下五度。		https://www.leonwang.cc/ielts-vocab/data-5.js?v=20260618-1
5	学校教育	183	subtract	/səbˈtrækt/	v.	低频	减去，减		If you subtract ten from thirty, you get twenty.	三十减去十等于二十。		https://www.leonwang.cc/ielts-vocab/data-5.js?v=20260618-1
5	学校教育	184	multiply	/ˈmʌltɪplaɪ/	v.	核心	乘，使相乘；（使）成倍增加；繁殖		If you multiply six by seven, the result is forty-two.	六乘以七等于四十二。		https://www.leonwang.cc/ielts-vocab/data-5.js?v=20260618-1
5	学校教育	185	divide	/dɪˈvaɪd/	v.	核心	除以；除		The teacher asked the students to divide 100 by 4 and write down the answer.	老师让学生用100除以4并写下答案。	搭配：divide A by B。	https://www.leonwang.cc/ielts-vocab/data-5.js?v=20260618-1
5	学校教育	186	dividend	/ˈdɪvɪdend/	n.	识记	被除数	division n. 分配；除法	In the equation 15 ÷ 3 = 5, the dividend is 15.	在等式15 ÷ 3 = 5中，被除数是15。		https://www.leonwang.cc/ielts-vocab/data-5.js?v=20260618-1
5	学校教育	187	remainder	/rɪˈmeɪndə/	n.	识记	余数；剩余部分		When you divide 17 by 5, the remainder is 2.	17除以5，余数是2。		https://www.leonwang.cc/ielts-vocab/data-5.js?v=20260618-1
5	学校教育	188	rational	/ˈræʃənəl/	n.	低频	有理数 adj.（数、式等）有理的		A rational number is any number that can be written as a simple fraction.	有理数是可以写成简单分数的数。		https://www.leonwang.cc/ielts-vocab/data-5.js?v=20260618-1
5	学校教育	189	parameter	/pəˈræmɪtə/	n.	低频	参数；起限定作用的因素	para 指“旁，侧”	The researchers defined the parameters of the study before collecting data.	研究人员在收集数据前定义了研究的参数。		https://www.leonwang.cc/ielts-vocab/data-5.js?v=20260618-1
5	学校教育	190	variable	/ˈveəriəbəl/	n.	高频	变量；可变因素 adj. 易变的		In this experiment, temperature is the independent variable.	在这个实验中，温度是自变量。		https://www.leonwang.cc/ielts-vocab/data-5.js?v=20260618-1
5	学校教育	191	even	/ˈiːvən/	adj.	核心	均匀的；偶数的；相等的 adv. 甚至		All even numbers can be divided by two without a remainder.	所有偶数都能被2整除，无余数。		https://www.leonwang.cc/ielts-vocab/data-5.js?v=20260618-1
5	学校教育	192	odd	/ɒd/	adj.	核心	奇数的；古怪的	odds n. 可能性	One, three, and five are examples of odd numbers.	1、3、5都是奇数的例子。		https://www.leonwang.cc/ielts-vocab/data-5.js?v=20260618-1
5	学校教育	193	mean	/miːn/	n.	核心	平均数，平均值 adj. 平均的		To find the mean, add up all the numbers and divide by how many there are.	求平均数的方法是：将所有数字相加，然后除以数字的个数。		https://www.leonwang.cc/ielts-vocab/data-5.js?v=20260618-1
5	学校教育	194	double	/ˈdʌbəl/	adj.	核心	两倍的 n. 两倍数，两倍量 v.（使）加倍		The number of students in the programme has doubled over the past five years.	过去五年里，该项目学生人数翻了一番。		https://www.leonwang.cc/ielts-vocab/data-5.js?v=20260618-1
5	学校教育	195	triple	/ˈtrɪpəl/	adj.	低频	三倍的 n. 三倍 v.（使）增至三倍		The company's profits tripled after the launch of their new product line.	推出新生产线后，公司利润增至原来的三倍。		https://www.leonwang.cc/ielts-vocab/data-5.js?v=20260618-1
5	学校教育	196	quadruple	/ˈkwɒdrʊpəl/	adj.	识记	四倍的 n. 四倍 v.（使）成四倍	quarter n. 四分之一	The number of applicants has quadrupled compared to last year.	与去年相比，申请人数翻了两番。		https://www.leonwang.cc/ielts-vocab/data-5.js?v=20260618-1
5	学校教育	197	multiple	/ˈmʌltɪpəl/	n.	核心	倍数 adj. 多样的，数量多的		The exam consists of multiple choice questions and a short essay section.	考试由多项选择题和一个短文部分组成。		https://www.leonwang.cc/ielts-vocab/data-5.js?v=20260618-1
5	学校教育	198	maximum	/ˈmæksɪməm/	n.	核心	最大值，最大限度	maximise v. 使最大化	The maximum score on the test is 100 points.	测试的最高分是100分。		https://www.leonwang.cc/ielts-vocab/data-5.js?v=20260618-1
5	学校教育	199	minimum	/ˈmɪnɪməm/	n.	核心	最小值，最低限度	minimise v. 使最小化	A minimum of 60 points is required to pass the exam.	至少需要60分才能通过考试。		https://www.leonwang.cc/ielts-vocab/data-5.js?v=20260618-1
5	学校教育	200	approximately	/əˈprɒksɪmətli/	adv.	核心	大约	proximity n. 接近	Approximately 300 students took part in the survey.	大约有300名学生参与了这项调查。		https://www.leonwang.cc/ielts-vocab/data-5.js?v=20260618-1
5	学校教育	201	chart	/tʃɑːt/	n.	核心	图，图表；海图		The pie chart clearly shows how students spend their time each day.	饼状图清楚地显示了学生每天如何分配时间。		https://www.leonwang.cc/ielts-vocab/data-5.js?v=20260618-1
5	学校教育	202	graph	/ɡrɑːf/	n.	核心	图，图表	graphic adj. 绘画的，图像的	The graph illustrates the steady increase in online course enrolments.	图表表明在线课程注册人数稳步增长。		https://www.leonwang.cc/ielts-vocab/data-5.js?v=20260618-1
5	学校教育	203	diagram	/ˈdaɪəɡræm/	n.	高频	图表；示意图，图解		The textbook includes a diagram of the human digestive system.	教科书里有人体消化系统的示意图。		https://www.leonwang.cc/ielts-vocab/data-5.js?v=20260618-1
5	学校教育	204	table	/ˈteɪbəl/	n.	核心	表格；桌子		The results of the experiment are presented in a clear table.	实验结果显示在一个清晰的表格中。		https://www.leonwang.cc/ielts-vocab/data-5.js?v=20260618-1
5	学校教育	205	matrix	/ˈmeɪtrɪks/	n.	识记	矩阵；铸模		Students learn to perform matrix multiplication in advanced algebra.	学生在高等代数学中学习矩阵乘法。		https://www.leonwang.cc/ielts-vocab/data-5.js?v=20260618-1
5	学校教育	206	rectangle	/ˈrektæŋɡəl/	n.	低频	长方形，矩形		The area of a rectangle is calculated by multiplying its length by its width.	长方形的面积等于长乘以宽。		https://www.leonwang.cc/ielts-vocab/data-5.js?v=20260618-1
5	学校教育	207	cube	/kjuːb/	n.	低频	立方体；立方，三次幂；立方形的东西	cubic adj. 立方形的	The volume of a cube is found by raising the length of one side to the third power.	立方体的体积等于边长的三次幂。		https://www.leonwang.cc/ielts-vocab/data-5.js?v=20260618-1
5	学校教育	208	angle	/ˈæŋɡəl/	n.	核心	角；角度		A right angle measures exactly 90 degrees.	直角正好是90度。		https://www.leonwang.cc/ielts-vocab/data-5.js?v=20260618-1
5	学校教育	209	triangle	/ˈtraɪæŋɡəl/	n.	低频	三角形；三角关系		An equilateral triangle has three sides of equal length.	等边三角形有三条等长的边。		https://www.leonwang.cc/ielts-vocab/data-5.js?v=20260618-1
5	学校教育	210	diagonal	/daɪˈæɡənəl/	adj.	识记	斜纹的；对角线的 n. 对角线；斜纹织物		Draw a diagonal line from the top left corner to the bottom right.	从左上角到右下角画一条对角线。		https://www.leonwang.cc/ielts-vocab/data-5.js?v=20260618-1
5	学校教育	211	straight	/streɪt/	adj.	核心	直的 adv. 笔直地；直接		Draw a straight line connecting the two points on the graph.	在图上画一条直线连接两点。		https://www.leonwang.cc/ielts-vocab/data-5.js?v=20260618-1
5	学校教育	212	circle	/ˈsɜːkəl/	n.	核心	圆	circular adj. 圆的； circulate v. 循环	The students sat in a circle to discuss their project ideas.	学生们围坐成一圈讨论项目构想。		https://www.leonwang.cc/ielts-vocab/data-5.js?v=20260618-1
5	学校教育	213	round	/raʊnd/	adj.	核心	圆的 n. 绕圈；一轮 adv. 环绕		The teacher handed out worksheets for the next round of group activities.	老师为下一轮小组活动分发了工作表。		https://www.leonwang.cc/ielts-vocab/data-5.js?v=20260618-1
5	学校教育	214	dot	/dɒt/	n.	低频	点，圆点 v. 在......上打点		The graph uses a red dot to highlight the average score for each group.	图表用红点标示每组的平均分。		https://www.leonwang.cc/ielts-vocab/data-5.js?v=20260618-1
5	学校教育	215	sphere	/sfɪə/	n.	高频	球体；球状物；范围，领域		Her expertise lies in the sphere of higher education policy.	她的专长在高等教育政策领域。		https://www.leonwang.cc/ielts-vocab/data-5.js?v=20260618-1
5	学校教育	216	cone	/kəʊn/	n.	识记	圆锥体；锥形物		The students used a paper cone to demonstrate how sound waves travel.	学生们用纸锥演示声波如何传播。		https://www.leonwang.cc/ielts-vocab/data-5.js?v=20260618-1
5	学校教育	217	extent	/ɪkˈstent/	n.	核心	广度，范围；程度		To a certain extent, test scores reflect a student's understanding of the material.	在某种程度上，考试分数反映了学生对材料的理解。	搭配：to some extent 在某种程度上。	https://www.leonwang.cc/ielts-vocab/data-5.js?v=20260618-1
5	学校教育	218	width	/wɪdθ/	n.	核心	宽度		Measure the width of the desk to see if it will fit in the study corner.	量一下书桌的宽度，看能不能放进学习角。		https://www.leonwang.cc/ielts-vocab/data-5.js?v=20260618-1
5	学校教育	219	length	/leŋkθ/	n.	核心	长度		The length of the swimming pool is 50 metres, which is standard for competitions.	游泳池长50米，是竞赛标准长度。		https://www.leonwang.cc/ielts-vocab/data-5.js?v=20260618-1
5	学校教育	220	decimal	/ˈdesɪməl/	adj.	低频	小数的；十进位的 n. 小数	deci 表示“十分之一”	In many countries, the decimal point is used to separate whole numbers from fractions.	在许多国家，小数点用于将整数与小数部分分开。	搭配：a decimal point 小数点。	https://www.leonwang.cc/ielts-vocab/data-5.js?v=20260618-1
5	学校教育	221	per cent	/pə ˈsent/	n.	核心	百分之......	cent 指“一百”	About 75 per cent of the students in the survey said they enjoyed online learning.	调查中约75%的学生表示喜欢在线学习。		https://www.leonwang.cc/ielts-vocab/data-5.js?v=20260618-1
5	学校教育	222	proportion	/prəˈpɔːʃən/	n.	核心	比例		A large proportion of the university's budget is spent on research projects.	大学预算的一大部分用于研究项目。		https://www.leonwang.cc/ielts-vocab/data-5.js?v=20260618-1
5	学校教育	223	rate	/reɪt/	n.	核心	比率，率；速度		The graduation rate has improved significantly after the new support programmes.	实施新的支持计划后，毕业率显著提高。		https://www.leonwang.cc/ielts-vocab/data-5.js?v=20260618-1
5	学校教育	224	ratio	/ˈreɪʃiəʊ/	n.	高频	比（率）		The optimal student-to-teacher ratio in a language class is around 15 to 1.	语言课最佳师生比约为15:1。		https://www.leonwang.cc/ielts-vocab/data-5.js?v=20260618-1
5	学校教育	225	fraction	/ˈfrækʃən/	n.	高频	分数；小部分；片断		Only a fraction of the students had previous experience with coding.	只有一小部分学生以前有过编程经验。		https://www.leonwang.cc/ielts-vocab/data-5.js?v=20260618-1
5	学校教育	226	scale	/skeɪl/	n.	核心	刻度；规模；[~s] 天平；鳞 v. 攀登		The graph has a vertical scale from zero to one hundred per cent.	图表的纵轴刻度从0%到100%。	搭配：on a large scale 大规模地。	https://www.leonwang.cc/ielts-vocab/data-5.js?v=20260618-1
5	学校教育	227	ounce	/aʊns/	n.	识记	盎司；少量		An ounce of practice is worth a pound of theory in language learning.	在语言学习中，一分实践胜过十分理论。		https://www.leonwang.cc/ielts-vocab/data-5.js?v=20260618-1
5	学校教育	228	density	/ˈdensəti/	n.	高频	密度；浓度		Population density is usually higher in urban areas than in rural regions.	城市地区的人口密度通常高于农村地区。		https://www.leonwang.cc/ielts-vocab/data-5.js?v=20260618-1
5	学校教育	229	Fahrenheit	/ˈfærənhaɪt/	adj.	识记	华氏温标的		In the Fahrenheit scale, water freezes at 32 degrees.	在华氏温标中，水在32度结冰。		https://www.leonwang.cc/ielts-vocab/data-5.js?v=20260618-1
5	学校教育	230	mercury	/ˈmɜːkjəri/	n.	低频	水银，汞；[M-]水星		The science teacher explained how mercury expands in a thermometer when heated.	科学老师解释了温度计中的水银如何受热膨胀。		https://www.leonwang.cc/ielts-vocab/data-5.js?v=20260618-1
5	学校教育	231	battery	/ˈbætəri/	n.	核心	电池；（物品的）一组		The electronic dictionary runs on two small batteries.	电子词典靠两节小电池运行。		https://www.leonwang.cc/ielts-vocab/data-5.js?v=20260618-1
5	学校教育	232	volt	/vəʊlt/	n.	识记	伏特（电压单位）		Standard household voltage in many countries is 220 to 240 volts.	许多国家的标准家用电压为220至240伏。		https://www.leonwang.cc/ielts-vocab/data-5.js?v=20260618-1
5	学校教育	233	radiate	/ˈreɪdieɪt/	v.	低频	辐射，发散；从中心向四周散开	radiation n. 辐射	The sun radiates energy that is essential for life on Earth.	太阳辐射的能量对地球上的生命至关重要。		https://www.leonwang.cc/ielts-vocab/data-5.js?v=20260618-1
5	学校教育	234	emit	/ɪˈmɪt/	v.	高频	散发（光、热、气等）；发出（声音）	emission n. 散发，排放	Burning fossil fuels emits carbon dioxide into the atmosphere.	燃烧化石燃料会向大气中排放二氧化碳。		https://www.leonwang.cc/ielts-vocab/data-5.js?v=20260618-1
5	学校教育	235	transparent	/trænsˈpærənt/	adj.	高频	透明的；易看穿的		The laboratory uses transparent containers so students can observe the reactions.	实验室使用透明容器，以便学生观察反应。		https://www.leonwang.cc/ielts-vocab/data-5.js?v=20260618-1
5	学校教育	236	hollow	/ˈhɒləʊ/	adj.	低频	空（心）的，中空的		The sample appears solid from the outside but is actually hollow inside.	样品外表看上去是实心的，但实际上是中空的。		https://www.leonwang.cc/ielts-vocab/data-5.js?v=20260618-1
5	学校教育	237	ozone	/ˈəʊzəʊn/	n.	高频	臭氧		The ozone layer protects living organisms from harmful ultraviolet radiation.	臭氧层保护生物免受有害紫外线的伤害。	搭配：ozone layer 臭氧层。	https://www.leonwang.cc/ielts-vocab/data-5.js?v=20260618-1
5	学校教育	238	gravity	/ˈɡrævəti/	n.	核心	地球引力，重力		The concept of gravity was famously explored by Isaac Newton.	艾萨克·牛顿对重力概念进行了著名的探索。		https://www.leonwang.cc/ielts-vocab/data-5.js?v=20260618-1
5	学校教育	239	friction	/ˈfrɪkʃən/	n.	高频	摩擦；摩擦力；不和，矛盾		Rubbing your hands together creates friction and generates warmth.	双手摩擦产生摩擦力并产生热量。		https://www.leonwang.cc/ielts-vocab/data-5.js?v=20260618-1
5	学校教育	240	eccentric	/ɪkˈsentrɪk/	adj.	低频	不同圆心的；古怪的		The professor was known for his eccentric teaching style, which students found fascinating.	这位教授以古怪的教学风格闻名，学生们觉得很吸引人。		https://www.leonwang.cc/ielts-vocab/data-5.js?v=20260618-1
5	学校教育	241	displace	/dɪsˈpleɪs/	v.	低频	移动......的位置；取代，替代		Heavy textbooks have largely been displaced by digital resources in many classrooms.	在许多教室里，厚重的教科书已在很大程度上被数字资源所取代。		https://www.leonwang.cc/ielts-vocab/data-5.js?v=20260618-1
5	学校教育	242	boil	/bɔɪl/	v.	核心	煮沸，（使）沸腾 n. 沸点		In the experiment, we heated the water until it began to boil.	在实验中，我们把水加热直到沸腾。		https://www.leonwang.cc/ielts-vocab/data-5.js?v=20260618-1
5	学校教育	243	melt	/melt/	v.	核心	（使）融化；（使）熔化		Ice cream melts quickly under the hot sun, so eat it fast.	冰淇淋在烈日下融化得很快，所以快吃吧。		https://www.leonwang.cc/ielts-vocab/data-5.js?v=20260618-1
5	学校教育	244	dissolve	/dɪˈzɒlv/	v.	高频	（使）溶解；解散		Stir the powder into the warm water until it completely dissolves.	把粉末搅拌进温水中，直到完全溶解。		https://www.leonwang.cc/ielts-vocab/data-5.js?v=20260618-1
5	学校教育	245	rust	/rʌst/	v.	低频	（使）生锈 n. 锈，铁锈	rusty adj. 生锈的	If you leave the metal tools outside, the rain will cause them to rust.	如果把金属工具留在外面，雨水会使它们生锈。		https://www.leonwang.cc/ielts-vocab/data-5.js?v=20260618-1
5	学校教育	246	ferment	/fɜːˈment/	v.	低频	（使）发酵；骚动	yeast n. 酵母	The grapes are left to ferment in large barrels for several weeks.	葡萄被放在大桶中发酵数周。	名词读 /ˈfɜːment/。	https://www.leonwang.cc/ielts-vocab/data-5.js?v=20260618-1
5	学校教育	247	dilute	/daɪˈluːt/	v.	低频	冲淡，稀释 adj. 稀释了的；减弱了的	dilution n. 稀释	You can dilute the concentrated juice with water to make it taste milder.	你可以用水稀释浓缩果汁，使其味道变淡。		https://www.leonwang.cc/ielts-vocab/data-5.js?v=20260618-1
5	学校教育	248	inherent	/ɪnˈherənt/	adj.	高频	内在的，固有的		There are risks inherent in any scientific experiment, but safety measures reduce them.	任何科学实验都存在固有风险，但安全措施能降低风险。	搭配：be inherent in 为......所固有。	https://www.leonwang.cc/ielts-vocab/data-5.js?v=20260618-1
5	学校教育	249	acid	/ˈæsɪd/	n.	核心	酸 adj. 酸的；讽刺的，尖刻的	acidification n. 酸化	In chemistry class, we tested the liquid with litmus paper to see if it was an acid.	化学课上，我们用石蕊试纸测试液体，看它是不是酸。	搭配：acid rain 酸雨。	https://www.leonwang.cc/ielts-vocab/data-5.js?v=20260618-1
5	学校教育	250	noxious	/ˈnɒkʃəs/	adj.	低频	有害的		Noxious chemicals must be handled with protective equipment in the lab.	在实验室处理有毒化学品时必须佩戴防护装备。		https://www.leonwang.cc/ielts-vocab/data-5.js?v=20260618-1
5	学校教育	251	static	/ˈstætɪk/	adj.	低频	静态的；静力的		The data on the screen remained static until the system refreshed.	屏幕上的数据保持静态，直到系统刷新。		https://www.leonwang.cc/ielts-vocab/data-5.js?v=20260618-1
5	学校教育	252	inert	/ɪˈnɜːt/	adj.	识记	无生气的；惰性的，不活泼的		Helium is an inert gas that does not react with other substances.	氦是一种惰性气体，不与其他物质发生反应。		https://www.leonwang.cc/ielts-vocab/data-5.js?v=20260618-1
5	学校教育	253	formula	/ˈfɔːmjʊlə/	n.	核心	公式，方程式；原则；配方；分子式		The chemical formula for carbon dioxide is CO₂.	二氧化碳的化学式是CO₂。		https://www.leonwang.cc/ielts-vocab/data-5.js?v=20260618-1
5	学校教育	254	component	/kəmˈpəʊnənt/	n.	核心	成分，组成部分		Teamwork is a crucial component of the course, so students work in groups on projects.	团队合作是课程的重要组成部分，因此学生们分组完成项目。		https://www.leonwang.cc/ielts-vocab/data-5.js?v=20260618-1
5	学校教育	255	compose	/kəmˈpəʊz/	v.	核心	组成；构成；创作（音乐）；写	pos 指“放置”	The textbook is composed of ten chapters, each covering a different topic.	这本教材由十章组成，每章涵盖一个不同主题。	搭配：be composed of 由......组成。	https://www.leonwang.cc/ielts-vocab/data-5.js?v=20260618-1
5	学校教育	256	mixture	/ˈmɪkstʃə/	n.	核心	混合（物）	mix v. 混合	The city's culture is a fascinating mixture of old traditions and modern life.	这座城市的文化是古老传统与现代生活的迷人结合。		https://www.leonwang.cc/ielts-vocab/data-5.js?v=20260618-1
5	学校教育	257	blend	/blend/	v.	高频	混合；（使）交融 n. 混合物		The course blends online lectures with face-to-face tutorials.	这门课程融合了在线讲座和面对面辅导。		https://www.leonwang.cc/ielts-vocab/data-5.js?v=20260618-1
5	学校教育	258	theory	/ˈθɪəri/	n.	核心	理论；学说	theoretical adj. 理论上的	In science, a theory must be supported by repeated experiments and evidence.	在科学中，理论必须得到反复实验和证据的支持。		https://www.leonwang.cc/ielts-vocab/data-5.js?v=20260618-1
5	学校教育	259	empirical	/ɪmˈpɪrɪkəl/	adj.	高频	以实验为依据的；经验主义的	em（进入）+ pir（尝试）+ ical → 尝试过的，有经验的	The researchers gathered empirical data through a large-scale survey.	研究人员通过大规模调查收集了经验数据。		https://www.leonwang.cc/ielts-vocab/data-5.js?v=20260618-1
5	学校教育	260	practical	/ˈpræktɪkəl/	adj.	核心	实际的；有用的；务实的；心灵手巧的	practice n. 实践；练习	The course aims to provide students with practical skills for the workplace.	这门课程旨在为学生提供实用的职场技能。		https://www.leonwang.cc/ielts-vocab/data-5.js?v=20260618-1
5	学校教育	261	doctrine	/ˈdɒktrɪn/	n.	低频	学说；教义；信条	doctrinal adj. 学说的	The professor challenged the long-held doctrine by presenting new findings.	教授通过展示新发现挑战了长期以来的学说。		https://www.leonwang.cc/ielts-vocab/data-5.js?v=20260618-1
5	学校教育	262	principle	/ˈprɪnsəpəl/	n.	核心	原则；（科学）原理		The course introduces the basic principles of economics.	这门课程介绍经济学的基本原理。		https://www.leonwang.cc/ielts-vocab/data-5.js?v=20260618-1
5	学校教育	263	discipline	/ˈdɪsɪplɪn/	n.	核心	纪律；训练		Self-discipline is often more important than talent in achieving academic success.	在取得学业成功方面，自律往往比天赋更重要。		https://www.leonwang.cc/ielts-vocab/data-5.js?v=20260618-1
5	学校教育	264	term	/tɜːm/	n.	核心	期限；术语；[尤英]学期	terminal adj. 末端的	The autumn term usually starts in September and ends in December.	秋季学期通常从九月开始，十二月结束。	搭配：in the long term 从长远来看。	https://www.leonwang.cc/ielts-vocab/data-5.js?v=20260618-1
5	学校教育	265	semester	/sɪˈmestə/	n.	核心	学期		Each semester lasts about 15 weeks, followed by a short break.	每个学期持续约15周，之后有一个短假期。		https://www.leonwang.cc/ielts-vocab/data-5.js?v=20260618-1
5	学校教育	266	timetable	/ˈtaɪmˌteɪbəl/	n.	核心	时间表；课程表		Check the online timetable to see when your lectures and seminars are scheduled.	查看在线课表，了解你的讲座和讨论课安排在何时。		https://www.leonwang.cc/ielts-vocab/data-5.js?v=20260618-1
5	学校教育	267	schedule	/ˈʃedjuːl/	n.	核心	日程安排；[美]时刻表		She planned a study schedule to make sure she covered all topics before the exam.	她制定了一个学习日程，确保在考试前覆盖所有主题。	搭配：on schedule 准时。	https://www.leonwang.cc/ielts-vocab/data-5.js?v=20260618-1
5	学校教育	268	deadline	/ˈdedlaɪn/	n.	核心	截止日期		The deadline for submitting the application is next Monday at noon.	提交申请的截止日期是下周一中午。		https://www.leonwang.cc/ielts-vocab/data-5.js?v=20260618-1
5	学校教育	269	course	/kɔːs/	n.	核心	课程		She decided to take an online course to improve her programming skills.	她决定修一门在线课程来提高编程技能。		https://www.leonwang.cc/ielts-vocab/data-5.js?v=20260618-1
5	学校教育	270	lesson	/ˈlesən/	n.	核心	一堂课；课程；教训		Each lesson begins with a short review of the previous topic.	每节课开始时都会简要复习上一课的内容。	搭配：learn a lesson 吸取教训。	https://www.leonwang.cc/ielts-vocab/data-5.js?v=20260618-1
5	学校教育	271	curriculum	/kəˈrɪkjʊləm/	n.	高频	课程；（学校等的）全部课程	extra-curricular adj. 课外的	The school is redesigning its curriculum to include more technology-related subjects.	学校正在重新设计课程，以纳入更多与技术相关的科目。	复数 curricula 或 curriculums。	https://www.leonwang.cc/ielts-vocab/data-5.js?v=20260618-1
5	学校教育	272	seminar	/ˈsemɪnɑː/	n.	高频	研讨会；讨论课	semin 指“种子”，如：disseminate（传播）	The seminar on global literature attracted students from various departments.	关于全球文学的研讨会吸引了来自各个系的学生。		https://www.leonwang.cc/ielts-vocab/data-5.js?v=20260618-1
5	学校教育	273	forum	/ˈfɔːrəm/	n.	高频	讨论会，论坛；公开讨论的广场		The university set up an online forum where students can discuss course materials.	大学设立了一个在线论坛，学生可以在上面讨论课程材料。		https://www.leonwang.cc/ielts-vocab/data-5.js?v=20260618-1
5	学校教育	274	syllabus	/ˈsɪləbəs/	n.	低频	教学大纲		The syllabus for the course includes the reading list and assessment criteria.	课程的教学大纲包括阅读书目和评估标准。		https://www.leonwang.cc/ielts-vocab/data-5.js?v=20260618-1
5	学校教育	275	system	/ˈsɪstəm/	n.	核心	系统；体系，制度	systematic adj. 系统的	The education system in Finland is often praised for its innovative approach.	芬兰的教育体系常因创新的方法而受到称赞。		https://www.leonwang.cc/ielts-vocab/data-5.js?v=20260618-1
5	学校教育	276	rudimentary	/ˌruːdɪˈmentəri/	adj.	低频	基本的，粗浅的	rudiment n. 基本原理	He had only a rudimentary knowledge of the language before starting the course.	在开始这门课之前，他只掌握该语言的基础知识。		https://www.leonwang.cc/ielts-vocab/data-5.js?v=20260618-1
5	学校教育	277	basic	/ˈbeɪsɪk/	adj.	核心	基本的，基础的	base n. 基础	The literacy programme teaches basic reading and writing skills to adults.	这个扫盲计划向成年人教授基本的读写技能。		https://www.leonwang.cc/ielts-vocab/data-5.js?v=20260618-1
5	学校教育	278	fundamental	/ˌfʌndəˈmentəl/	adj.	核心	基础的，基本的；根本的		Understanding the fundamental concepts of physics is necessary before tackling advanced topics.	在攻克高深课题之前，理解物理学的基本概念是必要的。		https://www.leonwang.cc/ielts-vocab/data-5.js?v=20260618-1
5	学校教育	279	elementary	/ˌelɪˈmentəri/	adj.	高频	基本的；初级的		The book covers elementary principles of biology suitable for beginners.	这本书涵盖了适合初学者的生物学基本概念。		https://www.leonwang.cc/ielts-vocab/data-5.js?v=20260618-1
5	学校教育	280	profound	/prəˈfaʊnd/	adj.	高频	（影响）深刻的，深远的；见解深刻的		The lecture had a profound impact on how students viewed environmental issues.	这场讲座对学生看待环境问题的方式产生了深远的影响。		https://www.leonwang.cc/ielts-vocab/data-5.js?v=20260618-1
5	学校教育	281	superficial	/ˌsuːpəˈfɪʃəl/	adj.	高频	表面的，外表的；肤浅的		A superficial reading of the text will not prepare you for the detailed exam questions.	肤浅地阅读课文无法使你应对考试中的详细问题。		https://www.leonwang.cc/ielts-vocab/data-5.js?v=20260618-1
5	学校教育	282	surface	/ˈsɜːfɪs/	n.	核心	表面；地面；水面	sur（在上）+ face（脸）→ 表面	On the surface, the problem seemed simple, but it was actually quite complex.	表面上看，这个问题很简单，但实际上相当复杂。		https://www.leonwang.cc/ielts-vocab/data-5.js?v=20260618-1
5	学校教育	283	compulsory	/kəmˈpʌlsəri/	adj.	核心	强制的		Physical education is a compulsory subject for all first-year students.	体育是所有一年级学生的必修科目。	搭配：compulsory education 义务教育。	https://www.leonwang.cc/ielts-vocab/data-5.js?v=20260618-1
5	学校教育	284	prerequisite	/ˌpriːˈrekwɪzɪt/	n.	低频	必备条件 adj. 必备的	requisite adj. 必要的	A foundational course in statistics is a prerequisite for the advanced research methods class.	基础统计学课程是高级研究方法课的必备条件。		https://www.leonwang.cc/ielts-vocab/data-5.js?v=20260618-1
5	学校教育	285	selective	/sɪˈlektɪv/	adj.	高频	选择性的	select v. 选择	The university has a highly selective admission process, accepting only the top applicants.	这所大学的录取过程非常挑剔，只接受最优秀的申请者。		https://www.leonwang.cc/ielts-vocab/data-5.js?v=20260618-1
5	学校教育	286	elective	/ɪˈlektɪv/	adj.	低频	选举的；[美]选修的 n. [美]选修科目		Students can choose an elective module from a wide range of subjects.	学生可以从广泛的科目中选择一个选修模块。		https://www.leonwang.cc/ielts-vocab/data-5.js?v=20260618-1
5	学校教育	287	assignment	/əˈsaɪnmənt/	n.	核心	（布置的）作业；（分派的）任务		The teacher gave the class a reading assignment to complete over the weekend.	老师给学生布置了一项周末完成的阅读作业。		https://www.leonwang.cc/ielts-vocab/data-5.js?v=20260618-1
5	学校教育	288	submit	/səbˈmɪt/	v.	核心	服从；提交，呈递		All students must submit their final essays before the end of the term.	所有学生必须在学期结束前提交期末论文。	搭配：submit to 服从于。	https://www.leonwang.cc/ielts-vocab/data-5.js?v=20260618-1
5	学校教育	289	preview	/ˈpriːvjuː/	n./v.	高频	预习		It is helpful to preview the textbook chapter before attending the lecture.	在听课前预习教材的章节是有帮助的。		https://www.leonwang.cc/ielts-vocab/data-5.js?v=20260618-1
5	学校教育	290	review	/rɪˈvjuː/	n./v.	核心	回顾；复习		She set aside an hour each evening to review her lecture notes.	她每晚留出一小时复习课堂笔记。		https://www.leonwang.cc/ielts-vocab/data-5.js?v=20260618-1
5	学校教育	291	revise	/rɪˈvaɪz/	v.	核心	修订，修改	revision n. 修订，修改	After receiving feedback, the student revised her essay and improved the argument.	收到反馈后，学生修改了论文并完善了论点。		https://www.leonwang.cc/ielts-vocab/data-5.js?v=20260618-1
5	学校教育	292	inspect	/ɪnˈspekt/	v.	高频	检查；检阅，视察	inspection n. 检查	The health and safety officer visited the school to inspect the science laboratories.	健康安全官员来到学校检查科学实验室。		https://www.leonwang.cc/ielts-vocab/data-5.js?v=20260618-1
5	学校教育	293	consult	/kənˈsʌlt/	v.	核心	请教；查阅		If you are unsure about the topic, you should consult your professor during office hours.	如果对主题不确定，你应该在办公时间请教教授。		https://www.leonwang.cc/ielts-vocab/data-5.js?v=20260618-1
5	学校教育	294	skim	/skɪm/	v.	核心	掠过，擦过；略读		Before a detailed study, skim the chapter to get a general idea of the content.	在详细学习之前，略读一下章节以了解内容大意。		https://www.leonwang.cc/ielts-vocab/data-5.js?v=20260618-1
5	学校教育	295	scan	/skæn/	v.	核心	细看；浏览；扫描 n. 扫描检查；浏览	scanner n. 扫描仪	She scanned the library shelves quickly, looking for a book on modern art.	她快速扫视图书馆书架，寻找一本关于现代艺术的书。		https://www.leonwang.cc/ielts-vocab/data-5.js?v=20260618-1
5	学校教育	296	scrutinise	/ˈskruːtɪnaɪz/	v.	低频	详细检查，仔细查看	scrutiny n. 详细审查	The examiner scrutinised the student's work to look for any signs of plagiarism.	考官仔细检查学生的作业，寻找任何抄袭的痕迹。		https://www.leonwang.cc/ielts-vocab/data-5.js?v=20260618-1
5	学校教育	297	recite	/rɪˈsaɪt/	v.	低频	背诵，朗诵	recitation n. 背诵	The language teacher asked each student to recite a short poem from memory.	语言老师让每个学生背诵一首短诗。		https://www.leonwang.cc/ielts-vocab/data-5.js?v=20260618-1
5	学校教育	298	dictate	/dɪkˈteɪt/	v.	低频	让（某人）听写；命令，强行规定	dict 指“说”，如：diction（措辞），dictionary（字典），predict（预言）	The professor dictated the key points of the lecture while students took notes.	教授口述讲座要点，学生们做笔记。	名词 dictation 听写。	https://www.leonwang.cc/ielts-vocab/data-5.js?v=20260618-1
5	学校教育	299	examination	/ɪɡˌzæmɪˈneɪʃən/	n.	核心	考试；细查		The final examination will cover all the topics from the entire semester.	期末考试将涵盖整个学期的所有主题。	简称 exam。	https://www.leonwang.cc/ielts-vocab/data-5.js?v=20260618-1
5	学校教育	300	test	/test/	n./v.	核心	试验，检验	tester n. 测试者	The teacher will test the students on their vocabulary at the end of each unit.	老师将在每个单元结束时测验学生的词汇。		https://www.leonwang.cc/ielts-vocab/data-5.js?v=20260618-1
5	学校教育	301	quiz	/kwɪz/	n.	高频	智力竞赛；小测验		The pop quiz helped the teacher check whether students had done the reading.	突击小测验帮助老师检查学生是否完成了阅读。		https://www.leonwang.cc/ielts-vocab/data-5.js?v=20260618-1
5	学校教育	302	presentation	/ˌprezənˈteɪʃən/	n.	核心	陈述；表演，演出	present v. 呈现	Each group will give a short presentation on their research findings.	每个小组将就其研究结果做一个简短的陈述。	搭配：give a presentation 做展示。	https://www.leonwang.cc/ielts-vocab/data-5.js?v=20260618-1
5	学校教育	303	plagiarise	/ˈpleɪdʒəraɪz/	v.	高频	抄袭		Students must be careful not to plagiarise when writing their essays.	学生在写论文时必须小心避免抄袭。		https://www.leonwang.cc/ielts-vocab/data-5.js?v=20260618-1
5	学校教育	304	copy	/ˈkɒpi/	n.	核心	复制品 v. 抄写；复制		Please make a copy of your assignment before handing in the original.	在交原件之前，请把你作业复印一份。		https://www.leonwang.cc/ielts-vocab/data-5.js?v=20260618-1
5	学校教育	305	print	/prɪnt/	v.	核心	打印 n. 印刷品；（冲印出来的）照片	printer n. 打印机	Remember to print your boarding pass before heading to the airport.	去机场前记得打印登机牌。		https://www.leonwang.cc/ielts-vocab/data-5.js?v=20260618-1
5	学校教育	306	thesis	/ˈθiːsɪs/	n.	高频	论文		She is currently writing her master's thesis on climate change policy.	她目前正在撰写关于气候变化政策的硕士论文。	复数 theses。	https://www.leonwang.cc/ielts-vocab/data-5.js?v=20260618-1
5	学校教育	307	essay	/ˈeseɪ/	n.	核心	（学生为某门课程写的）短文，论说文；（关于政治、社会等的）小品文		The exam will include a short essay question on the topic of sustainability.	考试将包括一道关于可持续发展主题的短文题。		https://www.leonwang.cc/ielts-vocab/data-5.js?v=20260618-1
5	学校教育	308	paper	/ˈpeɪpə/	n.	核心	论文；纸		He presented his research paper at an international education conference.	他在一次国际教育会议上宣读了自己的研究论文。		https://www.leonwang.cc/ielts-vocab/data-5.js?v=20260618-1
5	学校教育	309	dissertation	/ˌdɪsəˈteɪʃən/	n.	低频	专题论文；（尤指）学位论文		Writing a dissertation requires months of independent research and regular meetings with a supervisor.	撰写学位论文需要数月独立研究并定期与导师会面。		https://www.leonwang.cc/ielts-vocab/data-5.js?v=20260618-1
5	学校教育	310	project	/ˈprɒdʒekt/	n.	核心	（大中学学生的）专题研究；项目，方案	overhead projector n. 投影仪	The science project involved building a small wind turbine and testing its efficiency.	这个科学项目包括建造一台小型风力涡轮机并测试其效率。		https://www.leonwang.cc/ielts-vocab/data-5.js?v=20260618-1
5	学校教育	311	heading	/ˈhedɪŋ/	n.	低频	标题；主题		Each section of the report should have a clear heading.	报告的每个部分都应有一个清晰的标题。		https://www.leonwang.cc/ielts-vocab/data-5.js?v=20260618-1
5	学校教育	312	outset	/ˈaʊtset/	n.	低频	开端，开始		It is important to set clear research questions at the outset of a project.	项目一开始就提出明确的研究问题很重要。		https://www.leonwang.cc/ielts-vocab/data-5.js?v=20260618-1
5	学校教育	313	outline	/ˈaʊtlaɪn/	n.	高频	概要；轮廓，略图		Before writing the essay, she prepared a detailed outline of her arguments.	在写文章之前，她准备了一份详尽的论点提纲。		https://www.leonwang.cc/ielts-vocab/data-5.js?v=20260618-1
5	学校教育	314	point	/pɔɪnt/	n.	核心	点；要点		The most important point in the lecture was that practice is essential for language learning.	讲座最重要的一点是，练习对语言学习至关重要。	搭配：a point of view 观点。	https://www.leonwang.cc/ielts-vocab/data-5.js?v=20260618-1
5	学校教育	315	gist	/dʒɪst/	n.	低频	主旨，要点		I did not catch every word, but I got the gist of the professor's argument.	我没有听清每个词，但我明白了教授论点的要旨。		https://www.leonwang.cc/ielts-vocab/data-5.js?v=20260618-1
5	学校教育	316	opinion	/əˈpɪnjən/	n.	核心	看法；评价		The students were encouraged to express their own opinions during the debate.	辩论中鼓励学生表达自己的观点。		https://www.leonwang.cc/ielts-vocab/data-5.js?v=20260618-1
5	学校教育	317	introduce	/ˌɪntrəˈdjuːs/	v.	核心	介绍；引进	introduction n. 介绍；引进	The first lecture will introduce the main themes of the course.	第一堂课将介绍课程的主要主题。		https://www.leonwang.cc/ielts-vocab/data-5.js?v=20260618-1
5	学校教育	318	reference	/ˈrefərəns/	n.	核心	参考；推荐函；提及，涉及		Check the reference list at the back of the book for further reading suggestions.	查阅书末的参考文献列表以获取进一步阅读的建议。		https://www.leonwang.cc/ielts-vocab/data-5.js?v=20260618-1
5	学校教育	319	cite	/saɪt/	v.	高频	引用		When you use another person's ideas, you must cite the source correctly.	当你使用他人的观点时，必须正确引用出处。		https://www.leonwang.cc/ielts-vocab/data-5.js?v=20260618-1
5	学校教育	320	elicit	/ɪˈlɪsɪt/	v.	低频	引出；探出，套出		The teacher's open-ended questions helped elicit thoughtful responses from the class.	老师开放性的提问帮助引出了全班深思熟虑的回答。		https://www.leonwang.cc/ielts-vocab/data-5.js?v=20260618-1
5	学校教育	321	quote	/kwəʊt/	v.	核心	引用，引述；报（价）	quotation n. 引用语	She quoted a famous scientist to support her argument in the essay.	她在文章中引用了一位著名科学家的话来支持自己的论点。		https://www.leonwang.cc/ielts-vocab/data-5.js?v=20260618-1
5	学校教育	322	extract	/ˈekstrækt/	n.	低频	摘录	ex（向外）+ tract（拉）→ 抽出来的一块 → 摘录	The handout included an extract from a leading textbook on the subject.	讲义中包括了一流教科书上关于该主题的摘录。		https://www.leonwang.cc/ielts-vocab/data-5.js?v=20260618-1
5	学校教育	323	abstract	/ˈæbstrækt/	n.	高频	摘要 adj. 抽象的		The abstract of the paper summarises the research aims, methods, and conclusions.	论文摘要概括了研究目的、方法和结论。	动词读 /æbˈstrækt/ 提取。	https://www.leonwang.cc/ielts-vocab/data-5.js?v=20260618-1
5	学校教育	324	summary	/ˈsʌməri/	n.	核心	摘要，概要		At the end of each chapter, there is a summary of the key concepts covered.	每章末尾有涵盖的主要概念的摘要。	搭配：in summary 总之。	https://www.leonwang.cc/ielts-vocab/data-5.js?v=20260618-1
5	学校教育	325	assume	/əˈsjuːm/	v.	核心	假定，设想；承担（责任）；取得（权力）	assumption n. 假设	Many students wrongly assume that speed reading means understanding less.	许多学生错误地认为快速阅读意味着理解得更少。		https://www.leonwang.cc/ielts-vocab/data-5.js?v=20260618-1
5	学校教育	326	presume	/prɪˈzjuːm/	v.	低频	假定，假设；料想		I presume you have done the reading, since you raised such a detailed question.	我料想你已读过材料，因为你提了如此详细的问题。		https://www.leonwang.cc/ielts-vocab/data-5.js?v=20260618-1
5	学校教育	327	suppose	/səˈpəʊz/	v.	核心	假定；认为		Suppose you only had one hour to study—what would you focus on first?	假设你只有一个小时学习——你会首先关注什么？	搭配：be supposed to 应该。	https://www.leonwang.cc/ielts-vocab/data-5.js?v=20260618-1
5	学校教育	328	hypothesis	/haɪˈpɒθəsɪs/	n.	高频	假说，假设		The students formulated a hypothesis about the effect of music on concentration.	学生们提出了一个关于音乐对注意力影响的假说。	复数 hypotheses。	https://www.leonwang.cc/ielts-vocab/data-5.js?v=20260618-1
5	学校教育	329	postulate	/ˈpɒstjʊleɪt/	v.	识记	假定，假设		The theory postulates that language ability is partly innate.	该理论假定语言能力在某种程度上是与生俱来的。		https://www.leonwang.cc/ielts-vocab/data-5.js?v=20260618-1
5	学校教育	330	speculate	/ˈspekjʊleɪt/	v.	高频	推测		Without enough data, scientists can only speculate about the cause of the phenomenon.	没有足够的数据，科学家只能推测这一现象的原因。		https://www.leonwang.cc/ielts-vocab/data-5.js?v=20260618-1
5	学校教育	331	predict	/prɪˈdɪkt/	v.	核心	预测	prediction n. 预测	It is difficult to predict which students will adapt best to online learning.	很难预测哪些学生最能适应在线学习。		https://www.leonwang.cc/ielts-vocab/data-5.js?v=20260618-1
5	学校教育	332	perceive	/pəˈsiːv/	v.	高频	感知，察觉，意识到		Students often perceive group work as an opportunity to share ideas.	学生常常将小组合作视为交流想法的机会。		https://www.leonwang.cc/ielts-vocab/data-5.js?v=20260618-1
5	学校教育	333	detect	/dɪˈtekt/	v.	高频	察觉，发觉；侦察出		The software can detect plagiarism by comparing essays with online sources.	该软件可以通过与在线资源比对来发现抄袭。		https://www.leonwang.cc/ielts-vocab/data-5.js?v=20260618-1
5	学校教育	334	discern	/dɪˈsɜːn/	v.	低频	觉察出；分辨出	discernible adj. 可辨别的	In the noisy classroom, it was difficult to discern the teacher's instructions.	在嘈杂的教室里，很难听清老师的指示。		https://www.leonwang.cc/ielts-vocab/data-5.js?v=20260618-1
5	学校教育	335	recognise	/ˈrekəɡnaɪz/	v.	核心	认识，辨认出	recognition n. 认出	It is important to recognise that each student learns at a different pace.	认识到每个学生的学习进度不同是很重要的。		https://www.leonwang.cc/ielts-vocab/data-5.js?v=20260618-1
5	学校教育	336	conscious	/ˈkɒnʃəs/	adj.	高频	意识到的；有知觉的	consciousness n. 意识	Teachers need to be conscious of the different learning needs in their classroom.	教师需要意识到班级里不同的学习需求。	搭配：be conscious of 知道。	https://www.leonwang.cc/ielts-vocab/data-5.js?v=20260618-1
5	学校教育	337	reckon	/ˈrekən/	v.	低频	估计；期望；认为		I reckon that regular breaks during study sessions actually improve focus.	我认为学习过程中定时休息实际上能提高注意力。		https://www.leonwang.cc/ielts-vocab/data-5.js?v=20260618-1
5	学校教育	338	deem	/diːm/	v.	低频	认为，相信		The university deemed it necessary to update its digital library system.	大学认为有必要升级数字图书馆系统。		https://www.leonwang.cc/ielts-vocab/data-5.js?v=20260618-1
5	学校教育	339	imply	/ɪmˈplaɪ/	v.	核心	暗指，意味着	implication n. 含意	A high attendance rate usually implies that students are engaged and motivated.	高出勤率通常意味着学生积极参与且积极性高。		https://www.leonwang.cc/ielts-vocab/data-5.js?v=20260618-1
5	学校教育	340	deliberate	/dɪˈlɪbərət/	adj.	低频	审慎的		After deliberate consideration, she chose to pursue further studies abroad.	经过深思熟虑后，她选择出国深造。	动词读 /dɪˈlɪbəreɪt/。	https://www.leonwang.cc/ielts-vocab/data-5.js?v=20260618-1
5	学校教育	341	represent	/ˌreprɪˈzent/	v.	核心	代表；象征	representative n. 代表	The student council represents the interests of the entire student body.	学生会代表全体学生的利益。		https://www.leonwang.cc/ielts-vocab/data-5.js?v=20260618-1
5	学校教育	342	insist	/ɪnˈsɪst/	v.	核心	坚持，坚决认为（或主张、要求）		The professor insisted on clear referencing in every assignment.	教授坚持每份作业都要有清晰的文献引用。	搭配：insist on 坚持。	https://www.leonwang.cc/ielts-vocab/data-5.js?v=20260618-1
5	学校教育	343	persist	/pəˈsɪst/	v.	高频	坚持不懈；持续存在	sist 指“站”，如：insist（坚持），superstition（迷信）	If you persist with daily practice, your language skills will improve dramatically.	如果你坚持每天练习，语言技能将大大提高。	搭配：persist in doing sth. 坚持做某事。	https://www.leonwang.cc/ielts-vocab/data-5.js?v=20260618-1
5	学校教育	344	infer	/ɪnˈfɜː/	v.	高频	推断，推理	inference n. 推理	From the test results, we can infer that the new teaching method is effective.	从测试结果我们可以推断，新教学方法是有效的。		https://www.leonwang.cc/ielts-vocab/data-5.js?v=20260618-1
5	学校教育	345	understand	/ˌʌndəˈstænd/	v.	核心	懂得，理解	understanding n. 理解	To understand complex concepts, it is helpful to break them down into simpler parts.	要理解复杂概念，将其分解为更简单的部分是有帮助的。		https://www.leonwang.cc/ielts-vocab/data-5.js?v=20260618-1
5	学校教育	346	comprehend	/ˌkɒmprɪˈhend/	v.	高频	理解，领悟	comprehension n. 理解（力）	Some students find it difficult to comprehend dense academic texts without guidance.	一些学生发现没有指导很难理解密集的学术文本。		https://www.leonwang.cc/ielts-vocab/data-5.js?v=20260618-1
5	学校教育	347	analyse	/ˈænəlaɪz/	v.	核心	分析	analysis n. 分析	The assignment requires students to analyse a scientific article and discuss its strengths.	作业要求学生分析一篇科学文章并讨论其优点。		https://www.leonwang.cc/ielts-vocab/data-5.js?v=20260618-1
5	学校教育	348	diagnose	/ˈdaɪəɡnəʊz/	v.	低频	判断；诊断	gno 表示“认识”	Teachers sometimes use informal tests to diagnose students' strengths and weaknesses.	教师有时使用非正式测验来诊断学生的强项和弱点。		https://www.leonwang.cc/ielts-vocab/data-5.js?v=20260618-1
5	学校教育	349	deduce	/dɪˈdjuːs/	v.	低频	演绎，推论	de（向下）+ duce（引导）→ 向下引导 → 演绎，推论	From the observations, we can deduce that plants grow faster under this light.	根据观察，我们可以推断植物在这种光照下生长更快。		https://www.leonwang.cc/ielts-vocab/data-5.js?v=20260618-1
5	学校教育	350	conclude	/kənˈkluːd/	v.	核心	推断出，得出结论；（使）结束	conclusion n. 结论	After reviewing the evidence, the researchers concluded that exercise improves memory.	回顾证据后，研究人员得出结论：锻炼改善记忆力。		https://www.leonwang.cc/ielts-vocab/data-5.js?v=20260618-1
5	学校教育	351	analogy	/əˈnælədʒi/	n.	低频	类比；类推	analogous adj. 类似的	The teacher used the analogy of a sponge to explain how children absorb knowledge.	老师用海绵的类比来解释孩子如何吸收知识。	搭配：by analogy 通过类推法。	https://www.leonwang.cc/ielts-vocab/data-5.js?v=20260618-1
5	学校教育	352	compare	/kəmˈpeə/	v.	核心	比较；把......比作；比得上	comparison n. 比较	The essay asked students to compare two different approaches to early childhood education.	文章要求学生比较两种不同的幼儿教育方法。	搭配：compare A with B 比较。	https://www.leonwang.cc/ielts-vocab/data-5.js?v=20260618-1
5	学校教育	353	contrast	/ˈkɒntrɑːst/	n.	核心	对比；明显的差异		The contrast between active learning and passive listening is striking in terms of student outcomes.	主动学习与被动听课在学生学习效果上的差异是显著的。		https://www.leonwang.cc/ielts-vocab/data-5.js?v=20260618-1
5	学校教育	354	overlap	/ˌəʊvəˈlæp/	v.	高频	与......重叠；与......部分相同		The content of the two courses overlaps, so some students take both for a deeper understanding.	两门课的内容重叠，所以一些学生两门都修以求更深理解。		https://www.leonwang.cc/ielts-vocab/data-5.js?v=20260618-1
5	学校教育	355	contradiction	/ˌkɒntrəˈdɪkʃən/	n.	高频	矛盾，不一致；反驳		The student quickly spotted a contradiction in the textbook's explanation.	学生很快发现了教科书解释中的矛盾。		https://www.leonwang.cc/ielts-vocab/data-5.js?v=20260618-1
5	学校教育	356	disagree	/ˌdɪsəˈɡriː/	v.	核心	有分歧；不同意	agree v. 同意	It is fine to disagree with the author, as long as you support your view with evidence.	不同意作者的观点没关系，只要你用证据支持自己的观点。	搭配：disagree with 不同意。	https://www.leonwang.cc/ielts-vocab/data-5.js?v=20260618-1
5	学校教育	357	differ	/ˈdɪfə/	v.	核心	不同，相异	difference n. 差别	Learning styles can differ greatly from one student to another.	学习风格因人而异，差别可能很大。	搭配：differ from 与......不同。	https://www.leonwang.cc/ielts-vocab/data-5.js?v=20260618-1
5	学校教育	358	diverse	/daɪˈvɜːs/	adj.	核心	不一样的，多种多样的	diversity n. 多样性	A diverse student body brings a wide range of perspectives to classroom discussions.	多元化的学生群体为课堂讨论带来了广泛的观点。		https://www.leonwang.cc/ielts-vocab/data-5.js?v=20260618-1
5	学校教育	359	nuance	/ˈnjuːɑːns/	n.	低频	细微差别		Advanced language learners must learn to recognise the nuances of word meanings.	高级语言学习者必须学会识别词义的细微差别。		https://www.leonwang.cc/ielts-vocab/data-5.js?v=20260618-1
5	学校教育	360	inductive	/ɪnˈdʌktɪv/	adj.	识记	归纳的；诱导的	induce v. 引起	In science lessons, students often use inductive reasoning to form general rules from examples.	在科学课上，学生经常使用归纳推理从例子中形成一般规律。		https://www.leonwang.cc/ielts-vocab/data-5.js?v=20260618-1
5	学校教育	361	detail	/ˈdiːteɪl/	n.	核心	细节；（画等的）细部	detailed adj. 详细的	The instructor explained the experiment procedure in great detail before the lab session.	老师在实验课前非常详细地解释了实验步骤。	搭配：in detail 详细地。	https://www.leonwang.cc/ielts-vocab/data-5.js?v=20260618-1
5	学校教育	362	thorough	/ˈθʌrə/	adj.	核心	彻底的，详尽的		A thorough review of lecture notes each week can significantly reduce exam stress.	每周彻底复习课堂笔记可以显著减轻考试压力。		https://www.leonwang.cc/ielts-vocab/data-5.js?v=20260618-1
5	学校教育	363	example	/ɪɡˈzɑːmpəl/	n.	核心	例子；榜样	exemplify v. 举例说明	The teacher gave several clear examples to help students understand the complex theory.	老师举了几个清晰的例子来帮助学生理解这一复杂理论。	搭配：for example 例如。	https://www.leonwang.cc/ielts-vocab/data-5.js?v=20260618-1
5	学校教育	364	instance	/ˈɪnstəns/	n.	核心	实例；情况，场合		China, for instance, has made great progress in promoting higher education in rural areas.	例如，中国在推动农村地区高等教育方面取得了巨大进步。	搭配：for instance 例如。	https://www.leonwang.cc/ielts-vocab/data-5.js?v=20260618-1
5	学校教育	365	confirm	/kənˈfɜːm/	v.	核心	证实；确保，巩固		The latest data confirmed that the new tutoring programme was beneficial for students.	最新数据证实，新的辅导项目对学生是有益的。		https://www.leonwang.cc/ielts-vocab/data-5.js?v=20260618-1
5	学校教育	366	demonstrate	/ˈdemənstreɪt/	v.	核心	示范，演示；证明	monstr 指“展示”	The instructor demonstrated how to use the microscope step by step.	老师在一步步演示如何使用显微镜。		https://www.leonwang.cc/ielts-vocab/data-5.js?v=20260618-1
5	学校教育	367	survey	/ˈsɜːveɪ/	n.	核心	民意调查		A survey of high school students revealed that many feel anxious about final exams.	对高中生的调查显示，许多人对期末考试感到焦虑。	动词读 /sɜːˈveɪ/。	https://www.leonwang.cc/ielts-vocab/data-5.js?v=20260618-1
5	学校教育	368	illustrate	/ˈɪləstreɪt/	v.	高频	[用图等]说明；给（书）加插图（或图表）		The teacher illustrated the water cycle with a large colourful diagram.	老师用一幅彩色大图说明了水循环。		https://www.leonwang.cc/ielts-vocab/data-5.js?v=20260618-1
5	学校教育	369	manifest	/ˈmænɪfest/	v.	低频	显示，表明		A student's interest in a subject often manifests as active participation in class.	学生对一门学科的兴趣常表现为积极参与课堂。		https://www.leonwang.cc/ielts-vocab/data-5.js?v=20260618-1
5	学校教育	370	prove	/pruːv/	v.	核心	证明；结果是		These results prove that consistent effort is more important than talent alone.	这些结果证明，持续的努力比单纯的天赋更重要。		https://www.leonwang.cc/ielts-vocab/data-5.js?v=20260618-1
5	学校教育	371	determine	/dɪˈtɜːmɪn/	v.	核心	决定；下定决心；查明	determined adj. 下定决心的	The education board determined that additional funding was necessary for science labs.	教育委员会认为，科学实验室需要增加拨款。	搭配：determine to do sth. 决心做某事。	https://www.leonwang.cc/ielts-vocab/data-5.js?v=20260618-1
5	学校教育	372	decide	/dɪˈsaɪd/	v.	核心	决定	decision n. 决定	After visiting several campuses, she finally decided which university to attend.	参观了几所校园后，她终于决定上哪所大学。		https://www.leonwang.cc/ielts-vocab/data-5.js?v=20260618-1
5	学校教育	373	resolve	/rɪˈzɒlv/	v.	高频	决心，决定；（使）分解为；解决	solv 指“松开”	The student resolved to improve his grades by studying at least two hours every evening.	这名学生下定决心提高成绩，每晚至少学习两小时。	名词 resolution 决心。	https://www.leonwang.cc/ielts-vocab/data-5.js?v=20260618-1
5	学校教育	374	research	/rɪˈsɜːtʃ/	n.	核心	调查；探索	researcher n. 调查者	Extensive research has shown that early reading habits influence later academic success.	广泛的研究表明，早期阅读习惯影响以后的学业成功。	搭配：do research 进行研究。	https://www.leonwang.cc/ielts-vocab/data-5.js?v=20260618-1
5	学校教育	375	observe	/əbˈzɜːv/	v.	核心	观察，观测；注意到	observation n. 观察	During the experiment, students carefully observed the colour change in the solution.	在实验中，学生仔细观察了溶液的颜色变化。		https://www.leonwang.cc/ielts-vocab/data-5.js?v=20260618-1
5	学校教育	376	inquire	/ɪnˈkwaɪə/	v.	核心	询问；调查	inquiry n. 询问；调查	Several parents inquired about the school's new anti-bullying policy.	几位家长询问了学校新的反欺凌政策。	搭配：inquire into 调查。	https://www.leonwang.cc/ielts-vocab/data-5.js?v=20260618-1
5	学校教育	377	query	/ˈkwɪəri/	n.	低频	疑问；询问 v. 怀疑；询问		If you have any queries about the assignment, please contact your tutor.	如果你对作业有任何疑问，请联系导师。		https://www.leonwang.cc/ielts-vocab/data-5.js?v=20260618-1
5	学校教育	378	questionnaire	/ˌkwestʃəˈneə/	n.	高频	调查表，调查问卷		The students were asked to fill in a questionnaire about their learning habits.	学生们被要求填写一份关于学习习惯的调查问卷。		https://www.leonwang.cc/ielts-vocab/data-5.js?v=20260618-1
5	学校教育	379	achieve	/əˈtʃiːv/	v.	核心	实现，达到	achievement n. 成就	By setting small daily goals, you can gradually achieve large long-term objectives.	通过设定小目标，你可以逐步实现远大的长期目标。	搭配：achieve success 取得成功。	https://www.leonwang.cc/ielts-vocab/data-5.js?v=20260618-1
5	学校教育	380	accomplish	/əˈkʌmplɪʃ/	v.	高频	达到（目的），完成	accomplishment n. 成就	She accomplished her goal of learning basic conversational French in six months.	她实现了在六个月内学会法语基础会话的目标。		https://www.leonwang.cc/ielts-vocab/data-5.js?v=20260618-1
5	学校教育	381	attain	/əˈteɪn/	v.	高频	获得；达到	attainment n. 达到	He attained a high score on the language proficiency test after months of study.	经过数月的学习，他在语言能力测试中取得了高分。	搭配：attain one's goal 达成目标。	https://www.leonwang.cc/ielts-vocab/data-5.js?v=20260618-1
5	学校教育	382	credit	/ˈkredɪt/	n.	核心	赊购；学分；信任		This module is worth 15 credits towards your degree.	该模块可获得15个学分，计入学位。	搭配：a credit card 信用卡。	https://www.leonwang.cc/ielts-vocab/data-5.js?v=20260618-1
5	学校教育	383	grade	/ɡreɪd/	v.	核心	给......分等级 n. 等级；成绩等级	upgrade v. 使升级	The teacher graded the essays based on clarity, structure, and evidence.	老师根据清晰度、结构和论据给作文打分。		https://www.leonwang.cc/ielts-vocab/data-5.js?v=20260618-1
5	学校教育	384	rank	/ræŋk/	n.	高频	等级；排，列 v. 给......评级；位列	ranking n. 排名	The university's education programme is ranked among the best in the country.	该大学的教育项目名列全国前茅。		https://www.leonwang.cc/ielts-vocab/data-5.js?v=20260618-1
5	学校教育	385	row	/rəʊ/	n.	低频	（一）排，（一）行		The students sat in neat rows, waiting for the lecture to begin.	学生们整齐地排排坐着，等待讲座开始。		https://www.leonwang.cc/ielts-vocab/data-5.js?v=20260618-1
5	学校教育	386	queue	/kjuː/	n.	低频	行列 v. 排队等候		A long queue formed outside the library as students waited to check out study rooms.	图书馆外排起了长队，学生们等着签出自习室。		https://www.leonwang.cc/ielts-vocab/data-5.js?v=20260618-1
5	学校教育	387	score	/skɔː/	n.	核心	得分，成绩		After taking extra tuition, his test scores showed a noticeable improvement.	补课之后，他的考试成绩有了明显提高。		https://www.leonwang.cc/ielts-vocab/data-5.js?v=20260618-1
5	学校教育	388	mark	/mɑːk/	n.	核心	分数；标记 v. 标志着；给......打分；在......上做记号		The examiners awarded high marks for clear reasoning and original analysis.	考官对清晰的推理和新颖的分析给予高分。		https://www.leonwang.cc/ielts-vocab/data-5.js?v=20260618-1
5	学校教育	389	grant	/ɡrɑːnt/	v.	高频	授予；准予；承认		The university granted her a scholarship to cover the full tuition fee.	大学授予她一项奖学金，用以支付全额学费。	搭配：take sth. for granted 视为理所当然。	https://www.leonwang.cc/ielts-vocab/data-5.js?v=20260618-1
5	学校教育	390	praise	/preɪz/	n.	核心	赞美 v. 赞扬		The teacher's praise motivated the students to work even harder on their next project.	老师的赞扬激励学生在下一个项目上更加努力。	搭配：praise sb. for sth. 为某事赞扬某人。	https://www.leonwang.cc/ielts-vocab/data-5.js?v=20260618-1
5	学校教育	391	appreciate	/əˈpriːʃieɪt/	v.	核心	赏识；感激；意识到		Students should appreciate the feedback given by their teachers and use it to improve.	学生应该重视老师的反馈，并利用它来进步。		https://www.leonwang.cc/ielts-vocab/data-5.js?v=20260618-1
5	学校教育	392	feedback	/ˈfiːdbæk/	n.	核心	反馈，反应		Detailed feedback on your assignments can help you understand your strengths and weaknesses.	作业的详细反馈能帮助你了解自己的长处和不足。		https://www.leonwang.cc/ielts-vocab/data-5.js?v=20260618-1
5	学校教育	393	underestimate	/ˌʌndərˈestɪmeɪt/	v.	核心	低估	estimate v. 估算	Never underestimate the power of consistent daily practice in language learning.	永远不要低估语言学习中每日坚持练习的力量。		https://www.leonwang.cc/ielts-vocab/data-5.js?v=20260618-1
5	学校教育	394	overestimate	/ˌəʊvərˈestɪmeɪt/	v.	核心	高估		Students often overestimate how much they can learn in a single night before an exam.	学生往往高估了自己在考前一晚能学会的内容。		https://www.leonwang.cc/ielts-vocab/data-5.js?v=20260618-1
5	学校教育	395	apply	/əˈplaɪ/	v.	核心	申请		She plans to apply to several top universities for her postgraduate studies.	她计划申请几所顶尖大学进行研究生学习。	搭配：apply to sb. for sth. 向某人申请某物。	https://www.leonwang.cc/ielts-vocab/data-5.js?v=20260618-1
5	学校教育	396	fellowship	/ˈfeləʊʃɪp/	n.	低频	研究生奖学金		The fellowship allowed him to focus entirely on his doctoral research without financial worries.	研究生奖学金使他能全心投入博士研究，不必担心经济问题。		https://www.leonwang.cc/ielts-vocab/data-5.js?v=20260618-1
5	学校教育	397	scholarship	/ˈskɒləʃɪp/	n.	核心	奖学金；学问，学识		Thanks to a generous scholarship, she could afford to study at a world-class institution.	多亏了一项慷慨的奖学金，她得以负担在世界一流学府的学习。		https://www.leonwang.cc/ielts-vocab/data-5.js?v=20260618-1
5	学校教育	398	reward	/rɪˈwɔːd/	n.	高频	报答；赏金 v. 报答		Hard work in education brings its own reward in the form of knowledge and opportunity.	教育上的努力会以知识和机会的形式得到回报。	搭配：reward sb. for sth. 为某事报答某人。	https://www.leonwang.cc/ielts-vocab/data-5.js?v=20260618-1
5	学校教育	399	award	/əˈwɔːd/	n.	核心	奖；奖品		He received an award for his outstanding performance in the university mathematics contest.	他因在大学数学竞赛中的杰出表现而获奖。		https://www.leonwang.cc/ielts-vocab/data-5.js?v=20260618-1
5	学校教育	400	prize	/praɪz/	n.	低频	奖赏 v. 珍视		The school awards prizes each year to students who show the most improvement.	学校每年向进步最大的学生颁发奖品。		https://www.leonwang.cc/ielts-vocab/data-5.js?v=20260618-1
5	学校教育	401	fee	/fiː/	n.	核心	酬金；费用		University tuition fees have risen steadily over the past decade.	过去十年里，大学学费稳步上升。		https://www.leonwang.cc/ielts-vocab/data-5.js?v=20260618-1
6	科技文明	1	reveal	/rɪˈviːl/	v.	核心	展现；显示，透露		The latest research reveals a strong link between sleep quality and academic performance.	最新研究揭示了睡眠质量与学业表现之间的密切联系。		https://www.leonwang.cc/ielts-vocab/data-6.js?v=20260618-1
6	科技文明	2	uncover	/ʌnˈkʌvə/	v.	高频	揭露，发现		Investigative journalists worked tirelessly to uncover the truth behind the corruption scandal.	调查记者不懈努力，揭露了腐败丑闻背后的真相。		https://www.leonwang.cc/ielts-vocab/data-6.js?v=20260618-1
6	科技文明	3	expose	/ɪkˈspəʊz/	v.	核心	使暴露；揭发，使曝光		The documentary exposed the harsh working conditions in some factories overseas.	这部纪录片曝光了海外一些工厂的恶劣工作条件。	名词 exposure 暴露；揭露。	https://www.leonwang.cc/ielts-vocab/data-6.js?v=20260618-1
6	科技文明	4	domain	/dəˈmeɪn/	n.	高频	（活动、学问等的）领域；领土，领地	dom 意为“房子”，引申为“主人，领主”，同根词：domestic（国内的；家庭的），dominate（统治，控制），dominant（占优势的；主要的）	With the rise of the internet, digital marketing has become a crucial domain for businesses.	随着互联网的兴起，数字营销已成为企业的关键领域。		https://www.leonwang.cc/ielts-vocab/data-6.js?v=20260618-1
6	科技文明	5	field	/fiːld/	n.	核心	领域		She is a leading expert in the field of environmental science.	她是环境科学领域的顶尖专家。		https://www.leonwang.cc/ielts-vocab/data-6.js?v=20260618-1
6	科技文明	6	realm	/relm/	n.	低频	领域		The discovery opened up new realms of possibility in medical research.	这一发现为医学研究开辟了新的可能性领域。		https://www.leonwang.cc/ielts-vocab/data-6.js?v=20260618-1
6	科技文明	7	foundation	/faʊnˈdeɪʃən/	n.	核心	基础；地基；基金会		A solid foundation in mathematics is essential for studying physics and engineering.	扎实的数学基础对于学习物理和工程学至关重要。	founder n. 奠基人，创建人；搭配：a foundation course 基础课程。	https://www.leonwang.cc/ielts-vocab/data-6.js?v=20260618-1
6	科技文明	8	specialise	/ˈspeʃəlaɪz/	v.	高频	专攻		Many students choose to specialise in a particular field during their postgraduate studies.	许多学生在研究生阶段选择专攻某个特定领域。	搭配：specialise in 专攻，专门研究；专门经营。	https://www.leonwang.cc/ielts-vocab/data-6.js?v=20260618-1
6	科技文明	9	absorb	/əbˈsɜːb/	v.	核心	理解；掌握	ab（离开）+ sorb（吸收，吮吸）	It takes time to absorb new information, so regular review is important.	吸收新信息需要时间，因此定期复习很重要。		https://www.leonwang.cc/ielts-vocab/data-6.js?v=20260618-1
6	科技文明	10	concentrate	/ˈkɒnsəntreɪt/	v.	核心	集中（心思）；（使）浓缩		To finish the project on time, she had to concentrate all her efforts on it.	为了按时完成项目，她必须全神贯注。	名词 concentration 专心；浓度；搭配：concentrate on 专心于。	https://www.leonwang.cc/ielts-vocab/data-6.js?v=20260618-1
6	科技文明	11	focus	/ˈfəʊkəs/	v.	核心	（把......）集中（于）n. 焦点	源自拉丁语 focus（壁炉），引申为“焦点”	The discussion should focus on solutions rather than problems.	讨论应该集中在解决方案上，而不是问题上。	搭配：focus on 集中于。	https://www.leonwang.cc/ielts-vocab/data-6.js?v=20260618-1
6	科技文明	12	utilise	/ˈjuːtəlaɪz/	v.	高频	利用		Teachers are encouraged to utilise technology to make lessons more engaging.	鼓励教师利用技术使课程更有吸引力。	名词 utility 效用；utilisation 利用。	https://www.leonwang.cc/ielts-vocab/data-6.js?v=20260618-1
6	科技文明	13	usage	/ˈjuːsɪdʒ/	n.	低频	使用；（词语的）用法		The dictionary provides clear explanations of word meanings and usage.	这本词典提供了清晰的词义和用法解释。		https://www.leonwang.cc/ielts-vocab/data-6.js?v=20260618-1
6	科技文明	14	tester	/ˈtestə/	n.	识记	测试仪；测试员		A software tester is responsible for finding and reporting bugs before a product is released.	软件测试员负责在产品发布前发现并报告漏洞。		https://www.leonwang.cc/ielts-vocab/data-6.js?v=20260618-1
6	科技文明	15	apply	/əˈplaɪ/	v.	核心	应用；适用		The theories learned in class can be applied to solve real-world problems.	课堂上学到的理论可以应用于解决现实世界的问题。	名词 application 应用；申请；应用程序。	https://www.leonwang.cc/ielts-vocab/data-6.js?v=20260618-1
6	科技文明	16	device	/dɪˈvaɪs/	n.	核心	装置，设备；手段，策略		The security device scans fingerprints to allow access to the building.	这个安全装置扫描指纹以允许进入大楼。		https://www.leonwang.cc/ielts-vocab/data-6.js?v=20260618-1
6	科技文明	17	appliance	/əˈplaɪəns/	n.	核心	应用；（家用）器具		Energy-efficient appliances can help reduce household electricity bills.	节能电器有助于降低家庭电费。	搭配：a kitchen appliance 厨房用具。	https://www.leonwang.cc/ielts-vocab/data-6.js?v=20260618-1
6	科技文明	18	facility	/fəˈsɪlɪti/	n.	高频	设备；便利	源自拉丁语 facilis（简单的），即促进事物简化的设施或工具	The sports facility includes a swimming pool, gym, and tennis courts.	这个体育设施包括游泳池、健身房和网球场。		https://www.leonwang.cc/ielts-vocab/data-6.js?v=20260618-1
6	科技文明	19	equipment	/ɪˈkwɪpmənt/	n.	核心	设备		The laboratory is equipped with state-of-the-art equipment for genetic research.	实验室配备了用于基因研究的最先进设备。	动词 equip 装备，配备。	https://www.leonwang.cc/ielts-vocab/data-6.js?v=20260618-1
6	科技文明	20	instrument	/ˈɪnstrəmənt/	n.	核心	仪器；工具；乐器		The surgeon carefully sterilised the instruments before the operation.	外科医生在手术前仔细消毒了器械。		https://www.leonwang.cc/ielts-vocab/data-6.js?v=20260618-1
6	科技文明	21	tool	/tuːl/	n.	核心	工具		Language is a powerful tool for communication and cultural exchange.	语言是交流和文化交流的强大工具。		https://www.leonwang.cc/ielts-vocab/data-6.js?v=20260618-1
6	科技文明	22	gauge	/ɡeɪdʒ/	n.	低频	测量仪器 v. 测量；判断		It is difficult to gauge public opinion on such a complex issue.	在如此复杂的问题上，很难判断公众舆论。		https://www.leonwang.cc/ielts-vocab/data-6.js?v=20260618-1
6	科技文明	23	measure	/ˈmeʒə/	v.	核心	测量 n. 衡量；措施		The government introduced strict measures to control air pollution.	政府采取了严格措施来控制空气污染。	搭配：take measures 采取措施。	https://www.leonwang.cc/ielts-vocab/data-6.js?v=20260618-1
6	科技文明	24	calculate	/ˈkælkjʊleɪt/	v.	核心	计算；考虑，打算		Engineers calculated the load capacity of the bridge before construction began.	工程师在施工开始前计算了桥梁的承载能力。	名词 calculation 计算；calculator 计算器。	https://www.leonwang.cc/ielts-vocab/data-6.js?v=20260618-1
6	科技文明	25	compute	/kəmˈpjuːt/	v.	低频	计算；估计		The system can compute complex data sets in a matter of seconds.	该系统可以在几秒钟内计算复杂的数据集。	名词 computer 计算机。	https://www.leonwang.cc/ielts-vocab/data-6.js?v=20260618-1
6	科技文明	26	count	/kaʊnt/	v.	核心	计算		The teacher asked the students to count the number of trees in the park.	老师要求学生数公园里树木的数量。		https://www.leonwang.cc/ielts-vocab/data-6.js?v=20260618-1
6	科技文明	27	estimate	/ˈestɪmət/	n.	核心	估价；估计；评价		According to official estimates, the population of the city will reach two million by 2030.	根据官方估计，到2030年该市人口将达到200万。		https://www.leonwang.cc/ielts-vocab/data-6.js?v=20260618-1
6	科技文明	28	assess	/əˈses/	v.	核心	评估；估算		Teachers use a variety of methods to assess students' progress.	教师使用多种方法来评估学生的进步。	名词 assessment 评估；估价。	https://www.leonwang.cc/ielts-vocab/data-6.js?v=20260618-1
6	科技文明	29	evaluate	/ɪˈvæljʊeɪt/	v.	核心	评价，评估	val 指“值钱”，如：evaluate（评估价值 → 评价），value（价值），invaluable（非常宝贵的），devaluation（贬值）	The committee will evaluate the proposals based on cost, feasibility, and impact.	委员会将根据成本、可行性和影响来评估这些提案。		https://www.leonwang.cc/ielts-vocab/data-6.js?v=20260618-1
6	科技文明	30	accessory	/əkˈsesəri/	n.	低频	附件，配件		The phone comes with several accessories, including a charger and earphones.	手机配有几个附件，包括充电器和耳机。		https://www.leonwang.cc/ielts-vocab/data-6.js?v=20260618-1
6	科技文明	31	byproduct	/ˈbaɪˌprɒdʌkt/	n.	低频	副产品		One byproduct of the manufacturing process is a gas that can be used as fuel.	制造过程的一种副产品是一种可用作燃料的气体。	前缀 by- 表示“副，旁”。	https://www.leonwang.cc/ielts-vocab/data-6.js?v=20260618-1
6	科技文明	32	auxiliary	/ɔːɡˈzɪliəri/	adj.	低频	辅助的，协助的；备用的		The hospital installed an auxiliary power system for use during emergencies.	医院安装了一套辅助电力系统供紧急情况使用。		https://www.leonwang.cc/ielts-vocab/data-6.js?v=20260618-1
6	科技文明	33	versatile	/ˈvɜːsətaɪl/	adj.	低频	多功能的，多用途的		This versatile tool can be used for cutting, shaping, and polishing wood.	这种多功能工具可用于切割、塑形和抛光木材。		https://www.leonwang.cc/ielts-vocab/data-6.js?v=20260618-1
6	科技文明	34	add	/æd/	v.	核心	添加；附加		Please add your name to the list if you wish to participate.	如果您想参加，请把名字加到名单上。	搭配：add up to 合计达，总计达。	https://www.leonwang.cc/ielts-vocab/data-6.js?v=20260618-1
6	科技文明	35	accumulate	/əˈkjuːmjʊleɪt/	v.	核心	积累；（数额）逐渐增加		Over the years, she accumulated a vast collection of rare books.	多年来，她积累了大量的珍贵藏书。		https://www.leonwang.cc/ielts-vocab/data-6.js?v=20260618-1
6	科技文明	36	assemble	/əˈsembl/	v.	高频	集合，聚集		The students assembled in the main hall for the morning briefing.	学生们在主厅集合听取晨会。		https://www.leonwang.cc/ielts-vocab/data-6.js?v=20260618-1
6	科技文明	37	gather	/ˈɡæðə/	v.	核心	聚集；采集		The researcher gathered data from over a thousand participants.	研究人员从一千多名参与者那里收集了数据。		https://www.leonwang.cc/ielts-vocab/data-6.js?v=20260618-1
6	科技文明	38	attach	/əˈtætʃ/	v.	高频	使依附；附加；缚，系，贴		Please attach your CV and cover letter when applying for the position.	申请该职位时，请附上简历和求职信。	搭配：attach importance to 重视；名词 attachment 附件。	https://www.leonwang.cc/ielts-vocab/data-6.js?v=20260618-1
6	科技文明	39	belong	/bɪˈlɒŋ/	v.	核心	应在（某处）；适合（某种情形）		These ancient artifacts belong to the museum's permanent collection.	这些古代文物属于博物馆的永久藏品。	搭配：belong to 属于。	https://www.leonwang.cc/ielts-vocab/data-6.js?v=20260618-1
6	科技文明	40	optics	/ˈɒptɪks/	n.	识记	光学		The study of optics has led to the development of high-precision lasers.	光学研究促进了高精度激光的发展。		https://www.leonwang.cc/ielts-vocab/data-6.js?v=20260618-1
6	科技文明	41	microscope	/ˈmaɪkrəskəʊp/	n.	核心	显微镜		Under the microscope, you can see the individual cells of the plant.	在显微镜下，你可以看到植物的单个细胞。	前缀 micro- 表示“微小”。	https://www.leonwang.cc/ielts-vocab/data-6.js?v=20260618-1
6	科技文明	42	lens	/lenz/	n.	高频	透镜；（照相机等的）镜头		The camera lens was damaged, so all the photos came out blurred.	相机镜头损坏了，所以所有照片都模糊不清。		https://www.leonwang.cc/ielts-vocab/data-6.js?v=20260618-1
6	科技文明	43	radar	/ˈreɪdɑː/	n.	低频	雷达，无线电定位装置		The military base uses advanced radar systems to monitor airspace.	军事基地使用先进的雷达系统监视空域。		https://www.leonwang.cc/ielts-vocab/data-6.js?v=20260618-1
6	科技文明	44	echo	/ˈekəʊ/	n.	低频	回声 v. 发回声；模仿；重复		His voice echoed through the empty hall.	他的声音在空荡荡的大厅里回响。	希腊神话中的仙女厄科（Echo）。	https://www.leonwang.cc/ielts-vocab/data-6.js?v=20260618-1
6	科技文明	45	sensor	/ˈsensə/	n.	高频	传感器		The motion sensor automatically turns on the lights when someone enters the room.	运动传感器在有人进入房间时自动开灯。	相关词：sense 感受；sensory 感觉的。	https://www.leonwang.cc/ielts-vocab/data-6.js?v=20260618-1
6	科技文明	46	multimedia	/ˌmʌltiˈmiːdiə/	n.	高频	多媒体		The teacher used multimedia resources such as videos and animations to explain the concept.	老师使用视频和动画等多媒体资源来解释概念。		https://www.leonwang.cc/ielts-vocab/data-6.js?v=20260618-1
6	科技文明	47	network	/ˈnetwɜːk/	n.	核心	网络；广播网，电视网		Social networks have changed the way people communicate and share information.	社交网络改变了人们交流和分享信息的方式。		https://www.leonwang.cc/ielts-vocab/data-6.js?v=20260618-1
6	科技文明	48	browser	/ˈbraʊzə/	n.	低频	浏览器		Make sure your browser is updated to the latest version for better security.	确保浏览器更新到最新版本以确保更好的安全性。		https://www.leonwang.cc/ielts-vocab/data-6.js?v=20260618-1
6	科技文明	49	dial	/ˈdaɪəl/	v.	核心	拨（电话号码）		She quickly dialled the emergency number when she saw the accident.	看到事故后，她迅速拨打了紧急电话。		https://www.leonwang.cc/ielts-vocab/data-6.js?v=20260618-1
6	科技文明	50	microcomputer	/ˈmaɪkrəʊkəmˌpjuːtə/	n.	识记	微型计算机		In the 1980s, the microcomputer revolutionised home and office work.	在20世纪80年代，微型计算机彻底改变了家庭和办公室工作。		https://www.leonwang.cc/ielts-vocab/data-6.js?v=20260618-1
6	科技文明	51	laptop	/ˈlæptɒp/	n.	核心	笔记本电脑		Many students prefer laptops to desktop computers because they are portable.	许多学生更喜欢笔记本电脑而非台式机，因为便于携带。		https://www.leonwang.cc/ielts-vocab/data-6.js?v=20260618-1
6	科技文明	52	software	/ˈsɒftweə/	n.	核心	软件		The company develops software solutions for small businesses.	这家公司为小型企业开发软件解决方案。	反义词：hardware 硬件。	https://www.leonwang.cc/ielts-vocab/data-6.js?v=20260618-1
6	科技文明	53	high-definition	/ˌhaɪ defɪˈnɪʃən/	adj.	识记	高分辨率的		The documentary was filmed in high-definition, capturing stunning details of wildlife.	这部纪录片以高分辨率拍摄，捕捉了野生动物的惊人细节。		https://www.leonwang.cc/ielts-vocab/data-6.js?v=20260618-1
6	科技文明	54	keyboard	/ˈkiːbɔːd/	n.	核心	键盘		She spends most of her working day typing on a keyboard.	她大部分工作时间都在键盘上打字。		https://www.leonwang.cc/ielts-vocab/data-6.js?v=20260618-1
6	科技文明	55	screen	/skriːn/	n.	核心	屏；屏幕 v. 遮蔽		Long hours of staring at a screen can cause eye strain.	长时间盯着屏幕会导致眼睛疲劳。		https://www.leonwang.cc/ielts-vocab/data-6.js?v=20260618-1
6	科技文明	56	audio	/ˈɔːdiəʊ/	adj.	高频	声音的		The language lab provides audio materials for students to improve their listening skills.	语言实验室提供音频材料，帮助学生提高听力技能。		https://www.leonwang.cc/ielts-vocab/data-6.js?v=20260618-1
6	科技文明	57	loudspeaker	/ˌlaʊdˈspiːkə/	n.	低频	扬声器，喇叭		The announcement was made over the loudspeaker for everyone to hear.	通知通过扬声器播放，让每个人都能听到。		https://www.leonwang.cc/ielts-vocab/data-6.js?v=20260618-1
6	科技文明	58	vision	/ˈvɪʒən/	n.	核心	视觉，视力		Regular eye exams are important for maintaining good vision.	定期眼科检查对于保持良好视力很重要。	形容词 visual 视觉的；visible 看得见的。	https://www.leonwang.cc/ielts-vocab/data-6.js?v=20260618-1
6	科技文明	59	microphone	/ˈmaɪkrəfəʊn/	n.	核心	话筒，麦克风		The speaker adjusted the microphone before beginning her talk.	演讲者在开始前调整了麦克风。		https://www.leonwang.cc/ielts-vocab/data-6.js?v=20260618-1
6	科技文明	60	fantasy	/ˈfæntəsi/	n.	高频	幻想		The novel is a fantasy about a young wizard's adventures in a magical world.	这部小说是一部关于年轻巫师在魔法世界冒险的奇幻作品。	形容词 fantastic 奇异的，奇妙的。	https://www.leonwang.cc/ielts-vocab/data-6.js?v=20260618-1
6	科技文明	61	cassette	/kəˈset/	n.	识记	盒式磁带；底片盒	来自 case（箱），-ette 是表示“小”的后缀	I found an old cassette of my parents' wedding music in the attic.	我在阁楼里发现了一盘我父母婚礼上的旧磁带。		https://www.leonwang.cc/ielts-vocab/data-6.js?v=20260618-1
6	科技文明	62	science fiction	/ˌsaɪəns ˈfɪkʃən/	n.	高频	科幻作品		Many technological innovations were first imagined in science fiction.	许多科技创新最初是在科幻作品中想象的。		https://www.leonwang.cc/ielts-vocab/data-6.js?v=20260618-1
6	科技文明	63	tape	/teɪp/	n.	低频	磁带，录音带；胶带		He used duct tape to temporarily fix the broken pipe.	他用胶带临时修补了破裂的管道。		https://www.leonwang.cc/ielts-vocab/data-6.js?v=20260618-1
6	科技文明	64	pump	/pʌmp/	n.	高频	泵 v.（用泵）抽		The heart acts as a pump, circulating blood throughout the body.	心脏像一个泵，使血液循环全身。		https://www.leonwang.cc/ielts-vocab/data-6.js?v=20260618-1
6	科技文明	65	binary	/ˈbaɪnəri/	adj.	低频	二进制的；二元的		Computers process all information in binary code, using only 0s and 1s.	计算机以二进制代码处理所有信息，仅使用0和1。		https://www.leonwang.cc/ielts-vocab/data-6.js?v=20260618-1
6	科技文明	66	digital	/ˈdɪdʒɪtəl/	adj.	核心	数字的		The shift from analogue to digital technology has transformed the media industry.	从模拟技术到数字技术的转变改变了媒体行业。		https://www.leonwang.cc/ielts-vocab/data-6.js?v=20260618-1
6	科技文明	67	wireless	/ˈwaɪələs/	adj.	核心	不用电线的，无线的		The cafe offers free wireless internet access to all customers.	这家咖啡馆为所有顾客提供免费无线上网。	Wi-Fi 是 wireless fidelity 的缩写。	https://www.leonwang.cc/ielts-vocab/data-6.js?v=20260618-1
6	科技文明	68	generator	/ˈdʒenəreɪtə/	n.	高频	发电机		During the blackout, the hospital relied on emergency generators for power.	停电期间，医院依靠应急发电机供电。	动词 generate 产生（能量），发（电）。	https://www.leonwang.cc/ielts-vocab/data-6.js?v=20260618-1
6	科技文明	69	gear	/ɡɪə/	n.	低频	齿轮，传动装置 v. 使适合		The course is geared towards students who wish to study abroad.	这门课程是为想要出国留学的学生开设的。	搭配：in high gear 以高速挡；gear up 促进。	https://www.leonwang.cc/ielts-vocab/data-6.js?v=20260618-1
6	科技文明	70	pivot	/ˈpɪvət/	n.	低频	枢轴，支点；中心，重点		The investigation quickly became the pivot around which the whole case revolved.	调查迅速成为整个案件围绕的中心。		https://www.leonwang.cc/ielts-vocab/data-6.js?v=20260618-1
6	科技文明	71	hydraulic	/haɪˈdrɔːlɪk/	adj.	高频	水力的，液压的		Hydraulic systems are commonly used in heavy machinery such as excavators.	液压系统通常用于挖掘机等重型机械。		https://www.leonwang.cc/ielts-vocab/data-6.js?v=20260618-1
6	科技文明	72	drainage	/ˈdreɪnɪdʒ/	n.	低频	排水系统；排水		The city's drainage system is being upgraded to prevent flooding during heavy rains.	该市的排水系统正在升级，以防止暴雨时发生洪涝。	搭配：improve the drainage 改善排水系统。	https://www.leonwang.cc/ielts-vocab/data-6.js?v=20260618-1
6	科技文明	73	sewage	/ˈsuːɪdʒ/	n.	高频	（下水道的）污水		Untreated sewage should not be discharged into rivers because it harms aquatic life.	未经处理的污水不应排入河流，因为它会危害水生生物。		https://www.leonwang.cc/ielts-vocab/data-6.js?v=20260618-1
6	科技文明	74	ventilation	/ˌventɪˈleɪʃən/	n.	低频	通风；通风设备		Good ventilation in the workplace helps maintain a healthy indoor environment.	良好的工作场所通风有助于保持健康的室内环境。		https://www.leonwang.cc/ielts-vocab/data-6.js?v=20260618-1
6	科技文明	75	compress	/kəmˈpres/	v.	低频	压紧，压缩		You can compress the file to make it easier to send via email.	你可以压缩文件以便通过电子邮件发送。		https://www.leonwang.cc/ielts-vocab/data-6.js?v=20260618-1
6	科技文明	76	condense	/kənˈdens/	v.	低频	简缩，精简；（使气体）凝结		The editor asked the author to condense the report to ten pages.	编辑要求作者将报告精简到十页。		https://www.leonwang.cc/ielts-vocab/data-6.js?v=20260618-1
6	科技文明	77	refine	/rɪˈfaɪn/	v.	高频	精炼，提纯		The oil refining process separates crude oil into various useful products.	炼油过程将原油分离成各种有用的产品。	搭配：refine on 对......进行精微改进。	https://www.leonwang.cc/ielts-vocab/data-6.js?v=20260618-1
6	科技文明	78	simplify	/ˈsɪmplɪfaɪ/	v.	核心	简化，精简		The government is trying to simplify the tax filing process for ordinary citizens.	政府正试图简化普通市民的报税流程。	名词 simplicity 简单；形容词 simple 简单的。	https://www.leonwang.cc/ielts-vocab/data-6.js?v=20260618-1
6	科技文明	79	purify	/ˈpjʊərɪfaɪ/	v.	低频	净化，使纯净		Special filters are used to purify the water before it is bottled.	水在装瓶前使用特殊过滤器进行净化。	名词 purity 纯洁；形容词 pure 纯净的。	https://www.leonwang.cc/ielts-vocab/data-6.js?v=20260618-1
6	科技文明	80	filter	/ˈfɪltə/	v.	高频	过滤；（光或声）透过 n. 过滤器		Air purifiers filter out dust and pollen, which can help allergy sufferers.	空气净化器过滤掉灰尘和花粉，有助于过敏患者。	搭配：filter through（消息等）慢慢传开。	https://www.leonwang.cc/ielts-vocab/data-6.js?v=20260618-1
6	科技文明	81	distil	/dɪˈstɪl/	v.	低频	蒸馏；提取......的精华		The author managed to distil complex concepts into simple, engaging prose.	作者成功地将复杂的概念提炼成简洁而引人入胜的文字。		https://www.leonwang.cc/ielts-vocab/data-6.js?v=20260618-1
6	科技文明	82	mode	/məʊd/	n.	核心	模式；方式	mod 指“方式，方法”，如：model（模型；模特儿），modest（谦虚的），modify（修改）	Many smartphones have a power-saving mode that extends battery life.	许多智能手机都有省电模式以延长电池续航。		https://www.leonwang.cc/ielts-vocab/data-6.js?v=20260618-1
6	科技文明	83	mould	/məʊld/	v.	低频	浇铸；塑造 n. 模子		The artist used clay to mould a beautiful sculpture of a horse.	艺术家用粘土塑造了一匹美丽的马雕塑。		https://www.leonwang.cc/ielts-vocab/data-6.js?v=20260618-1
6	科技文明	84	prototype	/ˈprəʊtətaɪp/	n.	高频	原型；雏形		The company built a prototype of the new electric car for testing purposes.	公司制造了新电动汽车的原型用于测试。		https://www.leonwang.cc/ielts-vocab/data-6.js?v=20260618-1
6	科技文明	85	framework	/ˈfreɪmwɜːk/	n.	核心	框架，结构；体系		The report provides a comprehensive framework for understanding climate change.	该报告为理解气候变化提供了一个全面的框架。		https://www.leonwang.cc/ielts-vocab/data-6.js?v=20260618-1
6	科技文明	86	aspect	/ˈæspekt/	n.	核心	（问题、事物等的）方面		We need to examine every aspect of the plan before making a decision.	在做决定之前，我们需要考察计划的每个方面。		https://www.leonwang.cc/ielts-vocab/data-6.js?v=20260618-1
6	科技文明	87	phase	/feɪz/	n.	核心	阶段，时期		The construction project is currently in its final phase.	这个建设项目目前处于最后阶段。		https://www.leonwang.cc/ielts-vocab/data-6.js?v=20260618-1
6	科技文明	88	operate	/ˈɒpəreɪt/	v.	核心	操作；运营；做手术		The company operates factories in several countries across Asia.	这家公司在亚洲多个国家经营工厂。	名词 operation 操作；企业；手术。	https://www.leonwang.cc/ielts-vocab/data-6.js?v=20260618-1
6	科技文明	89	facilitate	/fəˈsɪlɪteɪt/	v.	高频	使便利，促进		Digital platforms facilitate communication between teachers and students outside the classroom.	数字平台促进了师生在课外的交流。		https://www.leonwang.cc/ielts-vocab/data-6.js?v=20260618-1
6	科技文明	90	transform	/trænsˈfɔːm/	v.	核心	使改变形态；使改观	trans（转移）+ form（形状）→ 改变形态	The internet has transformed the way people access information.	互联网改变了人们获取信息的方式。	名词 transformation 变化，转变。	https://www.leonwang.cc/ielts-vocab/data-6.js?v=20260618-1
6	科技文明	91	convert	/kənˈvɜːt/	v.	核心	（使）转变；（使）改变（信仰、观点等）		The old factory was converted into a modern art gallery.	旧工厂被改造成了一个现代艺术画廊。	名词 conversion 转变；换算。	https://www.leonwang.cc/ielts-vocab/data-6.js?v=20260618-1
6	科技文明	92	alter	/ˈɔːltə/	v.	核心	改变，变更	拉丁语 alter 意为“其他的”	The company had to alter its strategy due to the changing market conditions.	由于市场环境变化，公司不得不改变策略。	形容词 alternative 可供选择的。	https://www.leonwang.cc/ielts-vocab/data-6.js?v=20260618-1
6	科技文明	93	shift	/ʃɪft/	v.	核心	转移，变换 n. 转移，变换；轮班		The government plans to shift the focus from manufacturing to service industries.	政府计划将重点从制造业转向服务业。	搭配：the day shift 日班；the night shift 夜班。	https://www.leonwang.cc/ielts-vocab/data-6.js?v=20260618-1
6	科技文明	94	turn	/tɜːn/	v.	核心	转；翻 n.（依次轮到的）机会		It's your turn to present your findings to the class.	轮到你向全班展示你的发现了。		https://www.leonwang.cc/ielts-vocab/data-6.js?v=20260618-1
6	科技文明	95	adapt	/əˈdæpt/	v.	核心	适应；改编		Children can adapt quickly to new environments.	孩子们能很快适应新环境。	搭配：adapt to sth. 适应某事物；名词 adaptation 适应。	https://www.leonwang.cc/ielts-vocab/data-6.js?v=20260618-1
6	科技文明	96	adjust	/əˈdʒʌst/	v.	核心	调节；改变（行为或观点）以适应		The seat can be adjusted to the height of the driver.	座椅可根据驾驶员的身高进行调节。	搭配：adjust to 适应；名词 adjustment 调整。	https://www.leonwang.cc/ielts-vocab/data-6.js?v=20260618-1
6	科技文明	97	pinpoint	/ˈpɪnpɔɪnt/	v.	高频	精确指明......的位置 n. 针尖；极小的事物		GPS technology can pinpoint the location of a mobile phone to within a few metres.	GPS技术可以将手机位置精确到几米以内。		https://www.leonwang.cc/ielts-vocab/data-6.js?v=20260618-1
6	科技文明	98	accurate	/ˈækjʊrət/	adj.	核心	准确的，正确无误的		It is essential that the data used in the report is accurate and up-to-date.	报告中使用的数据必须准确且是最新的。	名词 accuracy 精确（度），准确（性）；反义词 inaccurate 不准确的。	https://www.leonwang.cc/ielts-vocab/data-6.js?v=20260618-1
6	科技文明	99	precise	/prɪˈsaɪs/	adj.	核心	精确的，准确的；一丝不苟的		The surgeon needed a precise measurement of the patient's eye before the laser surgery.	外科医生在激光手术前需要精确测量患者的眼睛。	副词 precisely 正是；恰好地。	https://www.leonwang.cc/ielts-vocab/data-6.js?v=20260618-1
6	科技文明	100	correct	/kəˈrekt/	adj.	核心	正确的		Please check that all the information on the form is correct before submitting.	请在提交前检查表格上的所有信息是否正确。	名词 correction 改正；反义词 incorrect 错误的。	https://www.leonwang.cc/ielts-vocab/data-6.js?v=20260618-1
6	科技文明	101	error	/ˈerə/	n.	核心	错误，过失		A small error in calculation can lead to a completely different result.	计算中的一个小错误可能导致完全不同的结果。		https://www.leonwang.cc/ielts-vocab/data-6.js?v=20260618-1
6	科技文明	102	mistake	/mɪˈsteɪk/	n.	核心	错误 v. 误解		Everyone makes mistakes, but the key is to learn from them.	每个人都会犯错，但关键是要从中吸取教训。	搭配：by mistake 错误地；make a mistake 犯错误。	https://www.leonwang.cc/ielts-vocab/data-6.js?v=20260618-1
6	科技文明	103	flaw	/flɔː/	n.	高频	缺陷；错误		The investigation revealed serious flaws in the design of the bridge.	调查揭示了桥梁设计中的严重缺陷。	形容词 flawless 完美的，没有瑕疵的。	https://www.leonwang.cc/ielts-vocab/data-6.js?v=20260618-1
6	科技文明	104	wrong	/rɒŋ/	adj.	核心	错误的 adv. 错误地		If something goes wrong with the equipment, call the maintenance team immediately.	如果设备出现问题，立即致电维修队。	搭配：go wrong 出现问题；出差错。	https://www.leonwang.cc/ielts-vocab/data-6.js?v=20260618-1
6	科技文明	105	fault	/fɔːlt/	n.	核心	缺点；故障 v. 找出缺点		The power outage was caused by a fault in one of the underground cables.	停电是由一根地下电缆故障引起的。	形容词 faulty 有错误的；搭配：find fault with 挑剔。	https://www.leonwang.cc/ielts-vocab/data-6.js?v=20260618-1
6	科技文明	106	stumble	/ˈstʌmbəl/	v.	高频	犯错误；绊脚；跌跌撞撞地走		The actor stumbled over his lines during the first rehearsal.	演员在第一次排练时念错了台词。	搭配：stumble over 在......绊了一下。	https://www.leonwang.cc/ielts-vocab/data-6.js?v=20260618-1
6	科技文明	107	contingency	/kənˈtɪndʒənsi/	n.	低频	意外事件，可能发生的事		The company has a contingency plan in case of a sudden drop in sales.	公司有一项应急计划，以防销售额突然下降。		https://www.leonwang.cc/ielts-vocab/data-6.js?v=20260618-1
6	科技文明	108	circumstance	/ˈsɜːkəmstəns/	n.	核心	情况；环境；条件；[-s] 境遇	circum/circ/cycl(o) 都和“圆、环”有关，如：circumstance（环境），circle（圆圈），circulate（循环），recycle（回收利用）	Under no circumstances should passengers open the emergency door during the flight.	在任何情况下，乘客都不得在飞行中打开紧急出口。	搭配：under/in no circumstances 决不。	https://www.leonwang.cc/ielts-vocab/data-6.js?v=20260618-1
6	科技文明	109	technology	/tekˈnɒlədʒi/	n.	核心	技术		Modern technology has completely transformed the way we communicate with each other.	现代技术彻底改变了我们彼此沟通的方式。	形容词：technological；搭配：advanced technology（先进技术）	https://www.leonwang.cc/ielts-vocab/data-6.js?v=20260618-1
6	科技文明	110	technique	/tekˈniːk/	n.	核心	技巧；技术		The painter used an innovative technique to create the illusion of depth.	这位画家使用了一种创新的技巧来创造深度的幻觉。	形容词：technical；名词：technician（技术员）	https://www.leonwang.cc/ielts-vocab/data-6.js?v=20260618-1
6	科技文明	111	polytechnic	/ˌpɒlɪˈteknɪk/	adj./n.	低频	有关多种工艺的 n. 理工学院		He graduated from a polytechnic with a degree in mechanical engineering.	他毕业于一所理工学院，获得了机械工程学位。	常见于教育机构名称	https://www.leonwang.cc/ielts-vocab/data-6.js?v=20260618-1
6	科技文明	112	engineer	/ˌendʒɪˈnɪə/	n.	核心	工程师，技师		The civil engineer designed a bridge that can withstand earthquakes.	这位土木工程师设计了一座能抵御地震的桥梁。	相关：engine（引擎）；engineering（工程学）	https://www.leonwang.cc/ielts-vocab/data-6.js?v=20260618-1
6	科技文明	113	mechanic	/məˈtʃænɪk/	n.	核心	技工，机械师，机修工		The mechanic quickly diagnosed the strange noise coming from the car engine.	机修工迅速诊断出汽车发动机传来的奇怪噪音。	相关：machine（机器）；mechanism（机制）	https://www.leonwang.cc/ielts-vocab/data-6.js?v=20260618-1
6	科技文明	114	advance	/ədˈvɑːns/	n./v.	核心	发展；前进		Recent advances in medical science have saved millions of lives.	医学科学的最新进展已经拯救了数百万人的生命。	搭配：in advance（预先）；形容词：advanced（先进的）	https://www.leonwang.cc/ielts-vocab/data-6.js?v=20260618-1
6	科技文明	115	innovate	/ˈɪnəveɪt/	v.	核心	创新，改革		Companies that fail to innovate often get left behind by their competitors.	无法创新的公司往往会被竞争对手甩在身后。	名词：innovation（创新）；派生词：innovator（创新者）	https://www.leonwang.cc/ielts-vocab/data-6.js?v=20260618-1
6	科技文明	116	breakthrough	/ˌbreɪkˈθruː/	n.	核心	突破		Scientists have made a major breakthrough in cancer research.	科学家们在癌症研究方面取得了重大突破。	常用搭配：make a breakthrough	https://www.leonwang.cc/ielts-vocab/data-6.js?v=20260618-1
6	科技文明	117	gizmo	/ˈɡɪzməʊ/	n.	低频	小装置		The kitchen is full of handy gizmos that make cooking easier.	厨房里到处都是让烹饪变简单的小装置。	同义词：gadget	https://www.leonwang.cc/ielts-vocab/data-6.js?v=20260618-1
6	科技文明	118	patent	/ˈpeɪtnt/	n./v.	高频	专利，专利权 v. 得到......的专利权；给......专利证		The company applied for a patent to protect its new invention.	该公司申请了专利以保护其新发明。	搭配：patent office（专利局）	https://www.leonwang.cc/ielts-vocab/data-6.js?v=20260618-1
6	科技文明	119	device	/ˈdiːvaɪs/	v.	高频	设计，发明		They are trying to device a more efficient way to store renewable energy.	他们正尝试设计一种更有效的可再生能源存储方式。	注意：名词形式 device（装置）；动词实际应为 devise	https://www.leonwang.cc/ielts-vocab/data-6.js?v=20260618-1
6	科技文明	120	invent	/ɪnˈvent/	v.	核心	发明，创造		Alexander Graham Bell invented the telephone in 1876.	亚历山大·格雷厄姆·贝尔于1876年发明了电话。	名词：invention（发明）；inventor（发明家）	https://www.leonwang.cc/ielts-vocab/data-6.js?v=20260618-1
6	科技文明	121	discover	/dɪˈskʌvə/	v.	核心	发现		Archaeologists discovered ancient artifacts buried beneath the city.	考古学家发现了埋在城市地下的古代文物。	名词：discovery；对比：invent（发明不存在的事物）	https://www.leonwang.cc/ielts-vocab/data-6.js?v=20260618-1
6	科技文明	129	disclose	/dɪsˈkləʊz/	v.	高频	揭露；公开，透露		The company refused to disclose the details of the contract to the public.	该公司拒绝向公众披露合同的细节。	名词：disclosure；同义词：reveal, uncover	https://www.leonwang.cc/ielts-vocab/data-6.js?v=20260618-1
7	文化历史	1	culture	/ˈkʌltʃə/	n.	核心	文化，文明；教养	cult 指“耕种（to till）”。人类最早的文化之一就是农耕文化。	Understanding local culture is essential for anyone planning to live and work abroad.	理解当地文化对任何计划出国生活和工作的人都至关重要。	cultural adj. 文化的；multicultural adj. 文化多样的。	https://www.leonwang.cc/ielts-vocab/data-7.js?v=20260618-1
7	文化历史	2	civilisation	/ˌsɪvəlaɪˈzeɪʃən/	n.	高频	文明	civilise (= civilize) v. 使文明；开化	The museum exhibits trace the development of ancient civilisations across five continents.	博物馆的展品追溯了五大洲古代文明的发展。	同 civilization。	https://www.leonwang.cc/ielts-vocab/data-7.js?v=20260618-1
7	文化历史	3	renaissance	/rɪˈneɪsəns/	n.	高频	[the R-] 文艺复兴时期		The Renaissance sparked a renewed interest in science, art, and classical learning.	文艺复兴重新点燃了人们对科学、艺术和古典学问的兴趣。	通常大写。	https://www.leonwang.cc/ielts-vocab/data-7.js?v=20260618-1
7	文化历史	4	epic	/ˈepɪk/	n.	低频	史诗 adj. 宏大的		Homer's 'Iliad' is an ancient Greek epic about the Trojan War.	荷马的《伊利亚特》是一部关于特洛伊战争的古希腊史诗。	也可作形容词。	https://www.leonwang.cc/ielts-vocab/data-7.js?v=20260618-1
7	文化历史	5	ideology	/ˌaɪdɪˈɒlədʒi/	n.	高频	意识形态，思想体系		People's political ideology often influences how they interpret current events.	人们的政治意识形态常常影响他们如何解读时事。		https://www.leonwang.cc/ielts-vocab/data-7.js?v=20260618-1
7	文化历史	6	tradition	/trəˈdɪʃən/	n.	核心	传统	traditional adj. 传统的；惯例的	It is a family tradition to gather for a large meal at the Spring Festival.	春节期间聚在一起吃大餐是一项家族传统。	搭配：by tradition 根据传统。	https://www.leonwang.cc/ielts-vocab/data-7.js?v=20260618-1
7	文化历史	7	convention	/kənˈvenʃən/	n.	高频	惯例；大型会议	conventional adj. 传统的；通常的	Wearing formal attire to an interview is a social convention in many countries.	面试时穿正装在许多国家是一种社会惯例。		https://www.leonwang.cc/ielts-vocab/data-7.js?v=20260618-1
7	文化历史	8	custom	/ˈkʌstəm/	n.	核心	习俗；（个人的）习惯	customs n. 海关；关税	The custom of exchanging gifts during the holiday season is widely practised.	节日期间交换礼物的习俗被广泛践行。	customs 海关。	https://www.leonwang.cc/ielts-vocab/data-7.js?v=20260618-1
7	文化历史	9	feudalism	/ˈfjuːdəlɪzəm/	n.	识记	封建主义；封建制度	feudal adj. 封建的	Under feudalism, land was owned by nobles and worked by peasants in exchange for protection.	在封建制度下，土地归贵族所有，由农民耕作以换取保护。		https://www.leonwang.cc/ielts-vocab/data-7.js?v=20260618-1
7	文化历史	10	slavery	/ˈsleɪvəri/	n.	高频	奴隶制	slave n. 奴隶	Slavery was officially abolished in many countries during the nineteenth century.	十九世纪，许多国家正式废除了奴隶制。		https://www.leonwang.cc/ielts-vocab/data-7.js?v=20260618-1
7	文化历史	11	ethical	/ˈeθɪkəl/	adj.	高频	伦理的，道德的		Scientists must consider the ethical implications of their experiments before proceeding.	科学家在进行实验前必须考虑实验的伦理影响。		https://www.leonwang.cc/ielts-vocab/data-7.js?v=20260618-1
7	文化历史	12	moral	/ˈmɔːrəl/	adj.	核心	道德上的；有道德的 n. [-s] 道德	immoral adj. 不道德的	The novel explores the moral dilemmas faced by people during wartime.	这部小说探讨了战争期间人们面临的道德困境。	搭配：moral principles 道德准则。	https://www.leonwang.cc/ielts-vocab/data-7.js?v=20260618-1
7	文化历史	13	tribe	/traɪb/	n.	高频	部落	源自拉丁语 tribus，同源词：contribute（捐献），distribute（分发），attribute（归因于；属性），tributary（支流）	The indigenous tribe has preserved its language and customs for thousands of years.	这个土著部落将其语言和习俗保存了数千年。		https://www.leonwang.cc/ielts-vocab/data-7.js?v=20260618-1
7	文化历史	14	aboriginal	/ˌæbəˈrɪdʒɪnəl/	n.	识记	[A-] 澳大利亚土著人 adj. 本土原有的；土著的	original adj. 原本的，最初的； origin n. 起源	Aboriginal Australians have a deep spiritual connection to the land that dates back millennia.	澳大利亚土著人与土地有着数千年的深厚精神联系。		https://www.leonwang.cc/ielts-vocab/data-7.js?v=20260618-1
7	文化历史	15	inhabitant	/ɪnˈhæbɪtənt/	n.	高频	居民	in（进入）+ habit（持有，握住 → 居住）+ ant → 居民	The island's original inhabitants were skilled fishermen and navigators.	该岛的原住民是熟练的渔民和航海者。	inhabit v. 居住于。	https://www.leonwang.cc/ielts-vocab/data-7.js?v=20260618-1
7	文化历史	16	native	/ˈneɪtɪv/	adj.	核心	本土的 n. 本地人		He returned to his native country after spending twenty years overseas.	在海外度过二十年后，他回到了故土。	搭配：native tongue 母语。	https://www.leonwang.cc/ielts-vocab/data-7.js?v=20260618-1
7	文化历史	17	local	/ˈləʊkəl/	adj.	核心	当地的 n. 当地人	localise (= localize) v. 使局部化	Visitors are encouraged to try local dishes to fully experience the regional culture.	鼓励游客品尝当地菜肴，以充分体验地域文化。		https://www.leonwang.cc/ielts-vocab/data-7.js?v=20260618-1
7	文化历史	18	exotic	/ɪɡˈzɒtɪk/	adj.	高频	外来的；异国情调的		The marketplace was filled with exotic spices and colourful fabrics from distant lands.	市场上摆满了来自遥远国度的异国香料和色彩斑斓的织物。	注意与 erotic（色情的）区分。	https://www.leonwang.cc/ielts-vocab/data-7.js?v=20260618-1
7	文化历史	19	foreigner	/ˈfɒrɪnə/	n.	核心	外国人		As a foreigner, she found it challenging at first to adapt to the new social norms.	作为外国人，起初她发现适应新的社会规范很有挑战性。		https://www.leonwang.cc/ielts-vocab/data-7.js?v=20260618-1
7	文化历史	20	alien	/ˈeɪliən/	n.	高频	外侨；外星生物 adj. 外国的；陌生的	alienate v. 使疏远，使不友好；离间	Arriving in a foreign city alone can make anyone feel alien and isolated.	独自抵达陌生城市会让人感到疏离和孤立。	搭配：an alien culture 异域文化。	https://www.leonwang.cc/ielts-vocab/data-7.js?v=20260618-1
7	文化历史	21	anthropologist	/ˌænθrəˈpɒlədʒɪst/	n.	低频	人类学家	anthropology n. 人类学	Anthropologists often live within a community for months to study its social structures.	人类学家常常在社区中生活数月，以研究其社会结构。		https://www.leonwang.cc/ielts-vocab/data-7.js?v=20260618-1
7	文化历史	22	humanitarian	/hjuːˌmænɪˈteəriən/	n.	低频	人道主义者 adj. 人道主义的，博爱的		The organisation is known for its humanitarian efforts in regions affected by natural disasters.	该组织以在受自然灾害影响地区的人道主义工作而闻名。		https://www.leonwang.cc/ielts-vocab/data-7.js?v=20260618-1
7	文化历史	23	heritage	/ˈherɪtɪdʒ/	n.	高频	（国家的）遗产		The ancient temple has been listed as a World Heritage site by UNESCO.	这座古庙已被联合国教科文组织列为世界遗产。	cultural heritage 文化遗产。	https://www.leonwang.cc/ielts-vocab/data-7.js?v=20260618-1
7	文化历史	24	inherit	/ɪnˈherɪt/	v.	高频	继承（财产等）；经遗传获得	inheritance n. 继承；遗产	She inherited a collection of rare books from her grandfather.	她从祖父那里继承了一批珍本书籍。		https://www.leonwang.cc/ielts-vocab/data-7.js?v=20260618-1
7	文化历史	25	antique	/ænˈtiːk/	n.	低频	古董 adj. 古董的		The antique vase was carefully restored to preserve its original beauty.	这只古董花瓶被精心修复，以保留其原有的美感。		https://www.leonwang.cc/ielts-vocab/data-7.js?v=20260618-1
7	文化历史	26	archaeology	/ˌɑːkiˈɒlədʒi/	n.	高频	考古学	archaeological adj. 考古学的； archaeologist n. 考古学家	Advances in archaeology have revealed new information about early human settlements.	考古学的进步揭示了关于早期人类定居点的新信息。		https://www.leonwang.cc/ielts-vocab/data-7.js?v=20260618-1
7	文化历史	27	excavate	/ˈekskəveɪt/	v.	低频	挖掘，发掘	excavation n. 挖掘，发掘	The team began to excavate the site where ancient pottery had been discovered.	团队开始在发现古代陶器的地方进行挖掘。		https://www.leonwang.cc/ielts-vocab/data-7.js?v=20260618-1
7	文化历史	28	museum	/mjuːˈziːəm/	n.	核心	博物馆	来自 Muse（缪斯女神），um 表示地点，即缪斯女神的圣殿	The museum offers free guided tours to help visitors understand the historical exhibits.	博物馆提供免费导览，帮助参观者理解历史展品。		https://www.leonwang.cc/ielts-vocab/data-7.js?v=20260618-1
7	文化历史	29	pottery	/ˈpɒtəri/	n.	低频	陶器	pot n. 壶，罐子	Beautiful hand-painted pottery from the region is popular with tourists.	该地区精美的手绘陶器很受游客欢迎。		https://www.leonwang.cc/ielts-vocab/data-7.js?v=20260618-1
7	文化历史	30	engrave	/ɪnˈɡreɪv/	v.	识记	在......上雕刻		The watchmaker can engrave your initials on the back of the timepiece.	钟表匠可以在表背上雕刻你名字的首字母。		https://www.leonwang.cc/ielts-vocab/data-7.js?v=20260618-1
7	文化历史	31	decorate	/ˈdekəreɪt/	v.	核心	装饰	decoration n. 装饰；装饰品； decorative adj. 装饰性的	They decorated the hall with colourful banners and balloons for the cultural festival.	他们用彩旗和气球装饰大厅，迎接文化节。	搭配：decorate A with B。	https://www.leonwang.cc/ielts-vocab/data-7.js?v=20260618-1
7	文化历史	32	religion	/rɪˈlɪdʒən/	n.	核心	宗教，宗教信仰	religious adj. 宗教的	Religion has played a significant role in shaping art and architecture throughout history.	纵观历史，宗教在塑造艺术和建筑方面发挥了重要作用。		https://www.leonwang.cc/ielts-vocab/data-7.js?v=20260618-1
7	文化历史	33	ritual	/ˈrɪtʃuəl/	n.	高频	仪式		Morning tea is a daily ritual that helps many people start the day calmly.	早茶是许多人平静开启一天的日常仪式。		https://www.leonwang.cc/ielts-vocab/data-7.js?v=20260618-1
7	文化历史	34	etiquette	/ˈetɪket/	n.	低频	礼仪，礼节	法语借词，原指标签，签条；与 ticket 同源	Understanding local dining etiquette can help you avoid embarrassment at formal dinners.	了解当地用餐礼仪有助于在正式晚宴上避免尴尬。		https://www.leonwang.cc/ielts-vocab/data-7.js?v=20260618-1
7	文化历史	35	belief	/bɪˈliːf/	n.	核心	信念；信仰	believe v. 相信；认为	Her strong belief in justice motivated her to become a human rights lawyer.	她对正义的坚定信念激励她成为了一名维权律师。		https://www.leonwang.cc/ielts-vocab/data-7.js?v=20260618-1
7	文化历史	36	soul	/səʊl/	n.	高频	灵魂；心灵；精神		Music has the power to touch the soul and express emotions beyond words.	音乐具有触动灵魂、表达文字之外情感的力量。	搭配：put one's heart and soul into sth. 全身心投入。	https://www.leonwang.cc/ielts-vocab/data-7.js?v=20260618-1
7	文化历史	37	spirit	/ˈspɪrɪt/	n.	核心	精神，心灵	spiritual adj. 精神上的	The team showed great fighting spirit, even when they were losing the match.	即使比赛失利，队员们也展现了昂扬的斗志。		https://www.leonwang.cc/ielts-vocab/data-7.js?v=20260618-1
7	文化历史	38	sacred	/ˈseɪkrɪd/	adj.	高频	神圣的；宗教的		The mountain is considered sacred by the indigenous people who live nearby.	附近的原住民认为这座山是神圣的。		https://www.leonwang.cc/ielts-vocab/data-7.js?v=20260618-1
7	文化历史	39	hallowed	/ˈhæləʊd/	adj.	识记	神圣的；受尊崇的		The hallowed halls of the ancient university have inspired generations of scholars.	这所古老大学神圣的殿堂激励了一代又一代学者。		https://www.leonwang.cc/ielts-vocab/data-7.js?v=20260618-1
7	文化历史	40	holy	/ˈhəʊli/	adj.	高频	神圣的；圣洁的，虔诚的		The city is regarded as a holy place by followers of several different faiths.	这座城市被几种不同信仰的信徒视为圣地。		https://www.leonwang.cc/ielts-vocab/data-7.js?v=20260618-1
7	文化历史	41	Pope	/pəʊp/	n.	识记	教皇		The Pope delivered a message of peace during his address to the large crowd.	教皇在对广大人群的讲话中传达了和平之意。		https://www.leonwang.cc/ielts-vocab/data-7.js?v=20260618-1
7	文化历史	42	bishop	/ˈbɪʃəp/	n.	识记	主教		The bishop led the service at the cathedral on Easter Sunday.	复活节当天，主教在大教堂主持了礼拜仪式。		https://www.leonwang.cc/ielts-vocab/data-7.js?v=20260618-1
7	文化历史	43	missionary	/ˈmɪʃənəri/	n.	识记	传教士	mission n. 使命	The missionary spent years learning the local language before beginning his work.	传教士花了数年时间学习当地语言才开始工作。		https://www.leonwang.cc/ielts-vocab/data-7.js?v=20260618-1
7	文化历史	44	priest	/priːst/	n.	低频	牧师；神父；教士		The village priest was highly respected for his wisdom and kindness.	村里的牧师因其智慧和善良而备受尊敬。		https://www.leonwang.cc/ielts-vocab/data-7.js?v=20260618-1
7	文化历史	45	Bible	/ˈbaɪbəl/	n.	低频	基督教的《圣经》		Stories from the Bible have influenced art and literature for centuries.	《圣经》中的故事数个世纪以来一直影响着艺术和文学。		https://www.leonwang.cc/ielts-vocab/data-7.js?v=20260618-1
7	文化历史	46	church	/tʃɜːtʃ/	n.	核心	教堂		The small stone church on the hill dates back to the twelfth century.	山上的小石教堂可追溯至十二世纪。		https://www.leonwang.cc/ielts-vocab/data-7.js?v=20260618-1
7	文化历史	47	cathedral	/kəˈθiːdrəl/	n.	低频	大教堂		Tourists gathered in the square to admire the Gothic architecture of the cathedral.	游客们聚集在广场上，欣赏大教堂的哥特式建筑。		https://www.leonwang.cc/ielts-vocab/data-7.js?v=20260618-1
7	文化历史	48	choir	/kwaɪə/	n.	识记	唱诗班		The church choir practised every Wednesday evening to prepare for Sunday services.	教堂唱诗班每周三晚上排练，为周日的礼拜做准备。		https://www.leonwang.cc/ielts-vocab/data-7.js?v=20260618-1
7	文化历史	49	monk	/mʌŋk/	n.	低频	僧侣		The monk spent hours each day in meditation and prayer.	僧侣每天花数小时冥想和祈祷。		https://www.leonwang.cc/ielts-vocab/data-7.js?v=20260618-1
7	文化历史	50	temple	/ˈtempəl/	n.	核心	寺院，庙宇		Visitors are asked to remove their shoes before entering the temple.	参观者被要求在进入寺庙前脱鞋。		https://www.leonwang.cc/ielts-vocab/data-7.js?v=20260618-1
7	文化历史	51	pagoda	/pəˈɡəʊdə/	n.	识记	佛塔		The ancient pagoda stands on a hill overlooking the river.	古佛塔矗立在山上，俯瞰河流。		https://www.leonwang.cc/ielts-vocab/data-7.js?v=20260618-1
7	文化历史	52	empire	/ˈempaɪə/	n.	高频	帝国		The Roman Empire expanded across much of Europe and the Mediterranean region.	罗马帝国曾扩张至欧洲和地中海地区的许多地方。		https://www.leonwang.cc/ielts-vocab/data-7.js?v=20260618-1
7	文化历史	53	imperial	/ɪmˈpɪəriəl/	adj.	低频	帝国的		The imperial palace was once the residence of emperors and their royal families.	皇宫曾是皇帝及其皇室的居所。		https://www.leonwang.cc/ielts-vocab/data-7.js?v=20260618-1
7	文化历史	54	royal	/ˈrɔɪəl/	adj.	核心	皇家的；高贵的	royalty n. 王室成员，皇族	The royal wedding attracted a global television audience of millions.	皇家婚礼吸引了全球数百万电视观众。		https://www.leonwang.cc/ielts-vocab/data-7.js?v=20260618-1
7	文化历史	55	dynasty	/ˈdɪnəsti/	n.	高频	朝代		The Ming Dynasty is remembered for its achievements in art and overseas exploration.	明朝因其在艺术和海外探索方面的成就而被铭记。		https://www.leonwang.cc/ielts-vocab/data-7.js?v=20260618-1
7	文化历史	56	chronology	/krəˈnɒlədʒi/	n.	识记	年表，事件发生顺序表；年代学	chron 意为“时间（time）”，如：chronic（长期的，慢性的）	The teacher drew a timeline on the board to show the chronology of the major historical events.	老师在黑板上画了一条时间线来展示主要历史事件的顺序。		https://www.leonwang.cc/ielts-vocab/data-7.js?v=20260618-1
7	文化历史	57	emperor	/ˈempərə/	n.	高频	皇帝		The young emperor's reign brought a period of stability and growth to the kingdom.	年轻皇帝的统治给王国带来了一个稳定和发展的时期。		https://www.leonwang.cc/ielts-vocab/data-7.js?v=20260618-1
7	文化历史	58	king	/kɪŋ/	n.	核心	国王	kingdom n. 王国	The king addressed his people from the balcony of the palace on the national holiday.	国庆日，国王在宫殿阳台上向人民发表讲话。		https://www.leonwang.cc/ielts-vocab/data-7.js?v=20260618-1
7	文化历史	59	queen	/kwiːn/	n.	核心	王后；女王		The queen was known for her wisdom and dedication to public service.	女王以其智慧和对公共服务的奉献而闻名。		https://www.leonwang.cc/ielts-vocab/data-7.js?v=20260618-1
7	文化历史	60	prince	/prɪns/	n.	高频	王子；亲王		The prince studied at a prestigious university before returning to serve his country.	王子在一所顶尖大学学习后，回国服务。		https://www.leonwang.cc/ielts-vocab/data-7.js?v=20260618-1
7	文化历史	61	princess	/prɪnˈses/	n.	高频	公主；王妃		The princess became actively involved in charities supporting children's education.	公主积极参与支持儿童教育的慈善机构。		https://www.leonwang.cc/ielts-vocab/data-7.js?v=20260618-1
7	文化历史	62	majesty	/ˈmædʒəsti/	n.	低频	威严，壮观；陛下	majestic adj. 宏伟的，庄严的	The majesty of the snow-covered mountains left the travellers speechless.	白雪皑皑的群山的壮观让旅行者们无言以对。		https://www.leonwang.cc/ielts-vocab/data-7.js?v=20260618-1
7	文化历史	63	nobility	/nəʊˈbɪlɪti/	n.	低频	高尚的品质；贵族	noble adj. 贵族的；高贵的 n. 贵族成员	Her nobility of spirit shone through in the way she treated everyone with kindness.	她高尚的精神体现在她善待每个人的方式上。		https://www.leonwang.cc/ielts-vocab/data-7.js?v=20260618-1
7	文化历史	64	lord	/lɔːd/	n.	低频	（英国）贵族；[L-]阁下，大人；[the L-]上帝		The lord of the manor was responsible for managing the village and protecting its people.	庄园的领主负责管理村庄并保护其人民。		https://www.leonwang.cc/ielts-vocab/data-7.js?v=20260618-1
7	文化历史	65	knight	/naɪt/	n.	低频	骑士 v. 封（某人）为爵士		The knight swore an oath to defend the king and the realm with his life.	骑士宣誓，要用生命保卫国王和王国。		https://www.leonwang.cc/ielts-vocab/data-7.js?v=20260618-1
7	文化历史	66	guardian	/ˈɡɑːdiən/	n.	低频	保卫者；监护人 adj. 守护的	guard v. 保护 n. 守卫	After the child's parents passed away, the grandmother became her legal guardian.	孩子的父母去世后，祖母成了她的法定监护人。		https://www.leonwang.cc/ielts-vocab/data-7.js?v=20260618-1
7	文化历史	67	nostalgia	/nɒˈstældʒə/	n.	高频	思乡之情；怀旧之情		Listening to songs from her youth filled her with a sense of nostalgia.	听着年轻时的歌曲，她心中充满了怀旧之情。		https://www.leonwang.cc/ielts-vocab/data-7.js?v=20260618-1
7	文化历史	68	homesick	/ˈhəʊmsɪk/	adj.	高频	思乡的	homesickness n. 思乡情绪	During her first month studying abroad, she often felt homesick for her family's cooking.	在国外留学的第一个月，她常因想念家里的饭菜而想家。		https://www.leonwang.cc/ielts-vocab/data-7.js?v=20260618-1
7	文化历史	69	anecdote	/ˈænɪkdəʊt/	n.	低频	轶事，奇闻	don/dot 表示“给”，如：anecdote（不向外给 → 未传开的事 → 轶事），donor（献血者），pardon（原谅）	The professor began the lecture with a funny anecdote about his own college days.	教授用一则关于自己大学时代的趣闻轶事开始了讲座。		https://www.leonwang.cc/ielts-vocab/data-7.js?v=20260618-1
7	文化历史	70	accident	/ˈæksɪdənt/	n.	核心	事故；意外，偶然的事	accidental adj. 意外的，偶然的	Historians believe that many great discoveries were made entirely by accident.	历史学家认为，许多伟大的发现纯属偶然。	搭配：by accident 偶然。	https://www.leonwang.cc/ielts-vocab/data-7.js?v=20260618-1
7	文化历史	71	incident	/ˈɪnsɪdənt/	n.	核心	（尤指不寻常的、重要的或暴力的）事件；（两国间的）冲突	incidental adj. 附带的，次要的	The border incident led to increased tension between the two neighbouring countries.	边境事件导致两个邻国之间的紧张局势加剧。		https://www.leonwang.cc/ielts-vocab/data-7.js?v=20260618-1
7	文化历史	72	celebrity	/sɪˈlebrɪti/	n.	高频	名人；名誉		The celebrity used her fame to raise awareness about environmental issues.	这位名人利用自己的名气来提高人们对环境问题的意识。		https://www.leonwang.cc/ielts-vocab/data-7.js?v=20260618-1
7	文化历史	73	status	/ˈsteɪtəs/	n.	核心	地位，身份		In some traditional societies, a person's status is determined by their family background.	在一些传统社会中，一个人的地位由家庭背景决定。	搭配：social status 社会地位。	https://www.leonwang.cc/ielts-vocab/data-7.js?v=20260618-1
7	文化历史	74	background	/ˈbækɡraʊnd/	n.	核心	背景；（个人出身、受教育）经历		Students from diverse cultural backgrounds bring valuable perspectives to the classroom.	来自不同文化背景的学生为课堂带来了宝贵的观点。		https://www.leonwang.cc/ielts-vocab/data-7.js?v=20260618-1
7	文化历史	75	experience	/ɪkˈspɪəriəns/	n.	核心	经验；（一次）经历，体验	experienced adj. 经验丰富的	Volunteering abroad can be a life-changing experience that broadens your worldview.	海外志愿服务可以是一次改变人生的经历，能拓宽你的世界观。		https://www.leonwang.cc/ielts-vocab/data-7.js?v=20260618-1
7	文化历史	76	thrive	/θraɪv/	v.	高频	繁荣，兴旺发达；茁壮生长		Cultural industries thrive when governments invest in the arts and creative sectors.	当政府投资于艺术和创意产业时，文化产业就会蓬勃发展。		https://www.leonwang.cc/ielts-vocab/data-7.js?v=20260618-1
7	文化历史	77	prosperity	/prɒˈsperɪti/	n.	高频	繁荣，兴旺	prosper v. 成功，繁荣； prosperous adj. 繁荣的	The period of economic prosperity led to a flourishing of literature and philosophy.	经济繁荣的时期带来了文学和哲学的蓬勃发展。		https://www.leonwang.cc/ielts-vocab/data-7.js?v=20260618-1
7	文化历史	78	setback	/ˈsetbæk/	n.	高频	挫折，阻碍		The destruction of the library was a major setback for preserving the country's cultural heritage.	图书馆被毁是保护该国文化遗产的重大挫折。	搭配：a business setback 生意上的挫折。	https://www.leonwang.cc/ielts-vocab/data-7.js?v=20260618-1
7	文化历史	79	adversity	/ædˈvɜːsɪti/	n.	低频	逆境		Many great works of literature were produced by authors who had faced personal adversity.	许多伟大的文学作品都是由经历过个人逆境的作家创作的。		https://www.leonwang.cc/ielts-vocab/data-7.js?v=20260618-1
8	语言演化	1	language	/ˈlæŋɡwɪdʒ/	n.	核心	语言		Learning a programming language can be challenging but rewarding for your career.	学习一门编程语言对职业发展来说既具挑战性又有回报。	搭配：body language（身体语言）	https://www.leonwang.cc/ielts-vocab/data-8.js?v=20260618-1
8	语言演化	2	symbol	/ˈsɪmbəl/	n.	核心	象征；符号，记号		The red rose has long been a symbol of love and passion in many cultures.	红玫瑰在许多文化中长期以来一直是爱情和激情的象征。	动词：symbolise（象征）	https://www.leonwang.cc/ielts-vocab/data-8.js?v=20260618-1
8	语言演化	3	sign	/saɪn/	n./v.	核心	符号；征兆，迹象；手势 v. 签（名）		A sudden drop in temperature is usually a sign that winter is approaching.	气温突然下降通常是冬天临近的迹象。	搭配：sign up（报名）；sign language（手语）	https://www.leonwang.cc/ielts-vocab/data-8.js?v=20260618-1
8	语言演化	4	gesture	/ˈdʒestʃə/	n.	核心	手势，姿势		A simple wave of the hand is a common gesture of greeting around the world.	简单的挥手是世界各地常见的问候手势。	搭配：make a gesture（做手势）	https://www.leonwang.cc/ielts-vocab/data-8.js?v=20260618-1
8	语言演化	5	handwriting	/ˈhændˌraɪtɪŋ/	n.	高频	笔迹；书写		The doctor's handwriting was so messy that the pharmacist could barely read it.	医生的笔迹太潦草，药剂师几乎看不懂。	相关：handwritten（手写的）	https://www.leonwang.cc/ielts-vocab/data-8.js?v=20260618-1
8	语言演化	6	pictograph	/ˈpɪktəˌɡræf/	n.	识记	象形文字		Ancient cave paintings are considered early pictographs used to record daily life.	古代洞穴壁画被认为是用以记录日常生活的早期象形文字。	同义词：pictogram	https://www.leonwang.cc/ielts-vocab/data-8.js?v=20260618-1
8	语言演化	7	wedge	/wedʒ/	n.	识记	楔子；楔形物；楔形文字		The carpenter drove a wedge between the boards to split them apart.	木匠在两块木板之间打入楔子将其劈开。	形容词：wedge-shaped（楔形的）	https://www.leonwang.cc/ielts-vocab/data-8.js?v=20260618-1
8	语言演化	8	knot	/nɒt/	n.	高频	（绳、线等的）结；（树枝上的）节子		He tied a tight knot in the rope to secure the boat to the dock.	他在绳子上打了个紧紧的结，把船固定在码头上。	搭配：tie a knot（打结）；cut the knot（快刀斩乱麻）	https://www.leonwang.cc/ielts-vocab/data-8.js?v=20260618-1
8	语言演化	9	linguistics	/lɪŋˈɡwɪstɪks/	n.	核心	语言学		Linguistics helps us understand how children acquire their native language so effortlessly.	语言学帮助我们理解儿童为何能如此轻松地习得母语。	形容词：linguistic；派生词：linguist（语言学家）	https://www.leonwang.cc/ielts-vocab/data-8.js?v=20260618-1
8	语言演化	10	semantic	/sɪˈmæntɪk/	n.	高频	语义的		The word 'literally' has undergone a semantic shift in recent years.	近年来，'literally'一词发生了语义上的变化。	名词：semantics（语义学）	https://www.leonwang.cc/ielts-vocab/data-8.js?v=20260618-1
8	语言演化	11	syntax	/ˈsɪntæks/	n.	核心	句法		English syntax typically follows a subject-verb-object order in declarative sentences.	英语句法在陈述句中通常遵循主谓宾顺序。	形容词：syntactic	https://www.leonwang.cc/ielts-vocab/data-8.js?v=20260618-1
8	语言演化	12	grammar	/ˈɡræmə/	n.	核心	语法；语法书		Understanding basic grammar rules can help you avoid common mistakes in writing.	理解基本语法规则有助于你在写作中避免常见错误。	形容词：grammatical	https://www.leonwang.cc/ielts-vocab/data-8.js?v=20260618-1
8	语言演化	13	phonetics	/fəˈnetɪks/	n.	核心	语音学		Phonetics focuses on the physical properties of speech sounds, not their meaning.	语音学研究语音的物理属性，而非其含义。	形容词：phonetic	https://www.leonwang.cc/ielts-vocab/data-8.js?v=20260618-1
8	语言演化	14	pronounce	/prəˈnaʊns/	v.	核心	发......的音；宣布		Many English learners find it difficult to pronounce the 'th' sound correctly.	许多英语学习者发现正确发出'th'音很困难。	名词：pronunciation（发音）	https://www.leonwang.cc/ielts-vocab/data-8.js?v=20260618-1
8	语言演化	15	intonation	/ˌɪntəˈneɪʃən/	n.	核心	语调		Rising intonation at the end of a sentence usually indicates a question in English.	英语中句末的升调通常表示疑问。	搭配：falling intonation（降调）	https://www.leonwang.cc/ielts-vocab/data-8.js?v=20260618-1
8	语言演化	16	inflection	/ɪnˈflekʃən/	n.	高频	语调的抑扬变化		Her voice lacked any inflection, making her speech sound monotonous and boring.	她的声音缺乏抑扬变化，让演讲听起来单调乏味。	动词：inflect	https://www.leonwang.cc/ielts-vocab/data-8.js?v=20260618-1
8	语言演化	17	dialect	/ˈdaɪəlekt/	n.	核心	方言，地方话	dia（在……之间）+ lect（说）	People from different regions often speak distinct dialects of the same language.	来自不同地区的人们通常说同一种语言的不同方言。	形容词：dialectal	https://www.leonwang.cc/ielts-vocab/data-8.js?v=20260618-1
8	语言演化	18	accent	/ˈæksənt/	n.	核心	重音；口音；读音符号	ac（加强意义）+ cent（歌唱）	Even after living abroad for ten years, he still speaks with a strong native accent.	即使在国外住了十年，他说话仍带有浓重的母语口音。	搭配：foreign accent（外国口音）	https://www.leonwang.cc/ielts-vocab/data-8.js?v=20260618-1
8	语言演化	19	utterance	/ˈʌtərəns/	n.	高频	说话；话语		His first utterance after waking up was a request for a glass of water.	他醒来后说的第一句话是要一杯水。	动词：utter（说出）	https://www.leonwang.cc/ielts-vocab/data-8.js?v=20260618-1
8	语言演化	20	oral	/ˈɔːrəl/	adj.	核心	口头的		The final exam includes both a written test and an oral presentation.	期末考试包括笔试和口头陈述。	反义词：written（书面的）	https://www.leonwang.cc/ielts-vocab/data-8.js?v=20260618-1
8	语言演化	21	verbal	/ˈvɜːbəl/	adj.	核心	口头的；言语的		Verbal communication is crucial for teamwork and building relationships at work.	口头沟通对于团队合作和工作中的关系建立至关重要。	反义词：nonverbal（非语言的）	https://www.leonwang.cc/ielts-vocab/data-8.js?v=20260618-1
8	语言演化	22	syllable	/ˈsɪləbəl/	n.	核心	音节		The word 'beautiful' has three syllables: beau-ti-ful.	单词'beautiful'有三个音节：beau-ti-ful。	搭配：stressed syllable（重读音节）	https://www.leonwang.cc/ielts-vocab/data-8.js?v=20260618-1
8	语言演化	23	phoneme	/ˈfəʊniːm/	n.	识记	音位		English has about 44 phonemes, which are the basic units of sound in the language.	英语约有44个音位，它们是该语言中的基本声音单位。	形容词：phonemic	https://www.leonwang.cc/ielts-vocab/data-8.js?v=20260618-1
8	语言演化	24	vowel	/ˈvaʊəl/	n.	核心	元音		The letter 'y' can sometimes function as a vowel, as in the word 'myth'.	字母'y'有时可以作为元音使用，如在单词'myth'中。	对比：consonant（辅音）	https://www.leonwang.cc/ielts-vocab/data-8.js?v=20260618-1
8	语言演化	25	consonant	/ˈkɒnsənənt/	n.	核心	辅音		The word 'strength' contains eight consonants and only two vowels.	单词'strength'包含八个辅音，只有两个元音。	搭配：consonant cluster（辅音连缀）	https://www.leonwang.cc/ielts-vocab/data-8.js?v=20260618-1
8	语言演化	26	alphabet	/ˈælfəbet/	n.	核心	字母表，（一种语言的）全部字母		The English alphabet has 26 letters, from A to Z.	英语字母表有26个字母，从A到Z。	形容词：alphabetical（按字母顺序的）	https://www.leonwang.cc/ielts-vocab/data-8.js?v=20260618-1
8	语言演化	27	logogram	/ˈlɒɡəɡræm/	n.	识记	词符，缩记符		Chinese characters are logograms, where each symbol represents a word or morpheme.	汉字是词符文字，每个符号代表一个词或语素。	也称作logograph	https://www.leonwang.cc/ielts-vocab/data-8.js?v=20260618-1
8	语言演化	28	vocabulary	/vəˈkæbjələri/	n.	核心	词汇	voc（声音）	Reading extensively is one of the best ways to expand your vocabulary.	广泛阅读是扩大词汇量的最佳方法之一。	相关：vocab（缩写）	https://www.leonwang.cc/ielts-vocab/data-8.js?v=20260618-1
8	语言演化	29	dictionary	/ˈdɪkʃənəri/	n.	核心	词典，字典，辞典		A good dictionary provides not only definitions but also example sentences and pronunciation.	一本好词典不仅提供定义，还提供例句和发音。	相关：diction（措辞）	https://www.leonwang.cc/ielts-vocab/data-8.js?v=20260618-1
8	语言演化	30	idiom	/ˈɪdiəm/	n.	高频	习语		The idiom 'break a leg' is used to wish someone good luck before a performance.	习语'break a leg'用于在表演前祝某人好运。	形容词：idiomatic	https://www.leonwang.cc/ielts-vocab/data-8.js?v=20260618-1
8	语言演化	31	phrase	/freɪz/	n.	核心	短语；习语		The phrase 'in a nutshell' means to describe something briefly and concisely.	短语'in a nutshell'意为简明扼要地描述某事。	动词：phrase（措辞）	https://www.leonwang.cc/ielts-vocab/data-8.js?v=20260618-1
8	语言演化	32	clause	/klɔːz/	n.	高频	分句，从句；条款		An independent clause can stand alone as a complete sentence.	独立分句可以单独作为一个完整的句子。	搭配：main clause（主句），subordinate clause（从句）	https://www.leonwang.cc/ielts-vocab/data-8.js?v=20260618-1
8	语言演化	33	expression	/ɪkˈspreʃən/	n.	核心	词语；表达；表情		A puzzled expression crossed his face when he heard the unexpected news.	听到这个意外的消息时，他脸上露出了困惑的表情。	动词：express（表达）	https://www.leonwang.cc/ielts-vocab/data-8.js?v=20260618-1
8	语言演化	34	tense	/tens/	n.	核心	时态 adj. 紧张的		She always gets tense before speaking in public, but once she starts, she relaxes.	她在公开演讲前总是很紧张，但一开始演讲就放松了。	名词：tension（紧张）	https://www.leonwang.cc/ielts-vocab/data-8.js?v=20260618-1
8	语言演化	35	root	/ruːt/	n.	核心	词根，字根；根源		The root 'scrib' means 'write', which appears in words like 'describe' and 'manuscript'.	词根'scrib'意为'写'，出现在'describe'和'manuscript'等词中。	搭配：root word（词根）	https://www.leonwang.cc/ielts-vocab/data-8.js?v=20260618-1
8	语言演化	36	prefix	/ˈpriːfɪks/	n.	核心	词首，前缀；前置代号		Adding the prefix 'un-' to 'happy' changes the meaning to 'not happy'.	在'happy'前加上前缀'un-'，意思变为'不快乐'。	对比：suffix（后缀）	https://www.leonwang.cc/ielts-vocab/data-8.js?v=20260618-1
8	语言演化	37	suffix	/ˈsʌfɪks/	n.	核心	后缀，词尾；尾标		The suffix '-ful' turns the noun 'joy' into the adjective 'joyful'.	后缀'-ful'将名词'joy'变成形容词'joyful'。	对比：prefix（前缀）	https://www.leonwang.cc/ielts-vocab/data-8.js?v=20260618-1
8	语言演化	38	abbreviation	/əˌbriːviˈeɪʃən/	n.	高频	缩写形式		'Dr.' is a common abbreviation for the title 'Doctor'.	'Dr.'是头衔'Doctor'的常见缩写。	动词：abbreviate（缩写）	https://www.leonwang.cc/ielts-vocab/data-8.js?v=20260618-1
8	语言演化	39	synonym	/ˈsɪnənɪm/	n.	核心	同义词		'Happy' and 'joyful' are synonyms, as they have similar meanings.	'Happy'和'joyful'是同义词，因为它们意思相近。	反义词：antonym（反义词）	https://www.leonwang.cc/ielts-vocab/data-8.js?v=20260618-1
8	语言演化	40	antonym	/ˈæntənɪm/	n.	核心	反义词		'Hot' is the antonym of 'cold' because they express opposite temperatures.	'Hot'是'cold'的反义词，因为它们表达相反的温度。	对比：synonym（同义词）	https://www.leonwang.cc/ielts-vocab/data-8.js?v=20260618-1
8	语言演化	41	noun	/naʊn/	n.	核心	名词		In the sentence 'The cat sleeps,' both 'cat' and 'sleeps' are nouns? Actually 'sleeps' is a verb.	在句子'The cat sleeps'中，'cat'是名词，'sleeps'是动词。	分类：proper noun（专有名词），common noun（普通名词）	https://www.leonwang.cc/ielts-vocab/data-8.js?v=20260618-1
8	语言演化	42	singular	/ˈsɪŋɡjələ/	n.	核心	单数 adj. 单数的；非凡的		The singular form of 'children' is 'child'.	'children'的单数形式是'child'。	反义词：plural（复数）	https://www.leonwang.cc/ielts-vocab/data-8.js?v=20260618-1
8	语言演化	43	plural	/ˈplʊərəl/	n.	核心	复数 adj. 复数的；多元的		Most English nouns form their plural by adding -s or -es.	大多数英语名词通过添加-s或-es构成复数。	搭配：plural society（多元社会）	https://www.leonwang.cc/ielts-vocab/data-8.js?v=20260618-1
8	语言演化	44	pronoun	/ˈprəʊnaʊn/	n.	核心	代词		Instead of repeating 'Maria', we can use the pronoun 'she'.	与其重复'Maria'，我们可以使用代词'she'。	分类：personal pronoun（人称代词），possessive pronoun（物主代词）	https://www.leonwang.cc/ielts-vocab/data-8.js?v=20260618-1
8	语言演化	45	verb	/vɜːb/	n.	核心	动词		Every complete sentence must contain at least one verb.	每个完整的句子必须至少包含一个动词。	分类：auxiliary verb（助动词），modal verb（情态动词）	https://www.leonwang.cc/ielts-vocab/data-8.js?v=20260618-1
8	语言演化	46	adjective	/ˈædʒɪktɪv/	n.	核心	形容词		Adjectives like 'beautiful', 'tall', and 'red' describe nouns.	像'beautiful'、'tall'和'red'这样的形容词描述名词。	比较级：comparative，最高级：superlative	https://www.leonwang.cc/ielts-vocab/data-8.js?v=20260618-1
8	语言演化	47	adverb	/ˈædvɜːb/	n.	核心	副词		The adverb 'quickly' modifies the verb 'run' in the sentence 'She runs quickly'.	副词'quickly'修饰句子'She runs quickly'中的动词'run'。	常以-ly结尾，但并非全部	https://www.leonwang.cc/ielts-vocab/data-8.js?v=20260618-1
8	语言演化	48	preposition	/ˌprepəˈzɪʃən/	n.	核心	介词		Common prepositions include 'in', 'on', 'at', 'for', and 'with'.	常见的介词包括'in'、'on'、'at'、'for'和'with'。	相关：position（位置）	https://www.leonwang.cc/ielts-vocab/data-8.js?v=20260618-1
8	语言演化	49	conjunction	/kənˈdʒʌŋkʃən/	n.	核心	连词；结合		The conjunction 'and' is used to connect words or phrases in a sentence.	连词'and'用于连接句子中的单词或短语。	相关：junction（汇合处）	https://www.leonwang.cc/ielts-vocab/data-8.js?v=20260618-1
8	语言演化	50	consistent	/kənˈsɪstənt/	adj.	核心	一致的；（观点或看法）连贯的		Your actions should be consistent with your words if you want people to trust you.	如果你想让别人信任你，你的行动应该与言语一致。	反义词：inconsistent；搭配：be consistent with	https://www.leonwang.cc/ielts-vocab/data-8.js?v=20260618-1
8	语言演化	51	complicated	/ˈkɒmplɪkeɪtɪd/	adj.	核心	复杂的		The instructions for assembling the furniture were so complicated that I gave up.	组装家具的说明太复杂了，我放弃了。	动词：complicate（使复杂化）	https://www.leonwang.cc/ielts-vocab/data-8.js?v=20260618-1
8	语言演化	52	complex	/ˈkɒmpleks/	adj.	核心	复杂的		The human brain is an incredibly complex organ that scientists are still studying.	人脑是一个极其复杂的器官，科学家仍在研究它。	名词：complexity（复杂性）	https://www.leonwang.cc/ielts-vocab/data-8.js?v=20260618-1
8	语言演化	53	compile	/kəmˈpaɪl/	v.	高频	编纂		It took the team five years to compile all the data for the encyclopedia.	这个团队花了五年时间编纂百科全书的所有数据。	名词：compilation（汇编）	https://www.leonwang.cc/ielts-vocab/data-8.js?v=20260618-1
8	语言演化	54	version	/ˈvɜːʃən/	n.	核心	译本；版本		This is the latest version of the software, with many new features.	这是该软件的最新版本，有许多新功能。	搭配：cover version（翻唱版本）	https://www.leonwang.cc/ielts-vocab/data-8.js?v=20260618-1
8	语言演化	55	translate	/trænsˈleɪt/	v.	核心	翻译；（使）转变		Can you translate this document from French into English for me?	你能帮我把这份文件从法语翻译成英语吗？	名词：translation；搭配：translate into	https://www.leonwang.cc/ielts-vocab/data-8.js?v=20260618-1
8	语言演化	56	paraphrase	/ˈpærəfreɪz/	v./n.	高频	意译，改述		The student was asked to paraphrase the poem in his own words.	老师要求学生用自己的话改述这首诗。	同义词：rephrase	https://www.leonwang.cc/ielts-vocab/data-8.js?v=20260618-1
8	语言演化	57	interpret	/ɪnˈtɜːprɪt/	v.	核心	口译；解释，说明；领会，理解		The guide interpreted the ancient inscriptions for the tourists.	导游为游客解释了古代铭文的意思。	名词：interpretation（解释）；interpreter（口译员）	https://www.leonwang.cc/ielts-vocab/data-8.js?v=20260618-1
8	语言演化	58	narrate	/nəˈreɪt/	v.	高频	讲（故事），叙述		The witness was asked to narrate the events exactly as they happened.	目击者被要求如实叙述所发生的事情。	名词：narration（叙述），narrator（叙述者）	https://www.leonwang.cc/ielts-vocab/data-8.js?v=20260618-1
8	语言演化	59	illuminate	/ɪˈluːmɪneɪt/	v.	高频	阐释，说明；照亮	il（进入）+ lumin（光）	The professor used diagrams to illuminate the complex theory for the students.	教授使用图表向学生阐释复杂的理论。	名词：illumination	https://www.leonwang.cc/ielts-vocab/data-8.js?v=20260618-1
8	语言演化	60	decipher	/dɪˈsaɪfə/	v.	高频	译解；辨认		Archaeologists managed to decipher the ancient writing system after years of study.	经过多年研究，考古学家成功破译了古代文字系统。	同义词：decode	https://www.leonwang.cc/ielts-vocab/data-8.js?v=20260618-1
8	语言演化	61	eloquence	/ˈeləkwəns/	n.	核心	雄辩；流利的口才		The politician's eloquence won over the audience during the debate.	这位政客的雄辩在辩论中赢得了观众的支持。	形容词：eloquent（有口才的）	https://www.leonwang.cc/ielts-vocab/data-8.js?v=20260618-1
8	语言演化	62	communicate	/kəˈmjuːnɪkeɪt/	v.	核心	沟通，交流；传达		It's important to communicate your feelings clearly to avoid misunderstandings.	清晰传达你的感受很重要，以避免误解。	名词：communication；搭配：communicate with	https://www.leonwang.cc/ielts-vocab/data-8.js?v=20260618-1
8	语言演化	63	discussion	/dɪˈskʌʃən/	n.	核心	讨论，谈论	cuss（摇）	The class had a lively discussion about climate change solutions.	全班就气候变化解决方案进行了热烈的讨论。	动词：discuss	https://www.leonwang.cc/ielts-vocab/data-8.js?v=20260618-1
8	语言演化	64	brainstorm	/ˈbreɪnstɔːm/	n./v.	高频	集体自由讨论，头脑风暴 v. 集思广益，进行头脑风暴		The team gathered to brainstorm ideas for the new marketing campaign.	团队聚在一起为新的营销活动集思广益。	常见于商务和创意场合	https://www.leonwang.cc/ielts-vocab/data-8.js?v=20260618-1
8	语言演化	65	debate	/dɪˈbeɪt/	v./n.	核心	辩论；争论，讨论		The candidates will debate each other on live television tonight.	候选人今晚将在电视直播中辩论。	形容词：debatable（有争议的）	https://www.leonwang.cc/ielts-vocab/data-8.js?v=20260618-1
8	语言演化	66	commentary	/ˈkɒməntəri/	n.	高频	评论，评注；批评；实况报道		The sports channel provides live commentary during football matches.	体育频道在足球比赛期间提供现场解说。	动词：comment（评论）	https://www.leonwang.cc/ielts-vocab/data-8.js?v=20260618-1
8	语言演化	67	negotiate	/nɪˈɡəʊʃieɪt/	v.	核心	协商，谈判		The two countries are trying to negotiate a trade agreement.	两国正试图通过谈判达成贸易协议。	名词：negotiation；搭配：negotiate about	https://www.leonwang.cc/ielts-vocab/data-8.js?v=20260618-1
8	语言演化	68	contention	/kənˈtenʃən/	n.	高频	争论，争辩；观点		The main point of contention between the two parties was the budget allocation.	双方争论的主要焦点是预算分配。	相关：content（内容）；形容词：contentious	https://www.leonwang.cc/ielts-vocab/data-8.js?v=20260618-1
9	文化娱乐	1	commentator	/ˈkɒmənteɪtə/	n.	低频	评论员；实况解说员		The sports commentator described every move of the players with great excitement.	体育解说员激动地描述了球员的每一个动作。	动词 comment 评论。	https://www.leonwang.cc/ielts-vocab/data-9.js?v=20260618-1
9	文化娱乐	2	medium	/ˈmiːdiəm/	n.	核心	媒介 adj. 中间的，中等的	multimedia n. 多媒体； mediator n. 斡旋者； media n. 大众传播媒介，媒体	Television is a powerful medium for spreading news and cultural ideas.	电视是传播新闻和文化观念的强大媒介。	复数 media。	https://www.leonwang.cc/ielts-vocab/data-9.js?v=20260618-1
9	文化娱乐	3	press	/pres/	n.	核心	新闻界，记者；报刊；出版社	press 指“压”，同源词：compress（压缩），depress（使沮丧），express（表达），impress（给......留下印象）	The press has a responsibility to report the truth accurately and fairly.	新闻界有责任准确、公正地报道真相。	freedom of the press 新闻自由。	https://www.leonwang.cc/ielts-vocab/data-9.js?v=20260618-1
9	文化娱乐	4	journalist	/ˈdʒɜːnəlɪst/	n.	核心	记者，新闻工作者		Investigative journalists often spend months researching a single story.	调查记者常常花费数月时间研究一篇报道。		https://www.leonwang.cc/ielts-vocab/data-9.js?v=20260618-1
9	文化娱乐	5	critic	/ˈkrɪtɪk/	n.	高频	批评家；挑剔的人	crit 指“判断”	Film critics praised the director's unique visual style and storytelling.	影评人称赞了导演独特的视觉风格和叙事手法。	critical adj. 批评的；criticism n. 批评。	https://www.leonwang.cc/ielts-vocab/data-9.js?v=20260618-1
9	文化娱乐	6	exponent	/ɪkˈspəʊnənt/	n.	低频	阐述者，倡导者，拥护者		She is a leading exponent of traditional music in the modern era.	她是现代传统音乐的主要倡导者。		https://www.leonwang.cc/ielts-vocab/data-9.js?v=20260618-1
9	文化娱乐	7	announcer	/əˈnaʊnsə/	n.	低频	广播员，播音员	announce v. 宣布；播报	The announcer's voice came through the speakers, welcoming everyone to the event.	播音员的声音通过扬声器传来，欢迎大家参加活动。		https://www.leonwang.cc/ielts-vocab/data-9.js?v=20260618-1
9	文化娱乐	8	correspondent	/ˌkɒrɪˈspɒndənt/	n.	高频	通信者；通讯员，记者		The war correspondent reported live from the front lines despite the danger.	战地记者不顾危险从前线发回现场报道。	搭配：a war correspondent 战地记者。	https://www.leonwang.cc/ielts-vocab/data-9.js?v=20260618-1
9	文化娱乐	9	messenger	/ˈmesɪndʒə/	n.	低频	邮递员，信使	message n. 信息 v. 给......发（电子）信息	The messenger delivered the invitation just in time for the ceremony.	信使及时在典礼开始前送来了邀请函。		https://www.leonwang.cc/ielts-vocab/data-9.js?v=20260618-1
9	文化娱乐	10	editor	/ˈedɪtə/	n.	核心	编辑，校订者；（电台或电视台的）记者，编辑	edit v. 编辑，校订；剪辑	The editor suggested several improvements to the article before publication.	编辑在文章发表前提出了几处修改建议。	搭配：chief editor 主编。	https://www.leonwang.cc/ielts-vocab/data-9.js?v=20260618-1
9	文化娱乐	11	typist	/ˈtaɪpɪst/	n.	识记	打字员	type v. 打字	Before computers became common, typists played an essential role in offices.	在电脑普及之前，打字员在办公室中起着至关重要的作用。	shorthand typist 速记打字员。	https://www.leonwang.cc/ielts-vocab/data-9.js?v=20260618-1
9	文化娱乐	12	handout	/ˈhændaʊt/	n.	低频	传单；讲义		The teacher gave each student a handout summarising the key points of the lecture.	老师给每个学生发了一份讲义，总结了讲座的要点。		https://www.leonwang.cc/ielts-vocab/data-9.js?v=20260618-1
9	文化娱乐	13	leaflet	/ˈliːflɪt/	n.	低频	传单 v. 散发传单		Volunteers distributed leaflets to promote the upcoming charity concert.	志愿者们分发传单宣传即将举行的慈善音乐会。		https://www.leonwang.cc/ielts-vocab/data-9.js?v=20260618-1
9	文化娱乐	14	propaganda	/ˌprɒpəˈɡændə/	n.	高频	宣传，鼓吹		During the war, both sides used propaganda to influence public opinion.	战争期间，双方都利用宣传来影响公众舆论。		https://www.leonwang.cc/ielts-vocab/data-9.js?v=20260618-1
9	文化娱乐	15	publish	/ˈpʌblɪʃ/	v.	核心	公布；出版，发行	public n. 公众 adj. 公众的； publicity n. 关注，宣传； publication n. 出版物；出版，发行	She hopes to publish her first novel by the end of next year.	她希望在明年年底前出版自己的第一部小说。		https://www.leonwang.cc/ielts-vocab/data-9.js?v=20260618-1
9	文化娱乐	16	disseminate	/dɪˈsemɪneɪt/	v.	低频	散布，传播		Social media allows people to disseminate information quickly across the globe.	社交媒体使人们能够迅速在全球传播信息。		https://www.leonwang.cc/ielts-vocab/data-9.js?v=20260618-1
9	文化娱乐	17	foresee	/fɔːˈsiː/	v.	高频	预见，预知	fore 表示“前面的”，如：forearm（前臂），forebear（祖先），forefather（祖先）	No one could foresee how popular the new music streaming service would become.	没有人能预见到新的音乐流媒体服务会变得如此流行。		https://www.leonwang.cc/ielts-vocab/data-9.js?v=20260618-1
9	文化娱乐	18	anticipate	/ænˈtɪsɪpeɪt/	v.	核心	预期，预料	participate v. 参与	The organisers anticipate that over ten thousand visitors will attend the festival.	组织者预计将有一万多名游客参加这个节日。		https://www.leonwang.cc/ielts-vocab/data-9.js?v=20260618-1
9	文化娱乐	19	expect	/ɪkˈspekt/	v.	核心	预料，预期	expectation n. 期待，期望	Fans expect the band to release a new album before the world tour.	歌迷们期待乐队在世界巡演前发行新专辑。		https://www.leonwang.cc/ielts-vocab/data-9.js?v=20260618-1
9	文化娱乐	20	await	/əˈweɪt/	v.	高频	等候，期待；将降临到......身上		A large crowd gathered at the airport to await the arrival of the famous actor.	一大群人聚集在机场等候那位著名演员的到来。		https://www.leonwang.cc/ielts-vocab/data-9.js?v=20260618-1
9	文化娱乐	21	pastime	/ˈpɑːstaɪm/	n.	高频	消遣，娱乐		Reading has always been a popular pastime for people of all ages.	阅读一直是各年龄段人们喜爱的消遣。		https://www.leonwang.cc/ielts-vocab/data-9.js?v=20260618-1
9	文化娱乐	22	entertain	/ˌentəˈteɪn/	v.	核心	娱乐；招待；心存，怀有	entertainment n. 娱乐，消遣；款待	The magician entertained the children with a series of amazing tricks.	魔术师用一系列精彩的戏法逗乐了孩子们。		https://www.leonwang.cc/ielts-vocab/data-9.js?v=20260618-1
9	文化娱乐	23	recreation	/ˌrekriˈeɪʃən/	n.	高频	休闲，娱乐		The park offers various facilities for recreation, including cycling paths and picnic areas.	公园提供骑行道和野餐区等各种休闲设施。	搭配：a recreation ground 公共娱乐场。	https://www.leonwang.cc/ielts-vocab/data-9.js?v=20260618-1
9	文化娱乐	24	amuse	/əˈmjuːz/	v.	高频	逗乐；给......提供娱乐		He told a funny story to amuse his friends during the long journey.	在长途旅行中，他讲了一个有趣的故事来逗朋友们开心。	搭配：amuse oneself 自娱自乐。	https://www.leonwang.cc/ielts-vocab/data-9.js?v=20260618-1
9	文化娱乐	25	gossip	/ˈɡɒsɪp/	n.	高频	闲聊；流言蜚语		Celebrities often find their private lives the subject of media gossip.	名人们常发现自己的私生活成了媒体八卦的话题。		https://www.leonwang.cc/ielts-vocab/data-9.js?v=20260618-1
9	文化娱乐	26	rumour	/ˈruːmə/	n.	高频	谣言，传闻		The rumour about the band breaking up turned out to be false.	关于乐队解散的传闻被证实是假的。		https://www.leonwang.cc/ielts-vocab/data-9.js?v=20260618-1
9	文化娱乐	27	consensus	/kənˈsensəs/	n.	高频	共识，一致的意见		After a long discussion, the committee finally reached a consensus on the issue.	经过长时间讨论，委员会最终就该问题达成了共识。		https://www.leonwang.cc/ielts-vocab/data-9.js?v=20260618-1
9	文化娱乐	28	festival	/ˈfestɪvəl/	n.	核心	节日；（音乐、电影等的）节		The Spring Festival is the most important traditional holiday for many people.	春节是许多人最重要的传统节日。		https://www.leonwang.cc/ielts-vocab/data-9.js?v=20260618-1
9	文化娱乐	29	feast	/fiːst/	n.	低频	盛宴；（宗教）节日		Families gather to share a feast on the evening before the new year.	新年前夜，家人们聚在一起共享盛宴。		https://www.leonwang.cc/ielts-vocab/data-9.js?v=20260618-1
9	文化娱乐	30	programme	/ˈprəʊɡræm/	n.	核心	节目；方案；（演出或活动的）程序 v. 为（系统）设定程序；计划	programmer n. 程序设计员	The cultural programme included performances of dance, music, and poetry.	文化节目包括舞蹈、音乐和诗歌表演。	美式拼写 program。	https://www.leonwang.cc/ielts-vocab/data-9.js?v=20260618-1
9	文化娱乐	31	rehearsal	/rɪˈhɜːsəl/	n.	高频	排练		The actors stayed late after the rehearsal to perfect their lines.	排练后演员们留到很晚以完善台词。		https://www.leonwang.cc/ielts-vocab/data-9.js?v=20260618-1
9	文化娱乐	32	perform	/pəˈfɔːm/	v.	核心	表演，演出		She will perform a piano solo at the school concert next week.	下周她将在学校音乐会上表演钢琴独奏。		https://www.leonwang.cc/ielts-vocab/data-9.js?v=20260618-1
9	文化娱乐	33	imitate	/ˈɪmɪteɪt/	v.	高频	模仿，效仿		Children often imitate the behaviour of their favourite cartoon characters.	孩子们经常模仿他们喜欢的卡通人物的行为。		https://www.leonwang.cc/ielts-vocab/data-9.js?v=20260618-1
9	文化娱乐	34	mimic	/ˈmɪmɪk/	v.	低频	模仿；戏仿		The comedian could perfectly mimic the voices of several famous politicians.	这位喜剧演员能完美模仿几位著名政客的声音。		https://www.leonwang.cc/ielts-vocab/data-9.js?v=20260618-1
9	文化娱乐	35	simulate	/ˈsɪmjʊleɪt/	v.	高频	模拟；假装，冒充	simulative adj. 模拟的；假装的	Virtual reality games can simulate the experience of flying through the sky.	虚拟现实游戏可以模拟在天空飞行的体验。		https://www.leonwang.cc/ielts-vocab/data-9.js?v=20260618-1
9	文化娱乐	36	circus	/ˈsɜːkəs/	n.	低频	马戏团；圆形广场（常用于地名）		The circus came to town with acrobats, clowns, and trained animals.	马戏团带着杂技演员、小丑和受过训练的动物来到镇上。	搭配：a circus clown 马戏团小丑。	https://www.leonwang.cc/ielts-vocab/data-9.js?v=20260618-1
9	文化娱乐	37	magic	/ˈmædʒɪk/	n.	核心	魔术；魔法		The magician's magic tricks left the audience completely amazed.	魔术师的魔术让观众惊叹不已。		https://www.leonwang.cc/ielts-vocab/data-9.js?v=20260618-1
9	文化娱乐	38	drama	/ˈdrɑːmə/	n.	核心	戏，剧；戏剧艺术	dramatic adj. 戏剧性的	She studied drama at university and later became a stage actress.	她在大学学习戏剧，后来成了一名舞台剧演员。		https://www.leonwang.cc/ielts-vocab/data-9.js?v=20260618-1
9	文化娱乐	39	concert	/ˈkɒnsət/	n.	核心	音乐会		Thousands of fans filled the stadium to enjoy the open-air concert.	数千名歌迷挤满了体育场欣赏露天音乐会。	搭配：in concert with 与......合作。	https://www.leonwang.cc/ielts-vocab/data-9.js?v=20260618-1
9	文化娱乐	40	symphony	/ˈsɪmfəni/	n.	高频	交响乐		Beethoven's Fifth Symphony is one of the most recognisable pieces of classical music.	贝多芬的第五交响曲是古典音乐中最具辨识度的作品之一。		https://www.leonwang.cc/ielts-vocab/data-9.js?v=20260618-1
9	文化娱乐	41	orchestra	/ˈɔːkɪstrə/	n.	高频	管弦乐队		The orchestra played the national anthem at the opening ceremony.	管弦乐队在开幕式上演奏了国歌。		https://www.leonwang.cc/ielts-vocab/data-9.js?v=20260618-1
9	文化娱乐	42	film	/fɪlm/	n.	核心	影片；胶卷		The documentary film explores the impact of technology on modern culture.	这部纪录影片探讨了技术对现代文化的影响。		https://www.leonwang.cc/ielts-vocab/data-9.js?v=20260618-1
9	文化娱乐	43	movie	/ˈmuːvi/	n.	核心	电影		We decided to watch a comedy movie to relax after a long week.	经过漫长的一周后，我们决定看部喜剧电影放松一下。		https://www.leonwang.cc/ielts-vocab/data-9.js?v=20260618-1
9	文化娱乐	44	X-rated	/ˈeks ˌreɪtɪd/	adj.	识记	X级的，青少年不宜的		The film was given an X-rated certificate because of its violent scenes.	这部电影因含有暴力场面而被定为X级。		https://www.leonwang.cc/ielts-vocab/data-9.js?v=20260618-1
9	文化娱乐	45	artist	/ˈɑːtɪst/	n.	核心	艺术家	art n. 艺术； artistic adj. 艺术的；艺术家的	The artist's latest exhibition features paintings inspired by nature.	这位艺术家的最新展览展出了以自然为灵感的画作。		https://www.leonwang.cc/ielts-vocab/data-9.js?v=20260618-1
9	文化娱乐	46	ballet	/ˈbæleɪ/	n.	高频	芭蕾舞；芭蕾舞剧		She has been training in ballet since she was five years old.	她从五岁起就开始接受芭蕾舞训练。	搭配：ice ballet 冰上芭蕾；water ballet 水上芭蕾。	https://www.leonwang.cc/ielts-vocab/data-9.js?v=20260618-1
9	文化娱乐	47	craftsman	/ˈkrɑːftsmən/	n.	低频	工匠，工艺师	craft n. 工艺 v. 精心制作	The wooden furniture was made by a skilled craftsman using traditional methods.	这套木制家具是由一位手艺精湛的工匠用传统方法制作的。		https://www.leonwang.cc/ielts-vocab/data-9.js?v=20260618-1
9	文化娱乐	48	opera	/ˈɒpərə/	n.	高频	歌剧		Watching an opera at the famous theatre was an unforgettable cultural experience.	在著名的剧院观看歌剧是一次难忘的文化体验。	Beijing opera 京剧。	https://www.leonwang.cc/ielts-vocab/data-9.js?v=20260618-1
9	文化娱乐	49	painter	/ˈpeɪntə/	n.	高频	画家；油漆匠		The painter captured the beauty of the landscape with soft, warm colours.	画家用柔和、温暖的色彩捕捉了风景之美。		https://www.leonwang.cc/ielts-vocab/data-9.js?v=20260618-1
9	文化娱乐	50	comedy	/ˈkɒmədi/	n.	核心	喜剧		The comedy show had the audience laughing from beginning to end.	这场喜剧表演让观众从头笑到尾。		https://www.leonwang.cc/ielts-vocab/data-9.js?v=20260618-1
9	文化娱乐	51	role	/rəʊl/	n.	核心	角色；作用；职能		She played the lead role in the school play and received great applause.	她在学校话剧里扮演主角，赢得了热烈掌声。	搭配：play a role in 在......中起作用。	https://www.leonwang.cc/ielts-vocab/data-9.js?v=20260618-1
9	文化娱乐	52	tragedy	/ˈtrædʒədi/	n.	高频	悲剧；悲惨的事		Shakespeare's 'Romeo and Juliet' is one of the most famous tragedies in literature.	莎士比亚的《罗密欧与朱丽叶》是文学史上最著名的悲剧之一。		https://www.leonwang.cc/ielts-vocab/data-9.js?v=20260618-1
9	文化娱乐	53	scene	/siːn/	n.	核心	景色；现场；（戏剧的）场面		The opening scene of the film shows a breathtaking mountain view.	电影的开场展现了一幅令人叹为观止的山景。		https://www.leonwang.cc/ielts-vocab/data-9.js?v=20260618-1
9	文化娱乐	54	stage	/steɪdʒ/	n.	核心	舞台；阶段；[the ~]戏剧演出		She felt nervous when she stepped onto the stage for the first time.	第一次踏上舞台时，她感到很紧张。		https://www.leonwang.cc/ielts-vocab/data-9.js?v=20260618-1
9	文化娱乐	55	portrait	/ˈpɔːtrɪt/	n.	高频	肖像，半身画像		The artist painted a detailed portrait of the queen that now hangs in the national gallery.	画家为女王画了一幅精细的肖像，现悬挂在国家美术馆。		https://www.leonwang.cc/ielts-vocab/data-9.js?v=20260618-1
9	文化娱乐	56	gallery	/ˈɡæləri/	n.	高频	美术馆		The gallery hosts an annual exhibition of contemporary Chinese art.	这家美术馆每年举办中国当代艺术展。		https://www.leonwang.cc/ielts-vocab/data-9.js?v=20260618-1
9	文化娱乐	57	exhibition	/ˌeksɪˈbɪʃən/	n.	核心	展览		The photography exhibition attracted visitors from all over the city.	这个摄影展吸引了全市各地的参观者。		https://www.leonwang.cc/ielts-vocab/data-9.js?v=20260618-1
9	文化娱乐	58	aesthetic	/iːsˈθetɪk/	adj.	高频	审美的 n. 审美观		The design combines modern technology with traditional Chinese aesthetic values.	该设计将现代技术与中国传统审美价值相结合。		https://www.leonwang.cc/ielts-vocab/data-9.js?v=20260618-1
9	文化娱乐	59	collect	/kəˈlekt/	v.	核心	收集；收藏	collection n. 收集；收藏品	He started to collect antique coins during his travels around the world.	他在周游世界期间开始收集古钱币。		https://www.leonwang.cc/ielts-vocab/data-9.js?v=20260618-1
9	文化娱乐	60	select	/sɪˈlekt/	v.	核心	选择，挑选 adj. 精选的	selection n. 选择	The judges will select the best painting from hundreds of entries.	评委将从数百件参赛作品中选出最佳画作。		https://www.leonwang.cc/ielts-vocab/data-9.js?v=20260618-1
9	文化娱乐	61	opt	/ɒpt/	v.	高频	选择	option n. 选择；选择权	More people now opt to stream music online rather than buy physical albums.	如今更多人选择在线收听音乐，而不是购买实体专辑。	搭配：opt for sth. 选择某事物。	https://www.leonwang.cc/ielts-vocab/data-9.js?v=20260618-1
9	文化娱乐	62	photograph	/ˈfəʊtəɡrɑːf/	n.	核心	照片，相片	photographic adj. 摄影的，摄制的	The photograph of the sunset over the ocean won first prize in the contest.	那张海上落日的照片在比赛中获得了一等奖。		https://www.leonwang.cc/ielts-vocab/data-9.js?v=20260618-1
9	文化娱乐	63	painting	/ˈpeɪntɪŋ/	n.	核心	油画，绘画；作画；涂漆		The cave paintings show that early humans had a rich cultural and spiritual life.	洞穴壁画表明早期人类拥有丰富的文化和精神生活。		https://www.leonwang.cc/ielts-vocab/data-9.js?v=20260618-1
9	文化娱乐	64	sculpture	/ˈskʌlptʃə/	n.	高频	雕塑		A large bronze sculpture of a horse stands in the centre of the square.	广场中央矗立着一座巨大的青铜马雕塑。		https://www.leonwang.cc/ielts-vocab/data-9.js?v=20260618-1
9	文化娱乐	65	draw	/drɔː/	v.	核心	画；拉；拔出	drawing n. 图画，素描画；绘图（技巧）	Children love to draw pictures of their families and pets.	孩子们喜欢画家人和宠物。		https://www.leonwang.cc/ielts-vocab/data-9.js?v=20260618-1
9	文化娱乐	66	sketch	/sketʃ/	n.	低频	素描，速写，草图 v. 画素描，画速写		She made a quick sketch of the old building before it was torn down.	在那座老建筑被拆之前，她快速画了一幅速写。	搭配：sketch out 画出......的轮廓。	https://www.leonwang.cc/ielts-vocab/data-9.js?v=20260618-1
9	文化娱乐	67	depict	/dɪˈpɪkt/	v.	高频	描述，描写；描绘	pict 指“画”	The mural depicts scenes from the daily life of the community a hundred years ago.	这幅壁画描绘了一百年前社区的日常生活场景。		https://www.leonwang.cc/ielts-vocab/data-9.js?v=20260618-1
9	文化娱乐	68	describe	/dɪˈskraɪb/	v.	核心	描述，形容	description n. 描述	Can you describe the atmosphere of the festival in your own words?	你能用自己的话描述一下那个节日的氛围吗？		https://www.leonwang.cc/ielts-vocab/data-9.js?v=20260618-1
9	文化娱乐	69	carve	/kɑːv/	v.	低频	雕刻；切下		The artist carved a delicate flower pattern into the block of wood.	艺术家在一块木头上雕刻出精致的花朵图案。	搭配：carve up 瓜分。	https://www.leonwang.cc/ielts-vocab/data-9.js?v=20260618-1
9	文化娱乐	70	improvise	/ˈɪmprəvaɪz/	v.	低频	临时做；即兴创作	vis 指“看见”，im（否定）+ pro（预先）+ vise（看见）→ 预先没有看见 → 即兴创作	When the microphone broke, the singer had to improvise by shouting the lyrics.	麦克风坏了，歌手只好即兴喊着唱出歌词。		https://www.leonwang.cc/ielts-vocab/data-9.js?v=20260618-1
9	文化娱乐	71	musical	/ˈmjuːzɪkəl/	adj.	核心	音乐的；悦耳的	musician n. 音乐家，作曲家	She comes from a very musical family and has played the violin since childhood.	她来自一个很有音乐氛围的家庭，从小就开始拉小提琴。		https://www.leonwang.cc/ielts-vocab/data-9.js?v=20260618-1
9	文化娱乐	72	classical	/ˈklæsɪkəl/	adj.	核心	古典的，传统的		Many students are exposed to classical music for the first time through films and television.	许多学生通过电影和电视第一次接触到古典音乐。		https://www.leonwang.cc/ielts-vocab/data-9.js?v=20260618-1
9	文化娱乐	73	jazz	/dʒæz/	n.	高频	爵士乐		The jazz band played lively tunes that got everyone tapping their feet.	爵士乐队演奏的欢快曲调让每个人都随着打起了拍子。		https://www.leonwang.cc/ielts-vocab/data-9.js?v=20260618-1
9	文化娱乐	74	rock	/rɒk/	n.	核心	摇滚乐；岩石		Rock music emerged in the 1950s and quickly gained popularity worldwide.	摇滚乐兴起于20世纪50年代，迅速风靡全球。		https://www.leonwang.cc/ielts-vocab/data-9.js?v=20260618-1
9	文化娱乐	75	hip-hop	/ˈhɪp hɒp/	n.	高频	嘻哈文化		Hip-hop culture has influenced fashion, language, and art around the world.	嘻哈文化影响了世界各地的时尚、语言和艺术。		https://www.leonwang.cc/ielts-vocab/data-9.js?v=20260618-1
9	文化娱乐	76	pop	/pɒp/	n.	核心	流行音乐，流行乐曲		Pop songs often have catchy melodies that people enjoy humming along with.	流行歌曲常有朗朗上口的旋律，人们喜欢跟着哼唱。		https://www.leonwang.cc/ielts-vocab/data-9.js?v=20260618-1
9	文化娱乐	77	lyric	/ˈlɪrɪk/	n.	高频	抒情诗；[-s]歌词 adj. 抒情的		She writes beautiful lyrics that express deep personal emotions.	她写的歌词优美，表达了深刻的个人情感。		https://www.leonwang.cc/ielts-vocab/data-9.js?v=20260618-1
9	文化娱乐	78	band	/bænd/	n.	核心	乐队；带；波段		The band performed their new song for the first time at the festival.	乐队在音乐节上首次表演了他们的新歌。		https://www.leonwang.cc/ielts-vocab/data-9.js?v=20260618-1
9	文化娱乐	79	solo	/ˈsəʊləʊ/	n.	高频	独奏，独唱 adj. 独奏的，独唱的；单独的		The guitarist impressed everyone with a brilliant solo in the middle of the song.	吉他手在歌曲中间的一段精彩独奏给每个人都留下了深刻印象。		https://www.leonwang.cc/ielts-vocab/data-9.js?v=20260618-1
9	文化娱乐	80	melody	/ˈmelədi/	n.	高频	乐曲；旋律		The simple melody of the lullaby can calm even the most restless baby.	这首摇篮曲简单的旋律甚至能让最不安的婴儿平静下来。		https://www.leonwang.cc/ielts-vocab/data-9.js?v=20260618-1
9	文化娱乐	81	rhythm	/ˈrɪðəm/	n.	高频	节奏，韵律	rhythmical adj. 有节奏的，有韵律的	Drummers provide the rhythm that keeps the whole band in sync.	鼓手提供节奏，使整个乐队保持同步。		https://www.leonwang.cc/ielts-vocab/data-9.js?v=20260618-1
9	文化娱乐	82	tone	/təʊn/	n.	高频	音色；声调；腔调		The teacher's gentle tone helped the nervous student feel more at ease.	老师轻柔的语气让紧张的学生感到更自在了。		https://www.leonwang.cc/ielts-vocab/data-9.js?v=20260618-1
9	文化娱乐	83	tune	/tjuːn/	n.	高频	曲调；短乐曲 v. 调试	tuner n. 调音者	She hummed a cheerful tune while preparing dinner.	她一边做晚饭，一边哼着欢快的曲子。		https://www.leonwang.cc/ielts-vocab/data-9.js?v=20260618-1
9	文化娱乐	84	disc	/dɪsk/	n.	低频	光碟；唱片；[英]（计算机）磁碟，磁盘		Many music lovers still prefer the warm sound of vinyl discs over digital files.	许多音乐爱好者仍然偏爱黑胶唱片温暖的音质，胜过数字文件。		https://www.leonwang.cc/ielts-vocab/data-9.js?v=20260618-1
9	文化娱乐	85	piano	/piˈænəʊ/	n.	核心	钢琴		Learning to play the piano requires patience and regular practice.	学弹钢琴需要耐心和定期练习。		https://www.leonwang.cc/ielts-vocab/data-9.js?v=20260618-1
9	文化娱乐	86	violin	/ˌvaɪəˈlɪn/	n.	高频	小提琴		The sound of the violin filled the concert hall with a warm, rich tone.	小提琴的声音充满了音乐厅，音色温暖而浑厚。		https://www.leonwang.cc/ielts-vocab/data-9.js?v=20260618-1
9	文化娱乐	87	cello	/ˈtʃeləʊ/	n.	低频	大提琴		The deep, mellow sound of the cello added a layer of emotion to the piece.	大提琴深沉醇美的音色为乐曲增添了一层情感。		https://www.leonwang.cc/ielts-vocab/data-9.js?v=20260618-1
9	文化娱乐	88	guitar	/ɡɪˈtɑː/	n.	核心	吉他		He taught himself to play the guitar by watching online tutorials.	他通过观看在线教程自学弹吉他。		https://www.leonwang.cc/ielts-vocab/data-9.js?v=20260618-1
9	文化娱乐	89	harmonica	/hɑːˈmɒnɪkə/	n.	识记	口琴		The folk musician pulled a small harmonica from his pocket and began to play a blues melody.	民间音乐家从口袋里掏出一支小口琴，开始吹奏一首布鲁斯旋律。		https://www.leonwang.cc/ielts-vocab/data-9.js?v=20260618-1
9	文化娱乐	90	trumpet	/ˈtrʌmpɪt/	n.	高频	喇叭，小号		The bright sound of the trumpet announced the beginning of the ceremony.	小号嘹亮的声音宣告了典礼的开始。		https://www.leonwang.cc/ielts-vocab/data-9.js?v=20260618-1
9	文化娱乐	91	drum	/drʌm/	n.	核心	鼓；鼓状物；大桶		The steady beat of the drum kept the dancers in perfect time.	鼓声的稳定节拍使舞者们保持完美的同步。		https://www.leonwang.cc/ielts-vocab/data-9.js?v=20260618-1
9	文化娱乐	92	flute	/fluːt/	n.	低频	长笛		The soft, airy notes of the flute floated through the peaceful garden.	长笛轻柔空灵的音符飘荡在宁静的花园里。		https://www.leonwang.cc/ielts-vocab/data-9.js?v=20260618-1
9	文化娱乐	93	competition	/ˌkɒmpɪˈtɪʃən/	n.	核心	竞争；比赛	compete v. 竞争； competitor n. 竞争者，对手	The singing competition attracted talented performers from across the country.	这次歌唱比赛吸引了全国各地的才华横溢的表演者。		https://www.leonwang.cc/ielts-vocab/data-9.js?v=20260618-1
9	文化娱乐	94	tournament	/ˈtʊənəmənt/	n.	高频	锦标赛，联赛		The international chess tournament brought together grandmasters from dozens of nations.	国际象棋锦标赛汇聚了来自数十个国家的大师。		https://www.leonwang.cc/ielts-vocab/data-9.js?v=20260618-1
9	文化娱乐	95	Olympic	/əˈlɪmpɪk/	adj.	核心	奥林匹克运动会的 n.[the-s]奥林匹克运动会		Winning an Olympic medal is often the highlight of an athlete's entire career.	赢得奥运奖牌通常是运动员整个职业生涯的最高光时刻。		https://www.leonwang.cc/ielts-vocab/data-9.js?v=20260618-1
9	文化娱乐	96	sponsor	/ˈspɒnsə/	n.	高频	发起人；主办人；赞助人 v. 发起；主办；赞助	sponsorship n. 资助	The music festival was made possible by the generous support of its corporate sponsors.	音乐节得以举办，多亏了企业赞助商的慷慨支持。		https://www.leonwang.cc/ielts-vocab/data-9.js?v=20260618-1
9	文化娱乐	97	patron	/ˈpeɪtrən/	n.	低频	赞助人；顾客，老主顾		A wealthy patron funded the young composer so he could focus on creating new works.	一位富有的赞助人资助了这位年轻作曲家，使他能专心创作新作品。		https://www.leonwang.cc/ielts-vocab/data-9.js?v=20260618-1
9	文化娱乐	98	athlete	/ˈæθliːt/	n.	核心	运动员；[英]田径运动员	athletics n. 体育运动；田径运动	Being a professional athlete demands years of dedicated training and discipline.	成为一名职业运动员需要多年的专注训练和自律。		https://www.leonwang.cc/ielts-vocab/data-9.js?v=20260618-1
9	文化娱乐	99	champion	/ˈtʃæmpiən/	n.	核心	冠军，第一名 v. 拥护，支持	champ/camp 指“场地”	She was declared the world champion after an intense final match.	经过一场激烈的决赛后，她被宣布为世界冠军。		https://www.leonwang.cc/ielts-vocab/data-9.js?v=20260618-1
9	文化娱乐	100	spectator	/spekˈteɪtə/	n.	高频	观众		Thousands of spectators gathered along the river to watch the dragon boat race.	成千上万的观众聚集在河边观看龙舟比赛。		https://www.leonwang.cc/ielts-vocab/data-9.js?v=20260618-1
9	文化娱乐	101	volunteer	/ˌvɒlənˈtɪə/	n.	核心	志愿者 v. 自愿做	volunt 指“意志，意愿”	Many volunteers helped to organise the community sports day.	许多志愿者帮助组织了社区运动会。		https://www.leonwang.cc/ielts-vocab/data-9.js?v=20260618-1
9	文化娱乐	102	famous	/ˈfeɪməs/	adj.	核心	著名的，出名的	fame n. 名声	The city is famous for its lively music festivals and street performances.	这座城市以其热闹的音乐节和街头表演而闻名。	搭配：be famous for 以......闻名。	https://www.leonwang.cc/ielts-vocab/data-9.js?v=20260618-1
9	文化娱乐	103	well-known	/ˌwel ˈnəʊn/	adj.	核心	众所周知的，出名的		He is a well-known television host with a career spanning three decades.	他是一位知名的电视主持人，职业生涯长达三十年。		https://www.leonwang.cc/ielts-vocab/data-9.js?v=20260618-1
9	文化娱乐	104	energetic	/ˌenəˈdʒetɪk/	adj.	高频	充满活力的，精力充沛的	energy n. 精力，活力；能量	The energetic dance performance energized the entire audience.	充满活力的舞蹈表演让全场观众都活跃了起来。		https://www.leonwang.cc/ielts-vocab/data-9.js?v=20260618-1
9	文化娱乐	105	vigorous	/ˈvɪɡərəs/	adj.	低频	充满活力的；活跃的，积极的	vig 指“有生气的”	Vigorous exercise for at least thirty minutes a day keeps the heart strong.	每天至少进行30分钟剧烈的锻炼有助于保持心脏强健。		https://www.leonwang.cc/ielts-vocab/data-9.js?v=20260618-1
9	文化娱乐	106	stadium	/ˈsteɪdiəm/	n.	核心	体育场，运动场		The new sports stadium can hold up to sixty thousand people.	新体育场最多可容纳六万人。		https://www.leonwang.cc/ielts-vocab/data-9.js?v=20260618-1
9	文化娱乐	107	gym	/dʒɪm/	n.	核心	体育活动；(= gymnasium) 健身房，体育馆		Many students go to the gym after class to stay fit and relieve stress.	许多学生课后去健身房锻炼，以保持健康和缓解压力。		https://www.leonwang.cc/ielts-vocab/data-9.js?v=20260618-1
9	文化娱乐	108	training	/ˈtreɪnɪŋ/	n.	核心	训练，锻炼；培训		The football team undergoes intensive training before the start of the season.	足球队在赛季开始前进行高强度训练。		https://www.leonwang.cc/ielts-vocab/data-9.js?v=20260618-1
9	文化娱乐	109	exercise	/ˈeksəsaɪz/	n.	核心	锻炼，运动；习题，练习 v. 锻炼		Regular exercise is key to maintaining both physical and mental health.	经常锻炼是保持身心健康的关键。		https://www.leonwang.cc/ielts-vocab/data-9.js?v=20260618-1
9	文化娱乐	110	indoor	/ˈɪndɔː/	adj.	高频	室内的	indoors adv. 在室内	They built an indoor swimming pool so they could swim all year round.	他们建了一个室内游泳池，以便全年都能游泳。		https://www.leonwang.cc/ielts-vocab/data-9.js?v=20260618-1
9	文化娱乐	111	outdoor	/ˈaʊtdɔː/	adj.	核心	户外的，室外的	outdoors adv. 在室外，在户外	The children prefer outdoor activities like climbing and running to sitting inside.	比起坐在室内，孩子们更喜欢攀爬和跑步等户外活动。		https://www.leonwang.cc/ielts-vocab/data-9.js?v=20260618-1
9	文化娱乐	112	motion	/ˈməʊʃən/	v.	高频	做动作，示意		The guide motioned for the tourists to gather closer before telling the story.	导游示意游客们聚拢些，然后才开始讲故事。		https://www.leonwang.cc/ielts-vocab/data-9.js?v=20260618-1
9	文化娱乐	113	mobile	/ˈməʊbaɪl/	adj.	高频	可移动的；流动的		Mobile phones have dramatically changed how people access entertainment.	手机极大地改变了人们获取娱乐的方式。		https://www.leonwang.cc/ielts-vocab/data-9.js?v=20260618-1
9	文化娱乐	114	movement	/ˈmuːvmənt/	n.	核心	（身体部位的）活动；运动；移动	move v. 移动	The dancer's graceful movements captivated the audience from the first moment.	舞者优雅的动作从一开始就迷住了观众。		https://www.leonwang.cc/ielts-vocab/data-9.js?v=20260618-1
9	文化娱乐	115	yoga	/ˈjəʊɡə/	n.	高频	瑜伽		Practising yoga regularly can improve both flexibility and mental concentration.	定期练习瑜伽可以提高身体柔韧性和精神集中力。		https://www.leonwang.cc/ielts-vocab/data-9.js?v=20260618-1
9	文化娱乐	116	sprawl	/sprɔːl/	v.	低频	伸开四肢坐着（或躺着）；延伸，蔓延 n.（城市）杂乱无序扩展的地区		He was too exhausted to do anything but sprawl on the sofa after work.	他太累了，下班后只能四肢摊开躺在沙发上。		https://www.leonwang.cc/ielts-vocab/data-9.js?v=20260618-1
9	文化娱乐	117	stretch	/stretʃ/	v.	核心	伸展；伸长（胳膊、腿）		It is important to stretch your muscles before and after exercising.	运动前后伸展肌肉很重要。		https://www.leonwang.cc/ielts-vocab/data-9.js?v=20260618-1
9	文化娱乐	118	strain	/streɪn/	v.	高频	拉紧；拉伤，扭伤 n. 张力，拉力；（精神上的）紧张		He strained a muscle in his leg while playing basketball.	他打篮球时拉伤了腿部肌肉。		https://www.leonwang.cc/ielts-vocab/data-9.js?v=20260618-1
9	文化娱乐	119	chess	/tʃes/	n.	高频	国际象棋		Playing chess teaches you to think several steps ahead and anticipate your opponent's moves.	下国际象棋教会你提前想好几步，预判对手的走法。		https://www.leonwang.cc/ielts-vocab/data-9.js?v=20260618-1
9	文化娱乐	120	badminton	/ˈbædmɪntən/	n.	高频	羽毛球		Badminton is a fast-paced sport that requires quick reflexes and agility.	羽毛球是一项需要快速反应和敏捷性的快节奏运动。	搭配：a badminton tournament 羽毛球锦标赛。	https://www.leonwang.cc/ielts-vocab/data-9.js?v=20260618-1
9	文化娱乐	121	golf	/ɡɒlf/	n.	高频	高尔夫球		Many business meetings take place on the golf course as a way to combine work and recreation.	许多商务会议在高尔夫球场进行，作为工作与休闲的一种结合。		https://www.leonwang.cc/ielts-vocab/data-9.js?v=20260618-1
9	文化娱乐	122	billiards	/ˈbɪliədz/	n.	低频	台球		They spent a relaxing evening playing billiards and chatting at the club.	他们在俱乐部打台球聊天，度过了一个轻松的夜晚。		https://www.leonwang.cc/ielts-vocab/data-9.js?v=20260618-1
9	文化娱乐	123	soccer	/ˈsɒkə/	n.	核心	（英式）足球		Soccer is by far the most popular spectator sport in many parts of the world.	足球是当今世界许多地方最受欢迎的观赏性运动。		https://www.leonwang.cc/ielts-vocab/data-9.js?v=20260618-1
9	文化娱乐	124	tennis	/ˈtenɪs/	n.	核心	网球		She has been taking tennis lessons every Saturday morning since she was seven.	她七岁起每周六早上都上网球课。		https://www.leonwang.cc/ielts-vocab/data-9.js?v=20260618-1
9	文化娱乐	125	volleyball	/ˈvɒlibɔːl/	n.	高频	排球		Beach volleyball is a popular summer sport in coastal areas.	沙滩排球是沿海地区一项受欢迎的夏季运动。		https://www.leonwang.cc/ielts-vocab/data-9.js?v=20260618-1
9	文化娱乐	126	hockey	/ˈhɒki/	n.	低频	曲棍球；冰球		Ice hockey players wear protective gear to prevent injuries from falls and collisions.	冰球运动员穿戴护具，以防摔倒和碰撞时受伤。		https://www.leonwang.cc/ielts-vocab/data-9.js?v=20260618-1
9	文化娱乐	127	cricket	/ˈkrɪkɪt/	n.	低频	板球		Cricket matches can last several days, testing the endurance of both players and fans.	板球比赛可持续数日，考验着球员和球迷的耐力。		https://www.leonwang.cc/ielts-vocab/data-9.js?v=20260618-1
9	文化娱乐	128	goal	/ɡəʊl/	n.	核心	球门；进球得分；目的		He scored the winning goal in the final minute of the match.	他在比赛最后一分钟打进了制胜一球。		https://www.leonwang.cc/ielts-vocab/data-9.js?v=20260618-1
9	文化娱乐	129	bat	/bæt/	n.	低频	球拍，球棒，球板		The player stepped up to the plate and raised the bat, ready to hit.	球员走向本垒，举起球棒准备击球。		https://www.leonwang.cc/ielts-vocab/data-9.js?v=20260618-1
9	文化娱乐	130	racket	/ˈrækɪt/	n.	低频	（网球、羽毛球等的）球拍		Before the final, she carefully checked the strings of her tennis racket.	决赛前，她仔细检查了网球拍的弦。		https://www.leonwang.cc/ielts-vocab/data-9.js?v=20260618-1
9	文化娱乐	131	kick	/kɪk/	v./n.	核心	踢		The player kicked the ball so hard that it flew right into the top corner of the net.	球员用力踢球，球直飞入球门上角。	搭配：kick the bucket 一命呜呼。	https://www.leonwang.cc/ielts-vocab/data-9.js?v=20260618-1
9	文化娱乐	132	knock	/nɒk/	v.	核心	敲，击；撞		Someone knocked on the door just as the concert was about to start on television.	电视上的音乐会正要开始，有人敲了门。	搭配：knock at the door 敲门。	https://www.leonwang.cc/ielts-vocab/data-9.js?v=20260618-1
9	文化娱乐	133	flip	/flɪp/	v.	低频	掷；（使）快速翻动 adj. 随便的，轻率的		They decided to flip a coin to see who would pay for the movie tickets.	他们决定掷硬币来决定谁出电影票钱。		https://www.leonwang.cc/ielts-vocab/data-9.js?v=20260618-1
9	文化娱乐	134	pitch	/pɪtʃ/	v.	高频	投，掷 n. 球场；（棒球中的）投球		The baseball pitcher trained for years to perfect his fast pitch.	这名棒球投手训练了多年，以完善他的快速投球。	搭配：throw a pitch 投球。	https://www.leonwang.cc/ielts-vocab/data-9.js?v=20260618-1
9	文化娱乐	135	throw	/θrəʊ/	v.	核心	投，掷，抛，扔		Children love to throw frisbees in the park on sunny afternoons.	晴朗的午后，孩子们喜欢在公园扔飞盘。		https://www.leonwang.cc/ielts-vocab/data-9.js?v=20260618-1
9	文化娱乐	136	toss	/tɒs/	v.	低频	扔，抛，掷；（使）颠簸		She tossed the ball to the dog, who caught it happily in its mouth.	她把球抛给狗，狗高兴地用嘴接住。	搭配：toss and turn 辗转反侧。	https://www.leonwang.cc/ielts-vocab/data-9.js?v=20260618-1
9	文化娱乐	137	slide	/slaɪd/	v.	高频	滑动；逐渐降低 n. 滑行；下跌		Children love to slide down the big yellow slide in the playground.	孩子们喜欢从操场上那个黄色大滑梯上滑下来。		https://www.leonwang.cc/ielts-vocab/data-9.js?v=20260618-1
9	文化娱乐	138	slip	/slɪp/	v.	核心	滑跤；滑落；溜 n. 滑倒		Be careful not to slip on the wet floor after swimming.	游泳后小心别在湿地上滑倒。	搭配：a slip of the tongue 口误。	https://www.leonwang.cc/ielts-vocab/data-9.js?v=20260618-1
9	文化娱乐	139	glide	/ɡlaɪd/	v.	低频	滑动，掠过 n. 滑行		The skater glided effortlessly across the frozen lake.	滑冰者在冰封的湖面上轻松地滑行。		https://www.leonwang.cc/ielts-vocab/data-9.js?v=20260618-1
9	文化娱乐	140	tumble	/ˈtʌmbəl/	v.	低频	摔倒，滚下		The toddler took a few steps and then tumbled gently onto the soft carpet.	刚学步的小宝宝走了几步，然后轻轻地摔倒在柔软的地毯上。		https://www.leonwang.cc/ielts-vocab/data-9.js?v=20260618-1
9	文化娱乐	141	ski	/skiː/	v.	高频	滑雪 n. 滑雪板		Every winter, they travel to the mountains to ski and enjoy the snow.	每年冬天，他们都去山里滑雪、赏雪。		https://www.leonwang.cc/ielts-vocab/data-9.js?v=20260618-1
9	文化娱乐	142	skate	/skeɪt/	v.	高频	滑冰		The ice rink is open to the public for skating on Friday evenings.	溜冰场每周五晚对公众开放滑冰。		https://www.leonwang.cc/ielts-vocab/data-9.js?v=20260618-1
9	文化娱乐	143	cycling	/ˈsaɪklɪŋ/	n.	高频	骑自行车运动	cyclist n. 骑自行车的人； bicycle n. 自行车	Cycling to work is a great way to combine exercise with daily commuting.	骑自行车上班是将锻炼与日常通勤结合的绝佳方式。		https://www.leonwang.cc/ielts-vocab/data-9.js?v=20260618-1
9	文化娱乐	144	dive	/daɪv/	v.	高频	跳水；潜水；俯冲		She took a deep breath and dived into the clear blue water.	她深吸一口气，潜入清澈湛蓝的水中。		https://www.leonwang.cc/ielts-vocab/data-9.js?v=20260618-1
9	文化娱乐	145	drift	/drɪft/	v.	低频	飘移，漂流；流浪，漂泊		The boat drifted slowly down the calm river as the sun began to set.	太阳开始落山时，小船在平静的河面上缓缓漂流。		https://www.leonwang.cc/ielts-vocab/data-9.js?v=20260618-1
9	文化娱乐	146	jump	/dʒʌmp/	v.	核心	跳；暴涨；跳过		The children jumped with joy when they saw the presents under the tree.	看到树下的礼物，孩子们高兴得跳了起来。		https://www.leonwang.cc/ielts-vocab/data-9.js?v=20260618-1
9	文化娱乐	147	leap	/liːp/	v.	高频	跳，跃 n. 跳跃		The dancer took a powerful leap across the stage, drawing gasps from the audience.	舞者在舞台上强有力地一跃，引得观众发出惊叹声。		https://www.leonwang.cc/ielts-vocab/data-9.js?v=20260618-1
9	文化娱乐	148	plunge	/plʌndʒ/	v.	高频	纵身投入；猛跌；（使）投身 n. 跳水；猛跌		He decided to plunge into the adventure of learning a completely new instrument.	他决定全身心投入到学习一件全新乐器的冒险中。		https://www.leonwang.cc/ielts-vocab/data-9.js?v=20260618-1
9	文化娱乐	149	spring	/sprɪŋ/	v./n.	高频	跳，跃		The cat sprang from the floor onto the windowsill in one smooth motion.	猫一个轻巧的动作从地板上跳到窗台上。		https://www.leonwang.cc/ielts-vocab/data-9.js?v=20260618-1
9	文化娱乐	150	hop	/hɒp/	v.	低频	跳上（或下）；单脚跳行；齐足跳行		The rabbit hopped across the field and disappeared into the bushes.	兔子跳着穿过田野，消失在灌木丛中。		https://www.leonwang.cc/ielts-vocab/data-9.js?v=20260618-1
9	文化娱乐	151	bounce	/baʊns/	v.	高频	（使）反弹，（使）弹起；（使）跳动		The children love to bounce on the trampoline in the backyard.	孩子们喜欢在后院的蹦床上弹跳。		https://www.leonwang.cc/ielts-vocab/data-9.js?v=20260618-1
9	文化娱乐	152	tent	/tent/	n.	核心	帐篷		We pitched our tent by the lake and spent the night listening to the sounds of nature.	我们在湖边支起帐篷，整晚听着大自然的声音。		https://www.leonwang.cc/ielts-vocab/data-9.js?v=20260618-1
9	文化娱乐	153	camp	/kæmp/	n.	核心	营地；阵营		Summer camp provides children with a chance to make new friends and try new activities.	夏令营给孩子们提供了一个交新朋友、尝试新活动的机会。		https://www.leonwang.cc/ielts-vocab/data-9.js?v=20260618-1
9	文化娱乐	154	picnic	/ˈpɪknɪk/	n.	核心	野餐；野餐食物 v. 野餐		The family enjoyed a lovely picnic on the grassy riverbank.	一家人在长满青草的河岸上享受了愉快的野餐。	搭配：go for a picnic 去野餐。	https://www.leonwang.cc/ielts-vocab/data-9.js?v=20260618-1
9	文化娱乐	155	hunt	/hʌnt/	v./n.	高频	打猎；搜寻	hunter n. 猎人	We had great fun hunting for shells along the beach after the tide went out.	退潮后，我们在海滩上寻找贝壳，玩得很开心。	搭配：hunt for 寻找。	https://www.leonwang.cc/ielts-vocab/data-9.js?v=20260618-1
9	文化娱乐	156	race	/reɪs/	n.	核心	赛跑，速度竞赛；人种，种族		The annual boat race on the river attracts teams from neighbouring cities.	一年一度的河上划船比赛吸引了来自邻近城市的队伍。		https://www.leonwang.cc/ielts-vocab/data-9.js?v=20260618-1
9	文化娱乐	157	marathon	/ˈmærəθən/	n.	高频	马拉松赛跑；马拉松式的活动		Running a marathon requires months of careful preparation and mental strength.	跑马拉松需要数月的精心准备和强大的心理素质。		https://www.leonwang.cc/ielts-vocab/data-9.js?v=20260618-1
9	文化娱乐	158	pedestrian	/pəˈdestriən/	n.	高频	步行者，行人		The city centre was closed to traffic, allowing pedestrians to walk freely.	市中心禁止车辆通行，让行人可以自由行走。	搭配：a pedestrian crossing 人行横道。	https://www.leonwang.cc/ielts-vocab/data-9.js?v=20260618-1
9	文化娱乐	159	pace	/peɪs/	n.	核心	步速，速度；步调，节奏 v. 来回踱步		The guide set a steady pace so that everyone could enjoy the scenery without rushing.	向导保持稳定的步速，让每个人都能从容欣赏风景。	搭配：set the pace 确立标准。	https://www.leonwang.cc/ielts-vocab/data-9.js?v=20260618-1
9	文化娱乐	160	step	/step/	n.	核心	步伐；步骤	footstep n. 脚步声；足迹	Learning a dance routine is easier if you practise each step carefully.	如果认真练习每一个舞步，学舞会更简单。	搭配：step by step 一步一步。	https://www.leonwang.cc/ielts-vocab/data-9.js?v=20260618-1
9	文化娱乐	161	excursion	/ɪkˈskɜːʃən/	n.	低频	远足，短程旅行		The school organised an excursion to the natural history museum.	学校组织了一次去自然历史博物馆的短途旅行。		https://www.leonwang.cc/ielts-vocab/data-9.js?v=20260618-1
9	文化娱乐	162	cruise	/kruːz/	v.	高频	乘船游览；以平稳的速度行驶	cruiser n. 巡洋舰；舱式游艇；巡逻警车	They plan to cruise around the Greek islands during their summer holiday.	他们计划暑假乘船游览希腊群岛。		https://www.leonwang.cc/ielts-vocab/data-9.js?v=20260618-1
9	文化娱乐	163	trip	/trɪp/	v.	核心	绊倒 n. 旅行；绊倒		A trip to the countryside can be a refreshing break from city life.	去乡下旅行可以让你从城市生活中暂时解脱出来。		https://www.leonwang.cc/ielts-vocab/data-9.js?v=20260618-1
9	文化娱乐	164	vacation	/vəˈkeɪʃən/	v.	核心	休假 n. 休假；假期	vocation n. 职业	She spent her summer vacation volunteering at a local cultural festival.	她利用暑假在当地的文化节做志愿者。		https://www.leonwang.cc/ielts-vocab/data-9.js?v=20260618-1
9	文化娱乐	165	hike	/haɪk/	v./n.	高频	徒步旅行，远足	hiking n. 徒步旅行	They hiked up the mountain to watch the sunrise from the peak.	他们徒步上山，去山顶看日出。		https://www.leonwang.cc/ielts-vocab/data-9.js?v=20260618-1
9	文化娱乐	166	jog	/dʒɒɡ/	v.	高频	慢跑	jogger n. 慢跑锻炼的人； jogging n. 慢跑	Many people jog in the park in the early morning before starting their day.	许多人清晨在公园慢跑，然后开始新的一天。		https://www.leonwang.cc/ielts-vocab/data-9.js?v=20260618-1
9	文化娱乐	167	stride	/straɪd/	v.	低频	大步走，阔步行走		She strode confidently onto the stage to receive the award.	她自信地大步走上舞台领奖。		https://www.leonwang.cc/ielts-vocab/data-9.js?v=20260618-1
9	文化娱乐	168	wander	/ˈwɒndə/	v.	高频	闲逛，漫步；走神，开小差		We spent the afternoon wandering through the old streets and trying local snacks.	我们整个下午都在老街上闲逛，品尝当地小吃。		https://www.leonwang.cc/ielts-vocab/data-9.js?v=20260618-1
9	文化娱乐	169	linger	/ˈlɪŋɡə/	v.	低频	逗留，流连；继续存留		The aroma of fresh coffee lingered in the café long after the customers had left.	顾客离去很久之后，咖啡馆里仍飘着新鲜咖啡的香气。		https://www.leonwang.cc/ielts-vocab/data-9.js?v=20260618-1
9	文化娱乐	170	lag	/læɡ/	v.	高频	落后 n. 间隔，时间差		Some video games suffer from lag, making them less enjoyable to play.	一些电子游戏存在延迟问题，影响游戏体验。	搭配：lag behind sb./sth. 落后于。	https://www.leonwang.cc/ielts-vocab/data-9.js?v=20260618-1
9	文化娱乐	171	climb	/klaɪm/	v.	核心	攀登，爬	limb n. 肢；树枝	They spent the weekend climbing the steep cliffs along the coast.	他们周末去攀登了沿海的陡峭悬崖。		https://www.leonwang.cc/ielts-vocab/data-9.js?v=20260618-1
9	文化娱乐	172	pull	/pʊl/	v.	核心	拉，拖，扯；划（小船）		The children pulled the sled up the hill for another ride down.	孩子们把雪橇拉上山，准备再滑下来。		https://www.leonwang.cc/ielts-vocab/data-9.js?v=20260618-1
9	文化娱乐	173	drag	/dræɡ/	v.	高频	拖，拉，拽		He dragged the heavy suitcase up the stairs to the hotel room.	他把沉重的行李箱拖上楼上的酒店房间。		https://www.leonwang.cc/ielts-vocab/data-9.js?v=20260618-1
9	文化娱乐	174	bend	/bend/	v.	核心	俯身，弯腰；使弯曲		She bent down to pick up the book that had fallen on the floor.	她弯腰捡起掉在地上的书。	搭配：bend over backwards to do sth. 竭尽全力。	https://www.leonwang.cc/ielts-vocab/data-9.js?v=20260618-1
9	文化娱乐	175	bow	/baʊ/	v./n.	高频	鞠躬		The performers bowed deeply to thank the audience for their enthusiastic applause.	表演者深深鞠躬，感谢观众热烈的掌声。	搭配：take a bow 谢幕。	https://www.leonwang.cc/ielts-vocab/data-9.js?v=20260618-1
10	物品材料	1	stuff	/stʌf/	n.	核心	东西；原料		She packed all her stuff into two suitcases before leaving for university.	她把所有东西装进两个箱子后就出发去上大学了。		https://www.leonwang.cc/ielts-vocab/data-10.js?v=20260618-1
10	物品材料	2	item	/ˈaɪtəm/	n.	核心	一件物品，一件商品		The receipt lists every item you purchased at the store.	收据上列出了你在店里购买的每一件商品。		https://www.leonwang.cc/ielts-vocab/data-10.js?v=20260618-1
10	物品材料	3	merchandise	/ˈmɜːtʃəndaɪz/	n.	高频	商品		The shop offers a wide range of official sports merchandise.	这家商店提供各式各样的官方体育商品。		https://www.leonwang.cc/ielts-vocab/data-10.js?v=20260618-1
10	物品材料	4	souvenir	/ˌsuːvəˈnɪə/	n.	高频	纪念品		I bought a small wooden carving as a souvenir of my trip to the ancient town.	我买了一个小木雕作为古镇之旅的纪念品。		https://www.leonwang.cc/ielts-vocab/data-10.js?v=20260618-1
10	物品材料	5	artefact	/ˈɑːtɪfækt/	n.	高频	人造物品；手工艺品	artificial（人造的）+ fact（制作）→ 用技艺制作的东西	The museum displays artefacts from the Ming Dynasty, including pottery and tools.	博物馆展出了明代的器物，包括陶器和工具。		https://www.leonwang.cc/ielts-vocab/data-10.js?v=20260618-1
10	物品材料	6	material	/məˈtɪəriəl/	n.	核心	材料，原料；人才 adj. 物质的		The bridge was built using strong, weather-resistant materials.	这座桥是用坚固耐候的材料建造的。		https://www.leonwang.cc/ielts-vocab/data-10.js?v=20260618-1
10	物品材料	7	raw	/rɔː/	adj.	核心	天然的，未经加工的；（感情）原始的		The factory imports raw cotton and exports finished textiles.	这家工厂进口原棉，出口成品纺织品。	搭配：raw material 原材料。	https://www.leonwang.cc/ielts-vocab/data-10.js?v=20260618-1
10	物品材料	8	crude	/kruːd/	adj.	高频	天然的，未经加工的；粗糙的 n. 原油		Crude oil is refined into petrol, diesel, and other useful products.	原油被提炼成汽油、柴油和其他有用的产品。		https://www.leonwang.cc/ielts-vocab/data-10.js?v=20260618-1
10	物品材料	9	necessity	/nəˈsesəti/	n.	高频	必需品，必不可少的事物；必要	necessary（必需的）	Clean drinking water is a basic necessity for human survival.	清洁的饮用水是人类生存的基本必需品。		https://www.leonwang.cc/ielts-vocab/data-10.js?v=20260618-1
10	物品材料	10	outfit	/ˈaʊtfɪt/	n.	高频	全套服装；全套装备 v. 配备，装备		She wore a stylish new outfit to the party.	她穿了一套时髦的新衣服去参加聚会。		https://www.leonwang.cc/ielts-vocab/data-10.js?v=20260618-1
10	物品材料	11	kit	/kɪt/	n.	高频	成套工具		The emergency kit includes a flashlight, bandages, and bottled water.	应急工具包里有手电筒、绷带和瓶装水。		https://www.leonwang.cc/ielts-vocab/data-10.js?v=20260618-1
10	物品材料	12	utensil	/juːˈtensəl/	n.	低频	（家庭）用具，器皿		She placed the cooking utensils neatly into the kitchen drawer.	她把烹饪用具整齐地放进厨房抽屉里。		https://www.leonwang.cc/ielts-vocab/data-10.js?v=20260618-1
10	物品材料	13	garbage	/ˈɡɑːbɪdʒ/	n.	核心	【尤美】垃圾，废物		Please take out the garbage before the truck arrives.	请在垃圾车来之前把垃圾拿出去。	搭配：a garbage can 垃圾箱。	https://www.leonwang.cc/ielts-vocab/data-10.js?v=20260618-1
10	物品材料	14	rubbish	/ˈrʌbɪʃ/	n.	核心	【尤英】垃圾，废弃物，废话		The playground was covered with rubbish after the concert.	音乐会结束后，操场上到处都是垃圾。	搭配：clear away the rubbish 清除垃圾。	https://www.leonwang.cc/ielts-vocab/data-10.js?v=20260618-1
10	物品材料	15	trash	/træʃ/	n.	核心	【美】垃圾		He threw the empty can into the trash bin.	他把空罐子扔进了垃圾桶。		https://www.leonwang.cc/ielts-vocab/data-10.js?v=20260618-1
10	物品材料	16	recycle	/riːˈsaɪkl/	v.	核心	使再循环，回收利用；反复应用	cycle（循环）+ re（重复）→ 回收利用	People are encouraged to recycle paper, glass, and plastic.	人们被鼓励回收纸张、玻璃和塑料。		https://www.leonwang.cc/ielts-vocab/data-10.js?v=20260618-1
10	物品材料	17	reuse	/riːˈjuːz/	v.	高频	再次使用		She washes and reuses glass jars for storing spices.	她把玻璃罐洗干净后再次用来储存调料。		https://www.leonwang.cc/ielts-vocab/data-10.js?v=20260618-1
10	物品材料	18	litter	/ˈlɪtə/	n.	高频	垃圾，废弃物 v. 乱丢东西		Dropping litter in the park can result in a fine.	在公园里乱扔垃圾可能会被罚款。		https://www.leonwang.cc/ielts-vocab/data-10.js?v=20260618-1
10	物品材料	19	waste	/weɪst/	n.	核心	废物；浪费 v. 浪费		Reducing food waste is an important step toward protecting the environment.	减少食物浪费是保护环境的重要一步。		https://www.leonwang.cc/ielts-vocab/data-10.js?v=20260618-1
10	物品材料	20	junk	/dʒʌŋk/	n.	高频	无用的东西，废物		Eating too much junk food can lead to health problems.	吃太多垃圾食品会导致健康问题。	搭配：junk food 垃圾食品。	https://www.leonwang.cc/ielts-vocab/data-10.js?v=20260618-1
10	物品材料	21	landfill	/ˈlændfɪl/	n.	低频	垃圾填埋地；垃圾填埋		Much of our household waste ends up in landfill sites.	我们的许多家庭垃圾最终都进了填埋场。		https://www.leonwang.cc/ielts-vocab/data-10.js?v=20260618-1
10	物品材料	22	sewerage	/ˈsjuːərɪdʒ/	n.	识记	排水系统，污水处理系统；（= sewage）污水		The city invested millions in upgrading its sewerage system.	该市投资了数百万升级排水系统。		https://www.leonwang.cc/ielts-vocab/data-10.js?v=20260618-1
10	物品材料	23	detergent	/dɪˈtɜːdʒənt/	n.	低频	洗涤剂		This detergent is gentle on hands but tough on stains.	这种洗涤剂不伤手，但去污力很强。		https://www.leonwang.cc/ielts-vocab/data-10.js?v=20260618-1
10	物品材料	24	lotion	/ˈləʊʃən/	n.	低频	洁肤乳；润肤乳		Apply sunscreen lotion before going out in the sun.	在阳光下外出前要涂防晒乳。		https://www.leonwang.cc/ielts-vocab/data-10.js?v=20260618-1
10	物品材料	25	shampoo	/ʃæmˈpuː/	v.	核心	用洗发剂洗（头发） n. 洗发剂		She shampoos her hair twice a week to keep it shiny.	她每周洗两次头发，以保持头发光亮。		https://www.leonwang.cc/ielts-vocab/data-10.js?v=20260618-1
10	物品材料	26	soap	/səʊp/	n.	核心	肥皂 v. 用肥皂擦洗		Wash your hands carefully with soap and warm water.	用肥皂和温水仔细洗手。	搭配：a soap opera 肥皂剧。	https://www.leonwang.cc/ielts-vocab/data-10.js?v=20260618-1
10	物品材料	27	tub	/tʌb/	n.	低频	桶，盆；【美】浴缸，浴盆		She filled the tub with hot water and added some bath salts.	她把浴缸放满热水，加了一些浴盐。		https://www.leonwang.cc/ielts-vocab/data-10.js?v=20260618-1
10	物品材料	28	plug	/plʌɡ/	n.	高频	塞子；插头 v. 把......塞住		He put the plug in the sink and filled it with water.	他把塞子塞在水槽里，放满了水。		https://www.leonwang.cc/ielts-vocab/data-10.js?v=20260618-1
10	物品材料	29	tap	/tæp/	n.	高频	旋塞，龙头		Turn off the tap while you are brushing your teeth to save water.	刷牙时关掉水龙头以节约用水。		https://www.leonwang.cc/ielts-vocab/data-10.js?v=20260618-1
10	物品材料	30	pipe	/paɪp/	n.	高频	管子，管道；烟斗	pipeline n. 管道，管线	A burst water pipe caused the street to flood.	一根破裂的水管导致街道被淹。		https://www.leonwang.cc/ielts-vocab/data-10.js?v=20260618-1
10	物品材料	31	tube	/tjuːb/	n.	高频	管；（电视机的）显像管；【英】（伦敦）地铁		He squeezed the last bit of paint out of the tube.	他从管里挤出了最后一点颜料。		https://www.leonwang.cc/ielts-vocab/data-10.js?v=20260618-1
10	物品材料	32	mop	/mɒp/	n.	低频	拖把 v. 用拖把擦		She used a mop to clean the kitchen floor after spilling juice.	她把果汁洒了后，用拖把清洁厨房地面。		https://www.leonwang.cc/ielts-vocab/data-10.js?v=20260618-1
10	物品材料	33	broom	/bruːm/	n.	低频	扫帚 v. 用扫帚扫		He swept the fallen leaves off the path with a broom.	他用扫帚扫去了小路上的落叶。		https://www.leonwang.cc/ielts-vocab/data-10.js?v=20260618-1
10	物品材料	34	sweep	/swiːp/	v.	高频	打扫；（迅猛地）吹走；掠过		Strong winds swept the dust high into the air.	大风把尘土卷到了空中。	短语：sweep the board 囊括所有奖项。	https://www.leonwang.cc/ielts-vocab/data-10.js?v=20260618-1
10	物品材料	35	mattress	/ˈmætrəs/	n.	低频	床垫		A good mattress can greatly improve the quality of your sleep.	一张好床垫能大大提高你的睡眠质量。		https://www.leonwang.cc/ielts-vocab/data-10.js?v=20260618-1
10	物品材料	36	carpet	/ˈkɑːpɪt/	n.	高频	地毯，毡毯，毛毯		They rolled out a thick red carpet for the guests at the ceremony.	他们为典礼上的来宾铺上了厚厚的红地毯。	搭配：red carpet 红地毯。	https://www.leonwang.cc/ielts-vocab/data-10.js?v=20260618-1
10	物品材料	37	rug	/rʌɡ/	n.	低频	小地毯；（盖肩或腿的）小毯子		A colourful woven rug covered the floor of the old room.	一张彩色编织地毯铺在老房间的地板上。		https://www.leonwang.cc/ielts-vocab/data-10.js?v=20260618-1
10	物品材料	38	mat	/mæt/	n.	低频	地垫，地席		Please wipe your feet on the mat before entering the temple.	请在进庙前在地垫上擦擦脚。		https://www.leonwang.cc/ielts-vocab/data-10.js?v=20260618-1
10	物品材料	39	cushion	/ˈkʊʃən/	n.	高频	软垫		She placed a soft cushion on the chair before sitting down.	她先放了个软垫在椅子上，然后才坐下。	搭配：a sofa cushion 沙发垫。	https://www.leonwang.cc/ielts-vocab/data-10.js?v=20260618-1
10	物品材料	40	pad	/pæd/	n.	低频	衬垫，垫；便笺本 v.（用软材料）填塞		She wrote the address on a pad of paper by the telephone.	她把地址写在电话旁的便笺本上。		https://www.leonwang.cc/ielts-vocab/data-10.js?v=20260618-1
10	物品材料	41	blanket	/ˈblæŋkɪt/	n.	核心	毛毯，毯子		He pulled the blanket over himself and fell asleep.	他把毯子拉过来盖好，睡着了。		https://www.leonwang.cc/ielts-vocab/data-10.js?v=20260618-1
10	物品材料	42	quilt	/kwɪlt/	n.	低频	被子		Her grandmother made a warm patchwork quilt by hand.	她的祖母手工做了一床温暖的拼布被子。		https://www.leonwang.cc/ielts-vocab/data-10.js?v=20260618-1
10	物品材料	43	sheet	/ʃiːt/	n.	核心	被单，床单；一张（纸）；薄板		The hotel changes the bed sheets every day.	酒店每天更换床单。		https://www.leonwang.cc/ielts-vocab/data-10.js?v=20260618-1
10	物品材料	44	pillow	/ˈpɪləʊ/	n.	核心	枕头		He rested his head on the soft pillow and quickly fell asleep.	他把头靠在柔软的枕头上，很快就睡着了。		https://www.leonwang.cc/ielts-vocab/data-10.js?v=20260618-1
10	物品材料	45	sponge	/spʌndʒ/	n.	高频	海绵		Use a damp sponge to wipe the dust off the blackboard.	用湿海绵擦去黑板上的灰尘。		https://www.leonwang.cc/ielts-vocab/data-10.js?v=20260618-1
10	物品材料	46	towel	/ˈtaʊəl/	n.	核心	毛巾，手巾		She dried her hair with a clean towel after the shower.	淋浴后，她用一条干净毛巾擦干了头发。	搭配：wring a towel 拧毛巾。	https://www.leonwang.cc/ielts-vocab/data-10.js?v=20260618-1
10	物品材料	47	staple	/ˈsteɪpl/	n.	高频	订书钉；主要部分		Rice is a staple food for more than half of the world's population.	大米是世界上一半以上人口的主食。		https://www.leonwang.cc/ielts-vocab/data-10.js?v=20260618-1
10	物品材料	48	nail	/neɪl/	n.	核心	指甲；钉子 v.（用钉子）钉住		She hammered a nail into the wall to hang the picture.	她在墙上钉了个钉子挂画。		https://www.leonwang.cc/ielts-vocab/data-10.js?v=20260618-1
10	物品材料	49	razor	/ˈreɪzə/	n.	低频	剃刀 v.（用剃刀）剃		He used an electric razor to shave off his beard.	他用电动剃须刀剃掉了胡须。	搭配：an electric razor 电动剃须刀。	https://www.leonwang.cc/ielts-vocab/data-10.js?v=20260618-1
10	物品材料	50	shave	/ʃeɪv/	v.	高频	剃须，刮脸	shaver n. 理发师；电动剃须刀	He shaves every morning before going to work.	他每天早上上班前刮胡子。		https://www.leonwang.cc/ielts-vocab/data-10.js?v=20260618-1
10	物品材料	51	fuse	/fjuːz/	n.	低频	保险丝；导火线 v.（使）熔化；（使）融合		The lights went out because a fuse had blown.	灯灭了，因为保险丝烧断了。		https://www.leonwang.cc/ielts-vocab/data-10.js?v=20260618-1
10	物品材料	52	cable	/ˈkeɪbəl/	n.	高频	电缆；缆绳，钢索；电报；有线电视		The internet connection is provided through a fibre-optic cable.	互联网连接是通过光纤电缆提供的。	搭配：a cable car 缆车。	https://www.leonwang.cc/ielts-vocab/data-10.js?v=20260618-1
10	物品材料	53	cord	/kɔːd/	n.	低频	细绳，粗线	与 chord（弦）相关：strike/touch a chord in/with sb. 拨动某人心弦	She tied the package with a strong piece of cord.	她用一根结实的绳子捆好包裹。		https://www.leonwang.cc/ielts-vocab/data-10.js?v=20260618-1
10	物品材料	54	strand	/strænd/	n.	低频	缕，股；滨，岸		A single strand of hair fell across her forehead.	一缕头发垂落在她的前额上。		https://www.leonwang.cc/ielts-vocab/data-10.js?v=20260618-1
10	物品材料	55	match	/mætʃ/	n.	核心	火柴；比赛；匹配的人或物 v. 与......匹配		She lit the candle with a match from the box on the shelf.	她用架子上火柴盒里的一根火柴点燃了蜡烛。	搭配：meet one's match 遇到对手。	https://www.leonwang.cc/ielts-vocab/data-10.js?v=20260618-1
10	物品材料	56	candle	/ˈkændl/	n.	高频	蜡烛		The room was lit by the soft glow of a single candle.	房间被一支蜡烛的柔和光芒照亮。	搭配：light / blow out a candle 点亮/吹灭蜡烛。	https://www.leonwang.cc/ielts-vocab/data-10.js?v=20260618-1
10	物品材料	57	wax	/wæks/	n.	低频	蜡；蜂蜡		The floor was polished with wax until it shone.	地板打了蜡，擦得闪闪发亮。		https://www.leonwang.cc/ielts-vocab/data-10.js?v=20260618-1
10	物品材料	58	portfolio	/pɔːtˈfəʊliəʊ/	n.	低频	文件夹，公事包	port（拿，带）+ folio（对开本）→ 公事包	The designer showed her portfolio to the potential employer.	设计师向潜在雇主展示了自己的作品集。		https://www.leonwang.cc/ielts-vocab/data-10.js?v=20260618-1
10	物品材料	59	paperback	/ˈpeɪpəbæk/	n.	低频	简装书，平装书		I prefer paperbacks because they are lighter to carry around.	我更喜欢平装书，因为它们更轻，便于携带。		https://www.leonwang.cc/ielts-vocab/data-10.js?v=20260618-1
10	物品材料	60	pamphlet	/ˈpæmflət/	n.	低频	小册子	booklet, leaflet, brochure	The health clinic distributed pamphlets about healthy eating.	健康诊所分发了有关健康饮食的小册子。		https://www.leonwang.cc/ielts-vocab/data-10.js?v=20260618-1
10	物品材料	61	tissue	/ˈtɪʃuː/	n.	高频	薄绢，薄纸；组织；面巾纸		She handed me a tissue to wipe my tears.	她递给我一张纸巾擦眼泪。		https://www.leonwang.cc/ielts-vocab/data-10.js?v=20260618-1
10	物品材料	62	cover	/ˈkʌvə/	n.	核心	封面；盖子；套子		The book's cover was torn, but the pages inside were still intact.	书的封面破了，但里面的书页仍然完好。		https://www.leonwang.cc/ielts-vocab/data-10.js?v=20260618-1
10	物品材料	63	Xerox	/ˈzɪərɒks/	n.	识记	施乐复印件		He made a Xerox of the contract before signing it.	他在签署合同前复印了一份。	搭配：a Xerox machine 施乐复印机。	https://www.leonwang.cc/ielts-vocab/data-10.js?v=20260618-1
10	物品材料	64	duplicate	/ˈdjuːplɪkət/	n.	高频	副本，复制品		Please keep the original document and give me a duplicate.	请保留原件，给我一份副本。	动词读 /ˈdjuːplɪkeɪt/。	https://www.leonwang.cc/ielts-vocab/data-10.js?v=20260618-1
10	物品材料	65	memorandum	/ˌmeməˈrændəm/	n.	低频	备忘录；建议书；（= memo）公务便条	memor（记着）+ andum → 备忘录	The manager sent a memorandum to all staff detailing the new policy.	经理向所有员工发了一份备忘录，详细说明了新政策。		https://www.leonwang.cc/ielts-vocab/data-10.js?v=20260618-1
10	物品材料	66	stationery	/ˈsteɪʃənəri/	n.	低频	文具；信纸	stationer n. 文具店；文具商	I bought some elegant stationery to write letters to my friends.	我买了一些雅致的信纸给朋友们写信。		https://www.leonwang.cc/ielts-vocab/data-10.js?v=20260618-1
10	物品材料	67	glue	/ɡluː/	n.	高频	胶，胶水		He used strong glue to fix the broken handle of the mug.	他用强力胶把杯子的断柄粘好了。		https://www.leonwang.cc/ielts-vocab/data-10.js?v=20260618-1
10	物品材料	68	ink	/ɪŋk/	n.	高频	墨水，油墨		The printer ran out of black ink in the middle of printing.	印到一半，打印机的黑色墨水用完了。		https://www.leonwang.cc/ielts-vocab/data-10.js?v=20260618-1
10	物品材料	69	rubber	/ˈrʌbə/	n.	高频	橡胶；【英】橡皮擦		Please lend me your rubber; I need to erase this mistake.	请借我你的橡皮，我需要擦掉这个错误。		https://www.leonwang.cc/ielts-vocab/data-10.js?v=20260618-1
10	物品材料	70	scissors	/ˈsɪzəz/	n.	核心	剪刀，剪子		She cut the paper into small shapes with a pair of scissors.	她用剪刀把纸剪成各种小形状。		https://www.leonwang.cc/ielts-vocab/data-10.js?v=20260618-1
10	物品材料	71	shear	/ʃɪə/	n.	识记	[-s]（尤指修剪篱笆用的）大剪刀 v. 剪		The farmer used shears to trim the wool from the sheep.	农夫用大剪刀给羊剪毛。		https://www.leonwang.cc/ielts-vocab/data-10.js?v=20260618-1
10	物品材料	72	edge	/edʒ/	n.	核心	边缘，边；刀口		Be careful not to cut your finger on the sharp edge of the knife.	小心别被刀刃割了手指。		https://www.leonwang.cc/ielts-vocab/data-10.js?v=20260618-1
10	物品材料	73	rim	/rɪm/	n.	低频	（圆形物的）外缘，边缘		Water dripped slowly over the rim of the full glass.	水从满杯的边缘慢慢滴下。		https://www.leonwang.cc/ielts-vocab/data-10.js?v=20260618-1
10	物品材料	74	element	/ˈelɪmənt/	n.	核心	（化学中的）元素；组成部分；基本部分		Carbon is a chemical element found in all living things.	碳是所有生物中都含有的一种化学元素。		https://www.leonwang.cc/ielts-vocab/data-10.js?v=20260618-1
10	物品材料	75	factor	/ˈfæktə/	n.	核心	因素，要素		Price is a major factor when people decide which product to buy.	价格是人们决定购买哪种产品时的一个主要因素。		https://www.leonwang.cc/ielts-vocab/data-10.js?v=20260618-1
10	物品材料	76	section	/ˈsekʃən/	n.	核心	部分；章，节	sect（切割）→ section	The toy section is located on the third floor of the store.	玩具区位于商店的三楼。		https://www.leonwang.cc/ielts-vocab/data-10.js?v=20260618-1
10	物品材料	77	tag	/tæɡ/	n.	高频	标签；称号		The price tag on the shirt said it was on sale.	这件衬衫上的价格标签表明它在打折。		https://www.leonwang.cc/ielts-vocab/data-10.js?v=20260618-1
10	物品材料	78	label	/ˈleɪbəl/	n.	核心	标签，标贴		Read the label carefully to check the ingredients before buying.	购买前仔细阅读标签，检查成分。		https://www.leonwang.cc/ielts-vocab/data-10.js?v=20260618-1
10	物品材料	79	badge	/bædʒ/	n.	低频	徽章；证章；标志，象征		Each conference participant wore a name badge.	每位与会者都佩戴了姓名牌。		https://www.leonwang.cc/ielts-vocab/data-10.js?v=20260618-1
10	物品材料	80	bolt	/bəʊlt/	n.	低频	螺栓；插销 v. 闩上（门、窗）		He slid the bolt across to lock the gate securely.	他推上插销，牢牢锁住了大门。		https://www.leonwang.cc/ielts-vocab/data-10.js?v=20260618-1
10	物品材料	81	knob	/nɒb/	n.	低频	球形把手；旋钮		Turn the knob to adjust the volume of the radio.	转动旋钮来调节收音机的音量。		https://www.leonwang.cc/ielts-vocab/data-10.js?v=20260618-1
10	物品材料	82	handle	/ˈhændl/	n.	核心	柄；把手 v. 拿；处理		The suitcase has a sturdy handle that makes it easy to carry.	这个箱子有一个坚固的把手，便于携带。	搭配：handle with care 小心轻放。	https://www.leonwang.cc/ielts-vocab/data-10.js?v=20260618-1
10	物品材料	83	shutter	/ˈʃʌtə/	n.	低频	百叶窗；（相机）快门 v. 停止（营业）		He closed the wooden shutters to keep out the bright afternoon sun.	他关上木制百叶窗，挡住午后刺眼的阳光。		https://www.leonwang.cc/ielts-vocab/data-10.js?v=20260618-1
10	物品材料	84	curtain	/ˈkɜːtən/	n.	核心	窗帘；帘；幕布 v. 给......装上帘子		She drew the curtains aside to let the sunlight fill the room.	她拉开窗帘，让阳光洒满房间。		https://www.leonwang.cc/ielts-vocab/data-10.js?v=20260618-1
10	物品材料	85	pane	/peɪn/	n.	低频	（一块）窗玻璃		A stone broke a pane of the kitchen window during the storm.	暴风雨中，一块石头打破了厨房窗户的一块玻璃。		https://www.leonwang.cc/ielts-vocab/data-10.js?v=20260618-1
10	物品材料	86	opacity	/əʊˈpæsəti/	n.	识记	不透明性	opaque n. 不透明物 adj. 不透明的	The opacity of the glass prevented anyone from seeing inside the room.	玻璃的不透光性使人无法看到房间内部。		https://www.leonwang.cc/ielts-vocab/data-10.js?v=20260618-1
10	物品材料	87	jar	/dʒɑː/	n.	高频	罐，广口瓶；猛烈震动		She stored the cookies in a glass jar to keep them fresh.	她把饼干放在一个玻璃罐里保鲜。		https://www.leonwang.cc/ielts-vocab/data-10.js?v=20260618-1
10	物品材料	88	barrel	/ˈbærəl/	n.	高频	桶		They used large wooden barrels to store the wine.	他们用大木桶储存葡萄酒。		https://www.leonwang.cc/ielts-vocab/data-10.js?v=20260618-1
10	物品材料	89	bucket	/ˈbʌkɪt/	n.	核心	（有提手的）桶		He carried a bucket of water from the well to the garden.	他从井里提了一桶水到花园。	搭配：a drop in the bucket 沧海一粟。	https://www.leonwang.cc/ielts-vocab/data-10.js?v=20260618-1
10	物品材料	90	pail	/peɪl/	n.	识记	【尤美】（通常是金属或木制的）桶，提桶		The child filled the pail with sand at the beach.	小孩在海滩上把桶装满了沙子。		https://www.leonwang.cc/ielts-vocab/data-10.js?v=20260618-1
10	物品材料	91	phone	/fəʊn/	n.	核心	电话；电话机；电话听筒		She checked her phone for any new messages.	她查看了手机，看有没有新消息。	搭配：make a phone call 打电话。	https://www.leonwang.cc/ielts-vocab/data-10.js?v=20260618-1
10	物品材料	92	bell	/bel/	n.	核心	钟；铃		The church bell rings every hour on the hour.	教堂的钟每个整点敲响。	搭配：ring a bell 听起来有印象。	https://www.leonwang.cc/ielts-vocab/data-10.js?v=20260618-1
10	物品材料	93	camera	/ˈkæmərə/	n.	核心	照相机，摄影机		He bought a new camera to photograph the wildlife during his trip.	他买了一台新相机，准备在旅行中拍摄野生动物。		https://www.leonwang.cc/ielts-vocab/data-10.js?v=20260618-1
10	物品材料	94	portable	/ˈpɔːtəbl/	adj.	高频	手提式的，便携式的		A portable charger is useful when you are travelling and cannot find a socket.	旅行中找不到插座时，便携式充电器很有用。		https://www.leonwang.cc/ielts-vocab/data-10.js?v=20260618-1
10	物品材料	95	spotlight	/ˈspɒtlaɪt/	n.	低频	聚光灯；聚光灯照出的光圈		The singer stood alone in the spotlight on the dark stage.	歌手独自站在黑暗舞台上的聚光灯下。		https://www.leonwang.cc/ielts-vocab/data-10.js?v=20260618-1
10	物品材料	96	lantern	/ˈlæntən/	n.	高频	提灯，灯笼		They hung red paper lanterns to decorate the street for the festival.	他们挂起红纸灯笼装饰街道迎接节日。		https://www.leonwang.cc/ielts-vocab/data-10.js?v=20260618-1
10	物品材料	97	bulb	/bʌlb/	n.	高频	电灯泡；球茎；球茎状物		The light bulb flickered for a moment and then went out.	灯泡闪了一下，然后灭了。		https://www.leonwang.cc/ielts-vocab/data-10.js?v=20260618-1
10	物品材料	98	flashlight	/ˈflæʃlaɪt/	n.	高频	（闪光灯的）闪光；手电筒		We used a flashlight to find our way through the dark cave.	我们用手电筒在黑暗的洞穴中找路。		https://www.leonwang.cc/ielts-vocab/data-10.js?v=20260618-1
10	物品材料	99	refrigerator	/rɪˈfrɪdʒəreɪtə/	n.	核心	冰箱	refrigeration n. 冷藏	They stored the fresh vegetables in the refrigerator to keep them crisp.	他们把新鲜蔬菜存入冰箱保鲜。		https://www.leonwang.cc/ielts-vocab/data-10.js?v=20260618-1
10	物品材料	100	fridge	/frɪdʒ/	n.	核心	冰箱		There is some milk and cheese in the fridge if you are hungry.	冰箱里有一些牛奶和奶酪，如果你饿了的话。		https://www.leonwang.cc/ielts-vocab/data-10.js?v=20260618-1
10	物品材料	101	vacuum	/ˈvækjuəm/	n.	高频	真空；真空吸尘器 adj. 真空的	vac(u)/void（空）→ vacuum, evacuate, avoid	She used the vacuum to clean the dust from the corners of the carpet.	她用吸尘器清理了地毯角落的灰尘。		https://www.leonwang.cc/ielts-vocab/data-10.js?v=20260618-1
10	物品材料	102	fan	/fæn/	n.	核心	扇子；风扇；狂热爱好者 v. 扇		The room was hot, so she turned on the electric fan.	房间很热，所以她打开了电扇。		https://www.leonwang.cc/ielts-vocab/data-10.js?v=20260618-1
10	物品材料	103	switch	/swɪtʃ/	n.	核心	开关；转换 v. 转换		Flip the switch on the wall to turn on the light.	按一下墙上的开关开灯。		https://www.leonwang.cc/ielts-vocab/data-10.js?v=20260618-1
10	物品材料	104	hurdle	/ˈhɜːdl/	n.	低频	栏架；跨栏赛跑		The athlete cleared every hurdle with ease and won the race.	运动员轻松跨过每一个栏架，赢得了比赛。		https://www.leonwang.cc/ielts-vocab/data-10.js?v=20260618-1
10	物品材料	105	fence	/fens/	n.	高频	栅栏；围栏		They built a wooden fence around the garden to keep the rabbits out.	他们在花园四周建了木栅栏，防止兔子进入。	搭配：set up fences 设立栅栏。	https://www.leonwang.cc/ielts-vocab/data-10.js?v=20260618-1
10	物品材料	106	bronze	/brɒnz/	n.	高频	青铜；青铜艺术品		The statue in the square is made of bronze and has turned green with age.	广场上的雕像是青铜铸造的，随着时间流逝已变成绿色。		https://www.leonwang.cc/ielts-vocab/data-10.js?v=20260618-1
10	物品材料	107	cement	/sɪˈment/	n.	高频	水泥；胶接剂 v. 使黏结	cementer n. 水泥工人	They mixed cement with sand and water to build the wall.	他们把水泥与沙子和水混合来砌墙。		https://www.leonwang.cc/ielts-vocab/data-10.js?v=20260618-1
10	物品材料	108	pitch	/pɪtʃ/	n.	识记	沥青		The road workers spread hot pitch to repair the cracks in the surface.	修路工人铺上热沥青来修补路面裂缝。		https://www.leonwang.cc/ielts-vocab/data-10.js?v=20260618-1
10	物品材料	109	lime	/laɪm/	n.	低频	石灰		Farmers sometimes add lime to the soil to reduce its acidity.	农民有时往土壤中加石灰以降低其酸度。		https://www.leonwang.cc/ielts-vocab/data-10.js?v=20260618-1
10	物品材料	110	plaster	/ˈplɑːstə/	n.	低频	灰泥；熟石膏		The old plaster on the ceiling was cracked and beginning to fall.	天花板上旧的灰泥开裂了，开始往下掉。		https://www.leonwang.cc/ielts-vocab/data-10.js?v=20260618-1
10	物品材料	111	leather	/ˈleðə/	n.	高频	皮革；（尤指骑摩托车者穿的）皮衣		She bought a brown leather handbag to match her shoes.	她买了一个棕色皮手袋来配鞋子。		https://www.leonwang.cc/ielts-vocab/data-10.js?v=20260618-1
10	物品材料	112	plastic	/ˈplæstɪk/	n.	核心	塑料 adj. 有塑性的；塑料的		Reducing the use of single-use plastic is vital for protecting the oceans.	减少使用一次性塑料对保护海洋至关重要。		https://www.leonwang.cc/ielts-vocab/data-10.js?v=20260618-1
10	物品材料	113	fibre	/ˈfaɪbə/	n.	高频	纤维；纤维素		Whole grains are an excellent source of dietary fibre.	全谷物是膳食纤维的极佳来源。		https://www.leonwang.cc/ielts-vocab/data-10.js?v=20260618-1
10	物品材料	114	fabric	/ˈfæbrɪk/	n.	高频	织物，布料		The dress is made from a soft, lightweight fabric perfect for summer.	这件连衣裙是用一种柔软轻薄的布料做的，非常适合夏天。		https://www.leonwang.cc/ielts-vocab/data-10.js?v=20260618-1
10	物品材料	115	knit	/nɪt/	v.	高频	编织，针织		She learned to knit a scarf for her father's birthday gift.	她学会了织围巾，作为父亲的生日礼物。		https://www.leonwang.cc/ielts-vocab/data-10.js?v=20260618-1
10	物品材料	116	weave	/wiːv/	v.	低频	编织；编造		The women in the village weave beautiful baskets from local bamboo.	村里的妇女用当地的竹子编织美丽的篮子。		https://www.leonwang.cc/ielts-vocab/data-10.js?v=20260618-1
10	物品材料	117	canvas	/ˈkænvəs/	n.	低频	帆布；油画布		The artist stretched a fresh canvas over the wooden frame before painting.	画家在作画前把新画布拉紧在木框上。		https://www.leonwang.cc/ielts-vocab/data-10.js?v=20260618-1
10	物品材料	118	linen	/ˈlɪnɪn/	n.	低频	亚麻布；亚麻织品		She prefers bed sheets made of pure linen in the summer.	夏天她更喜欢纯亚麻的床单。	搭配：fine linen 上等亚麻布。	https://www.leonwang.cc/ielts-vocab/data-10.js?v=20260618-1
10	物品材料	119	cotton	/ˈkɒtən/	n.	核心	棉；棉线；棉布		This shirt is made of one hundred per cent cotton and feels very soft.	这件衬衫是百分之百纯棉的，触感非常柔软。		https://www.leonwang.cc/ielts-vocab/data-10.js?v=20260618-1
10	物品材料	120	nylon	/ˈnaɪlɒn/	n.	低频	尼龙		Nylon is a strong, lightweight man-made material often used for ropes.	尼龙是一种坚固、轻质的人造材料，常用于制造绳索。		https://www.leonwang.cc/ielts-vocab/data-10.js?v=20260618-1
10	物品材料	121	lumber	/ˈlʌmbə/	n.	低频	木材，木料		The lumber was cut and dried before being used for building houses.	木材在用于建房前经过了切割和干燥处理。		https://www.leonwang.cc/ielts-vocab/data-10.js?v=20260618-1
10	物品材料	122	wooden	/ˈwʊdən/	adj.	核心	木制的；呆板的		They sat on wooden benches around a long table in the garden.	他们坐在花园里一张长桌旁的长木凳上。		https://www.leonwang.cc/ielts-vocab/data-10.js?v=20260618-1
10	物品材料	123	mine	/maɪn/	n.	高频	矿，矿井；地雷	miner, mineral	The country is rich in natural resources, including gold and coal mines.	这个国家自然资源丰富，拥有金矿和煤矿。		https://www.leonwang.cc/ielts-vocab/data-10.js?v=20260618-1
10	物品材料	124	pit	/pɪt/	n.	高频	深坑；煤矿；潜在危险		The excavator dug a deep pit for the foundation of the new building.	挖掘机为新楼的地基挖了一个深坑。		https://www.leonwang.cc/ielts-vocab/data-10.js?v=20260618-1
10	物品材料	125	fuel	/ˈfjuːəl/	n.	核心	燃料 v. 给......加燃料		The plane stopped at the airport to refuel before continuing its journey.	飞机在机场停下加油，然后继续航程。	搭配：add fuel to 火上浇油。	https://www.leonwang.cc/ielts-vocab/data-10.js?v=20260618-1
10	物品材料	126	lubricate	/ˈluːbrɪkeɪt/	v.	低频	润滑，加润滑油于		You should lubricate the gears regularly to keep the machine running smoothly.	你应该定期给齿轮加润滑油，使机器运转顺畅。	搭配：lubricating oil 润滑油。	https://www.leonwang.cc/ielts-vocab/data-10.js?v=20260618-1
10	物品材料	127	diamond	/ˈdaɪəmənd/	n.	高频	金刚石，钻石；菱形		The diamond in her engagement ring sparkled under the candlelight.	她订婚戒指上的钻石在烛光下闪闪发光。		https://www.leonwang.cc/ielts-vocab/data-10.js?v=20260618-1
10	物品材料	128	crystal	/ˈkrɪstəl/	n.	高频	水晶；结晶，晶体		The necklace was decorated with tiny crystals that caught the sunlight.	项链上装饰着小水晶，在阳光下闪闪发光。		https://www.leonwang.cc/ielts-vocab/data-10.js?v=20260618-1
10	物品材料	129	inferior	/ɪnˈfɪəriə/	adj.	高频	差的；下级的，低等的 n. 级别（或地位）低的人；次品	inferiority n. 低等，劣等	Cheaper products are sometimes inferior in quality compared to more expensive ones.	便宜的产品有时在质量上比昂贵的产品差。		https://www.leonwang.cc/ielts-vocab/data-10.js?v=20260618-1
10	物品材料	130	counterfeit	/ˈkaʊntəfɪt/	adj.	低频	假冒的 v. 伪造	counter（反）+ feit（做）→ 伪造	The police seized thousands of counterfeit designer handbags in the raid.	警方在突袭中查获了数千个假冒名牌手提包。		https://www.leonwang.cc/ielts-vocab/data-10.js?v=20260618-1
10	物品材料	131	fake	/feɪk/	adj.	高频	假冒的 n. 冒充者；假货		He was tricked into buying a fake painting that looked exactly like the original.	他上当买了一幅与真迹一模一样的假画。		https://www.leonwang.cc/ielts-vocab/data-10.js?v=20260618-1
10	物品材料	132	fragile	/ˈfrædʒaɪl/	adj.	高频	易碎的；脆弱的		The box contained fragile glassware, so she handled it with extra care.	盒子里装着易碎的玻璃器皿，所以她格外小心地搬运。		https://www.leonwang.cc/ielts-vocab/data-10.js?v=20260618-1
10	物品材料	133	miniature	/ˈmɪnɪtʃə/	adj.	低频	微型的，很小的 n. 缩微模型；微型画		He collected miniature cars and displayed them on a shelf.	他收集微型汽车模型，并把它们陈列在架子上。		https://www.leonwang.cc/ielts-vocab/data-10.js?v=20260618-1
10	物品材料	134	available	/əˈveɪləbəl/	adj.	核心	可获得的		This model is available in several different colours and sizes.	这款型号有多种颜色和尺寸可供选择。	搭配：be available to do sth. 可用于做某事。	https://www.leonwang.cc/ielts-vocab/data-10.js?v=20260618-1
10	物品材料	135	durable	/ˈdjʊərəbəl/	adj.	高频	耐用的，持久的		They chose durable materials for the school playground to withstand constant use.	他们为学校操场选了耐用材料，以承受长期频繁使用。		https://www.leonwang.cc/ielts-vocab/data-10.js?v=20260618-1
11	时尚潮流	1	fashion	/ˈfæʃən/	n.	核心	时尚；制作，制成	fashionable adj.流行的	Fashion trends change so quickly that what is popular today may be outdated tomorrow.	时尚潮流变化如此之快，今天流行的东西明天可能就过时了。	搭配：come into fashion 流行起来；out of fashion 过时的。	https://www.leonwang.cc/ielts-vocab/data-11.js?v=20260618-1
11	时尚潮流	2	style	/staɪl/	n.	核心	风格；样式；时尚	stylish adj.时髦的，有格调的	Her unique style of dressing always makes her stand out in a crowd.	她独特的穿衣风格总是让她在人群中脱颖而出。		https://www.leonwang.cc/ielts-vocab/data-11.js?v=20260618-1
11	时尚潮流	3	trend	/trend/	n.	核心	趋势，倾向		There is a growing trend towards sustainable and eco-friendly fashion.	如今有一种向可持续和环保时尚发展的增长趋势。		https://www.leonwang.cc/ielts-vocab/data-11.js?v=20260618-1
11	时尚潮流	4	tendency	/ˈtendənsi/	n.	高频	趋势；倾向，偏好	tend v.趋向；易于	She has a tendency to buy clothes in neutral colours like black and grey.	她有种买黑色和灰色等中性色衣服的倾向。		https://www.leonwang.cc/ielts-vocab/data-11.js?v=20260618-1
11	时尚潮流	5	current	/ˈkʌrənt/	n.	核心	潮流，趋势 adj. 当前的		His designs always reflect the current trends in international fashion.	他的设计总是反映国际时尚的当前潮流。	搭配：against the current 逆流而行的。	https://www.leonwang.cc/ielts-vocab/data-11.js?v=20260618-1
11	时尚潮流	6	popularity	/ˌpɒpjʊˈlærɪti/	n.	核心	流行	popular adj.流行的	The popularity of vintage clothing has grown rapidly among young consumers.	复古服装在年轻消费者中的受欢迎程度迅速增长。		https://www.leonwang.cc/ielts-vocab/data-11.js?v=20260618-1
11	时尚潮流	7	vogue	/vəʊɡ/	n.	低频	流行		Platform shoes were in vogue during the 1970s disco era.	厚底鞋在20世纪70年代迪斯科时代风靡一时。	搭配：in vogue 流行的。	https://www.leonwang.cc/ielts-vocab/data-11.js?v=20260618-1
11	时尚潮流	8	prevail	/prɪˈveɪl/	v.	高频	盛行；获胜	prevalence n.流行，普遍存在；prevailing adj.盛行的	Although many new trends appear, classic styles still prevail in formal wear.	尽管许多新趋势出现，经典风格在正装中依然盛行。	搭配：prevail over/against 压倒，战胜。	https://www.leonwang.cc/ielts-vocab/data-11.js?v=20260618-1
11	时尚潮流	9	model	/ˈmɒdəl/	n.	核心	模型；模范；模特儿 v. 使模仿		She worked part-time as a fashion model while studying at university.	她上大学期间兼职做时装模特。		https://www.leonwang.cc/ielts-vocab/data-11.js?v=20260618-1
11	时尚潮流	10	icon	/ˈaɪkɒn/	n.	高频	偶像；图标		The actress became a style icon after wearing that striking gown at the awards ceremony.	这位女演员在颁奖典礼上穿了那件惊艳的礼服后，成了一名时尚偶像。		https://www.leonwang.cc/ielts-vocab/data-11.js?v=20260618-1
11	时尚潮流	11	idol	/ˈaɪdəl/	n.	高频	偶像，受到崇拜的人或物；神像		Many teenagers regard the singer as their idol and imitate his hairstyle.	许多青少年把这位歌手当作偶像，并模仿他的发型。		https://www.leonwang.cc/ielts-vocab/data-11.js?v=20260618-1
11	时尚潮流	12	luxury	/ˈlʌkʃəri/	n.	高频	奢侈；奢侈品	luxurious adj.奢侈的，豪华的	For many people, buying designer handbags is an unaffordable luxury.	对许多人来说，购买名牌手提包是一种负担不起的奢侈。		https://www.leonwang.cc/ielts-vocab/data-11.js?v=20260618-1
11	时尚潮流	13	extravagant	/ɪkˈstrævəɡənt/	adj.	低频	奢侈的；过分的		Her extravagant spending on jewellery eventually led to serious financial problems.	她在珠宝上的奢侈花费最终导致了严重的财务问题。		https://www.leonwang.cc/ielts-vocab/data-11.js?v=20260618-1
11	时尚潮流	14	jewellery	/ˈdʒuːəlri/	n.	高频	珠宝，首饰		The museum has a beautiful collection of ancient gold jewellery.	这家博物馆收藏了一批精美的古代金首饰。	同 jewelry。	https://www.leonwang.cc/ielts-vocab/data-11.js?v=20260618-1
11	时尚潮流	15	jewel	/ˈdʒuːəl/	n.	高频	宝石		The crown was decorated with precious jewels that sparkled in the light.	王冠上装饰着珍贵的宝石，在光线下闪闪发光。		https://www.leonwang.cc/ielts-vocab/data-11.js?v=20260618-1
11	时尚潮流	16	gem	/dʒem/	n.	低频	宝石；珍品	gene n.基因；germ n.细菌	She wore a necklace set with rare gems from around the world.	她戴了一条镶有来自世界各地的稀有宝石的项链。		https://www.leonwang.cc/ielts-vocab/data-11.js?v=20260618-1
11	时尚潮流	17	jade	/dʒeɪd/	n.	低频	玉石，翡翠		In Chinese culture, jade is believed to bring good luck and protect the wearer.	在中国文化中，玉被认为能带来好运并保护佩戴者。		https://www.leonwang.cc/ielts-vocab/data-11.js?v=20260618-1
11	时尚潮流	18	adorn	/əˈdɔːn/	v.	低频	装饰，装扮		She loves to adorn her hair with fresh flowers in the springtime.	春天的时候，她喜欢用鲜花装点自己的头发。		https://www.leonwang.cc/ielts-vocab/data-11.js?v=20260618-1
11	时尚潮流	19	ornament	/ˈɔːnəmənt/	n.	低频	装饰品 v. 装饰		The delicate silver ornaments on the bracelet were handcrafted by skilled artisans.	手镯上精致的银饰是由技艺娴熟的工匠手工制作的。		https://www.leonwang.cc/ielts-vocab/data-11.js?v=20260618-1
11	时尚潮流	20	embellish	/ɪmˈbelɪʃ/	v.	识记	修饰		The designer embellished the evening dress with tiny pearls and sequins.	设计师用小珍珠和亮片装饰了这件晚礼服。		https://www.leonwang.cc/ielts-vocab/data-11.js?v=20260618-1
11	时尚潮流	21	embroider	/ɪmˈbrɔɪdə/	v.	低频	对（故事等）加以渲染；在......上刺绣		Her grandmother taught her how to embroider flowers onto handkerchiefs.	她的祖母教她如何在手帕上绣花。		https://www.leonwang.cc/ielts-vocab/data-11.js?v=20260618-1
11	时尚潮流	22	hairdressing	/ˈheəˌdresɪŋ/	n.	识记	美发，理发		She completed a professional course in hairdressing and opened her own salon.	她修完了一门专业美发课程，并开了自己的发廊。		https://www.leonwang.cc/ielts-vocab/data-11.js?v=20260618-1
11	时尚潮流	23	pigment	/ˈpɪɡmənt/	n.	低频	色素；颜料		Natural pigments from plants were used to dye the fabric a deep blue colour.	从植物中提取的天然色素被用来把布料染成深蓝色。		https://www.leonwang.cc/ielts-vocab/data-11.js?v=20260618-1
11	时尚潮流	24	dye	/daɪ/	n.	高频	染料；（染上的）颜色 v. 染		She decided to dye her old white dress a bright shade of pink.	她决定把旧白裙子染成鲜艳的粉色。		https://www.leonwang.cc/ielts-vocab/data-11.js?v=20260618-1
11	时尚潮流	25	masquerade	/ˌmæskəˈreɪd/	n.	识记	化装舞会 v. 化装；假扮		Guests arrived at the masquerade in elaborate costumes and feathered masks.	宾客们身着精美服装，戴着羽毛面具来到了化装舞会。		https://www.leonwang.cc/ielts-vocab/data-11.js?v=20260618-1
11	时尚潮流	26	veil	/veɪl/	n.	低频	面纱；遮蔽物		The bride lifted her veil and smiled warmly at the groom.	新娘掀起面纱，对新郎温暖地微笑。		https://www.leonwang.cc/ielts-vocab/data-11.js?v=20260618-1
11	时尚潮流	27	costume	/ˈkɒstjuːm/	n.	高频	戏服；（某历史时期或某地的）服装		The actors wore traditional Chinese costumes for the historical drama.	演员们为这部历史剧穿上了中国传统服装。	搭配：a costume ball 化装舞会；cosplay。	https://www.leonwang.cc/ielts-vocab/data-11.js?v=20260618-1
11	时尚潮流	28	fascinate	/ˈfæsɪneɪt/	v.	高频	迷住	fascinating adj.迷人的	The intricate patterns on the silk scarf fascinated everyone at the exhibition.	丝巾上精致的图案迷住了展览上的每一个人。	搭配：be fascinated with 迷上。	https://www.leonwang.cc/ielts-vocab/data-11.js?v=20260618-1
11	时尚潮流	29	decent	/ˈdiːsənt/	adj.	高频	得体的；尚好的	indecent adj.下流的	For a job interview, it is best to wear a decent and professional outfit.	求职面试时，最好穿着一套得体而职业的服装。		https://www.leonwang.cc/ielts-vocab/data-11.js?v=20260618-1
11	时尚潮流	30	exquisite	/ɪkˈskwɪzɪt/	adj.	低频	精致的；雅致的	quist指“追求”	The bride wore an exquisite lace gown that took weeks to make.	新娘穿了一件精致的花边礼服，这件礼服花了几周时间制作。		https://www.leonwang.cc/ielts-vocab/data-11.js?v=20260618-1
11	时尚潮流	31	grace	/ɡreɪs/	n.	高频	优美，优雅	graceful adj.优雅的	The ballerina danced with such grace that the audience was completely captivated.	芭蕾舞女演员舞姿优美，让观众完全着了迷。		https://www.leonwang.cc/ielts-vocab/data-11.js?v=20260618-1
11	时尚潮流	32	elegance	/ˈelɪɡəns/	n.	高频	文雅，典雅	elegant adj.优雅的	The simplicity and elegance of her black dress impressed all the guests.	她那条黑裙的简洁与典雅给所有宾客留下了深刻印象。		https://www.leonwang.cc/ielts-vocab/data-11.js?v=20260618-1
11	时尚潮流	33	perfect	/ˈpɜːfɪkt/	adj.	核心	完美的	perfection n.完美	She spent hours looking for the perfect pair of shoes to match her new suit.	她花了数小时寻找配她新套装的那双完美鞋子。		https://www.leonwang.cc/ielts-vocab/data-11.js?v=20260618-1
11	时尚潮流	34	appearance	/əˈpɪərəns/	n.	核心	外貌；出现	appear v.出现	Although we should not judge by appearance, first impressions do matter in fashion.	虽然不应以貌取人，但在时尚界第一印象确实很重要。		https://www.leonwang.cc/ielts-vocab/data-11.js?v=20260618-1
11	时尚潮流	35	cosmetics	/kɒzˈmetɪks/	n.	高频	化妆品	cosm(o)来自希腊语kosmos，意为“装饰”或“世界”	The store sells a wide range of cosmetics, from lipstick to foundation.	这家商店出售从口红到粉底的各式化妆品。		https://www.leonwang.cc/ielts-vocab/data-11.js?v=20260618-1
11	时尚潮流	36	make-up	/ˈmeɪkʌp/	n.	核心	化妆品；组成成分；性格		She wears very little make-up, preferring a more natural look.	她几乎不化妆，更喜欢更自然的样子。		https://www.leonwang.cc/ielts-vocab/data-11.js?v=20260618-1
11	时尚潮流	37	handsome	/ˈhænsəm/	adj.	核心	数量大的；英俊的		The actor looked exceptionally handsome in his tailored suit at the premiere.	这位演员在首映式上穿着定制西装，显得格外英俊。		https://www.leonwang.cc/ielts-vocab/data-11.js?v=20260618-1
11	时尚潮流	38	charming	/ˈtʃɑːmɪŋ/	adj.	高频	迷人的		She has a charming smile that lights up any room she enters.	她有着迷人的微笑，走进任何房间都能让房间一亮。	搭配：Prince Charming 白马王子。	https://www.leonwang.cc/ielts-vocab/data-11.js?v=20260618-1
11	时尚潮流	39	pretty	/ˈprɪti/	adj.	核心	漂亮的 adv. 相当地		She wore a pretty floral dress to the garden party.	她穿了一条漂亮的碎花连衣裙去参加花园聚会。		https://www.leonwang.cc/ielts-vocab/data-11.js?v=20260618-1
11	时尚潮流	40	beautiful	/ˈbjuːtɪfəl/	adj.	核心	美丽的		The sunset created a beautiful backdrop for the outdoor fashion show.	落日为户外时装秀提供了一个美丽的背景。		https://www.leonwang.cc/ielts-vocab/data-11.js?v=20260618-1
11	时尚潮流	41	ugly	/ˈʌɡli/	adj.	核心	丑陋的		She thought the oversized jacket looked ugly, but it became a surprising trend.	她认为那件超大号夹克很难看，但它却出人意料地成了一种潮流。		https://www.leonwang.cc/ielts-vocab/data-11.js?v=20260618-1
11	时尚潮流	42	dress	/dres/	n.	核心	衣服；连衣裙		She bought a long silk dress for the formal dinner party.	她为正式的晚宴买了一条丝绸长裙。		https://www.leonwang.cc/ielts-vocab/data-11.js?v=20260618-1
11	时尚潮流	43	clothe	/kləʊð/	v.	低频	给......穿衣；为......提供衣服	clothes n.衣服；clothing n.衣服	Parents work hard to feed and clothe their children and give them a good education.	父母努力工作，为孩子们提供衣食和良好的教育。		https://www.leonwang.cc/ielts-vocab/data-11.js?v=20260618-1
11	时尚潮流	44	uniform	/ˈjuːnɪfɔːm/	n.	核心	制服 adj. 一致的	uni（单一）+ form（形状）	The students wear a blue and white uniform to school every day.	学生们每天穿着蓝白相间的校服上学。		https://www.leonwang.cc/ielts-vocab/data-11.js?v=20260618-1
11	时尚潮流	45	purse	/pɜːs/	n.	核心	[尤英]钱包；[美]小手提包		She took a lipstick and a small mirror out of her purse.	她从手提包里拿出一支口红和一面小镜子。		https://www.leonwang.cc/ielts-vocab/data-11.js?v=20260618-1
11	时尚潮流	46	wallet	/ˈwɒlɪt/	n.	核心	钱包，皮夹子		He keeps his credit cards and cash in a brown leather wallet.	他把信用卡和现金放在一个棕色皮夹子里。		https://www.leonwang.cc/ielts-vocab/data-11.js?v=20260618-1
11	时尚潮流	47	vest	/vest/	n.	低频	[英]汗衫；[美]西装背心		He wore a grey vest under his jacket for extra warmth.	他在夹克里面穿了一件灰色汗衫以保暖。		https://www.leonwang.cc/ielts-vocab/data-11.js?v=20260618-1
11	时尚潮流	48	wrap	/ræp/	n.	低频	披肩		She draped a soft wool wrap around her shoulders on the cool evening.	在凉爽的夜晚，她把一条柔软的羊毛披肩披在肩上。		https://www.leonwang.cc/ielts-vocab/data-11.js?v=20260618-1
11	时尚潮流	49	cloak	/kləʊk/	n.	低频	斗篷；覆盖物		The mysterious figure wore a long black cloak that hid his face.	那个神秘人物穿着一件长长的黑斗篷，遮住了脸。		https://www.leonwang.cc/ielts-vocab/data-11.js?v=20260618-1
11	时尚潮流	50	collar	/ˈkɒlə/	n.	高频	衣领；项圈		He turned up his coat collar to protect his neck from the cold wind.	他把衣领竖起来，保护脖子不受寒风侵袭。		https://www.leonwang.cc/ielts-vocab/data-11.js?v=20260618-1
11	时尚潮流	51	sleeve	/sliːv/	n.	高频	袖子		She rolled up her sleeves and began to wash the dishes.	她卷起袖子，开始洗碗。		https://www.leonwang.cc/ielts-vocab/data-11.js?v=20260618-1
11	时尚潮流	52	sock	/sɒk/	n.	核心	短袜		He found a hole in his sock and quickly changed into a new pair.	他发现袜子上有个洞，赶紧换了一双新的。		https://www.leonwang.cc/ielts-vocab/data-11.js?v=20260618-1
11	时尚潮流	53	stocking	/ˈstɒkɪŋ/	n.	低频	（女式）长筒袜		She wore a pair of black stockings to complete her elegant outfit.	她穿了一双黑色长筒袜来搭配她的优雅装扮。		https://www.leonwang.cc/ielts-vocab/data-11.js?v=20260618-1
11	时尚潮流	54	slipper	/ˈslɪpə/	n.	核心	拖鞋		After a long day, she put on her cosy slippers and relaxed on the sofa.	漫长的一天过后，她穿上舒适的拖鞋，在沙发上放松。		https://www.leonwang.cc/ielts-vocab/data-11.js?v=20260618-1
11	时尚潮流	55	boot	/buːt/	n.	核心	靴子		She wore a pair of brown leather boots that reached just below her knees.	她穿了一双刚到膝盖下方的棕色皮靴。		https://www.leonwang.cc/ielts-vocab/data-11.js?v=20260618-1
11	时尚潮流	56	lace	/leɪs/	n.	高频	鞋带；花边		The wedding dress was trimmed with delicate white lace.	婚纱上镶着精致的白色花边。		https://www.leonwang.cc/ielts-vocab/data-11.js?v=20260618-1
11	时尚潮流	57	tailor	/ˈteɪlə/	n.	高频	裁缝 v. 专门制作		The tailor measured his chest and arms carefully to make the suit fit perfectly.	裁缝仔细量了他的胸围和臂长，以使西装完美合身。		https://www.leonwang.cc/ielts-vocab/data-11.js?v=20260618-1
11	时尚潮流	58	sew	/səʊ/	v.	高频	缝制，缝补		She learned to sew buttons and mend small tears in her clothing.	她学会了缝扣子和修补衣服上的小裂口。		https://www.leonwang.cc/ielts-vocab/data-11.js?v=20260618-1
11	时尚潮流	59	spin	/spɪn/	v.	低频	纺；（使）旋转 n. 高速旋转；（乘车）兜风		In the past, women would spin wool into thread to make clothes for the family.	过去，妇女把羊毛纺成线，为家人做衣服。		https://www.leonwang.cc/ielts-vocab/data-11.js?v=20260618-1
11	时尚潮流	60	stitch	/stɪtʃ/	n.	低频	针脚 v. 缝		She carefully made small stitches to repair the tear in her favourite skirt.	她小心翼翼地用细密的针脚修补她最喜欢的那条裙子上的裂口。		https://www.leonwang.cc/ielts-vocab/data-11.js?v=20260618-1
11	时尚潮流	61	needle	/ˈniːdl/	n.	高频	针		Threading a needle requires steady hands and good eyesight.	穿针需要手稳和好眼力。	搭配：thread a needle 穿针。	https://www.leonwang.cc/ielts-vocab/data-11.js?v=20260618-1
11	时尚潮流	62	pin	/pɪn/	n.	高频	别针，大头针 v. 别住，钉住		She used a decorative pin to fasten the scarf around her neck.	她用一枚装饰别针把围巾别在脖子上。		https://www.leonwang.cc/ielts-vocab/data-11.js?v=20260618-1
11	时尚潮流	63	string	/strɪŋ/	n.	核心	线；一串		She tied the package with a piece of red string and added a small card.	她用一根红线系好包裹，并附了一张小卡片。		https://www.leonwang.cc/ielts-vocab/data-11.js?v=20260618-1
11	时尚潮流	64	thread	/θred/	n.	高频	线；螺纹		The tailor matched the thread exactly to the colour of the fabric.	裁缝把线和布料的颜色配得完全一致。		https://www.leonwang.cc/ielts-vocab/data-11.js?v=20260618-1
11	时尚潮流	65	strap	/stræp/	n.	高频	带子 v. 用带子系（或捆、扎）		She adjusted the strap of her handbag so it hung comfortably over her shoulder.	她调了调手提包的带子，让它舒适地挂在肩上。		https://www.leonwang.cc/ielts-vocab/data-11.js?v=20260618-1
11	时尚潮流	66	stripe	/straɪp/	n.	高频	条纹		He wore a navy blue suit with fine white stripes on his wedding day.	他在婚礼上穿了一套带有白色细条纹的海军蓝西装。		https://www.leonwang.cc/ielts-vocab/data-11.js?v=20260618-1
11	时尚潮流	67	ribbon	/ˈrɪbən/	n.	低频	缎带，丝带		She tied a pink ribbon around the gift box to make it look more festive.	她在礼盒上系了一条粉色丝带，使它看起来更有节日气氛。		https://www.leonwang.cc/ielts-vocab/data-11.js?v=20260618-1
11	时尚潮流	68	belt	/belt/	n.	核心	腰带，皮带；地带，地区		He tightened his belt a notch after losing weight.	他减肥后把腰带收紧了一个扣眼。	搭配：fasten/loosen a belt。	https://www.leonwang.cc/ielts-vocab/data-11.js?v=20260618-1
11	时尚潮流	69	chain	/tʃeɪn/	n.	高频	链子，链条		She wore a delicate gold chain with a small heart pendant.	她戴了一条精致的金链子，配有一个心形小吊坠。		https://www.leonwang.cc/ielts-vocab/data-11.js?v=20260618-1
11	时尚潮流	70	bracelet	/ˈbreɪslɪt/	n.	高频	手镯		Her bracelet is made of silver and decorated with tiny turquoise stones.	她的手镯是银制的，装饰着小颗绿松石。		https://www.leonwang.cc/ielts-vocab/data-11.js?v=20260618-1
11	时尚潮流	71	necklace	/ˈneklɪs/	n.	高频	项链		The pearl necklace she wore added a touch of classic elegance to her look.	她戴的珍珠项链为她的装扮增添了一丝经典优雅。		https://www.leonwang.cc/ielts-vocab/data-11.js?v=20260618-1
11	时尚潮流	72	bead	/biːd/	n.	低频	珠子；（液体的）小滴 v. 形成珠状	词源：来自古英语“祈祷”，后演变为“念珠”	She threaded colourful beads onto a string to make a handmade bracelet.	她把彩色珠子穿到绳子上，做成一串手工手链。		https://www.leonwang.cc/ielts-vocab/data-11.js?v=20260618-1
11	时尚潮流	73	textile	/ˈtekstaɪl/	n.	高频	纺织品 adj. 纺织的		The region is famous for producing high-quality textiles such as silk and wool.	该地区以生产丝绸和羊毛等优质纺织品而闻名。		https://www.leonwang.cc/ielts-vocab/data-11.js?v=20260618-1
11	时尚潮流	74	velvet	/ˈvelvɪt/	n.	低频	丝绒，天鹅绒		She chose a dark red velvet cushion to match the curtains.	她选了一个深红色的天鹅绒靠垫来搭配窗帘。		https://www.leonwang.cc/ielts-vocab/data-11.js?v=20260618-1
11	时尚潮流	75	wool	/wʊl/	n.	高频	（羊等的）毛；毛线	woollen adj.羊毛的	This sweater is made of pure wool and is very warm in winter.	这件毛衣是纯羊毛制成的，冬天穿起来非常暖和。		https://www.leonwang.cc/ielts-vocab/data-11.js?v=20260618-1
11	时尚潮流	76	patch	/pætʃ/	n.	低频	补丁；（与周围不同的）小片 v. 补缀	patchwork n.拼布工艺；混杂物	She sewed a decorative patch onto her jeans to cover the worn-out area.	她在牛仔裤上缝了一个装饰补丁来遮盖磨损的地方。		https://www.leonwang.cc/ielts-vocab/data-11.js?v=20260618-1
11	时尚潮流	77	rag	/ræɡ/	n.	低频	破布	ragged adj.破旧的	He wiped his hands on an old rag after fixing the bicycle chain.	他修完自行车链后，在一块旧破布上擦了擦手。		https://www.leonwang.cc/ielts-vocab/data-11.js?v=20260618-1
11	时尚潮流	78	shabby	/ˈʃæbi/	adj.	低频	破旧的；衣衫褴褛的		Despite his shabby coat, he walked into the job interview with great confidence.	尽管外套破旧，他仍满怀信心地走进了求职面试。		https://www.leonwang.cc/ielts-vocab/data-11.js?v=20260618-1
11	时尚潮流	79	tight	/taɪt/	adj.	核心	紧的	tighten v.（使）变紧	The jeans were too tight around the waist, so she exchanged them for a larger size.	这条牛仔裤腰部太紧，所以她换了条大一号的。		https://www.leonwang.cc/ielts-vocab/data-11.js?v=20260618-1
11	时尚潮流	80	colour	/ˈkʌlə/	n.	核心	颜色；颜料	colourful adj.富于色彩的	The designer used bright colours to create a joyful and youthful collection.	设计师用明亮的色彩创造了一个充满欢乐和年轻气息的系列。	美式拼写 color。	https://www.leonwang.cc/ielts-vocab/data-11.js?v=20260618-1
11	时尚潮流	81	white	/waɪt/	adj.	核心	白的 n. 白色	whitewash v.粉刷	She wore a simple white shirt with blue jeans for a casual look.	她穿了一件简单的白衬衫搭配蓝色牛仔裤，打造休闲风。		https://www.leonwang.cc/ielts-vocab/data-11.js?v=20260618-1
11	时尚潮流	82	yellow	/ˈjeləʊ/	adj.	核心	黄的 n. 黄色		The bright yellow scarf added a pop of colour to her dark winter coat.	亮黄色的围巾给她深色的冬装增添了一抹亮色。		https://www.leonwang.cc/ielts-vocab/data-11.js?v=20260618-1
11	时尚潮流	83	brown	/braʊn/	adj.	核心	褐色的 n. 褐色		He prefers brown shoes over black ones for a more casual style.	他更喜欢棕色鞋子而不是黑色，以打造更休闲的风格。		https://www.leonwang.cc/ielts-vocab/data-11.js?v=20260618-1
11	时尚潮流	84	grey	/ɡreɪ/	adj.	核心	灰色的 n. 灰色		Grey suits are a popular choice for business attire because they look professional.	灰色西装是商务装的热门选择，因为看起来专业。	美式拼写 gray。	https://www.leonwang.cc/ielts-vocab/data-11.js?v=20260618-1
11	时尚潮流	85	pink	/pɪŋk/	adj.	核心	粉红色的 n. 粉红色		The baby girl wore a cute pink dress with small white flowers.	小女婴穿着一件带有白色小花的可爱粉红连衣裙。	搭配：in the pink 容光焕发。	https://www.leonwang.cc/ielts-vocab/data-11.js?v=20260618-1
11	时尚潮流	86	purple	/ˈpɜːpəl/	adj.	核心	紫的 n. 紫色		In ancient times, purple dye was precious and only worn by royalty.	在古代，紫色染料十分珍贵，只有皇室才能穿着。		https://www.leonwang.cc/ielts-vocab/data-11.js?v=20260618-1
11	时尚潮流	87	tan	/tæn/	adj.	低频	棕黄色的 n. 棕黄色；晒成的棕褐色		After the summer holiday, she returned with a healthy tan.	暑假过后，她带着健康的棕褐色皮肤回来了。		https://www.leonwang.cc/ielts-vocab/data-11.js?v=20260618-1
11	时尚潮流	88	fade	/feɪd/	v.	高频	逐渐消失；（使）褪色		If you wash dark clothes in hot water, the colour may fade quickly.	如果用热水洗深色衣服，颜色可能会很快褪去。	搭配：fade away 衰弱；病重死亡。	https://www.leonwang.cc/ielts-vocab/data-11.js?v=20260618-1
11	时尚潮流	89	stain	/steɪn/	v.	高频	染污 n. 污渍	stainless adj.无瑕疵的；不锈钢制的	Red wine spilled on the tablecloth and left a deep red stain.	红酒洒在桌布上，留下了一块深红色的污渍。		https://www.leonwang.cc/ielts-vocab/data-11.js?v=20260618-1
11	时尚潮流	90	blot	/blɒt/	n.	识记	污点		An ink blot on the white shirt was impossible to remove completely.	白衬衫上的墨水污点几乎不可能完全清除。		https://www.leonwang.cc/ielts-vocab/data-11.js?v=20260618-1
11	时尚潮流	91	figure	/ˈfɪɡə/	n.	核心	身材；身影；重要人物；数字 v. 认为		Regular exercise helps her maintain a slim and healthy figure.	经常锻炼帮助她保持苗条健康的身材。	搭配：figure out 理解，弄明白。描述身材：slender/slim figure 苗条；hourglass figure 沙漏身材。	https://www.leonwang.cc/ielts-vocab/data-11.js?v=20260618-1
12	饮食健康	1	food		n.	核心	食物		A balanced diet includes food from all the major groups.	均衡的饮食包括所有主要类别的食物。	foodie n. 美食家，吃货	https://www.leonwang.cc/ielts-vocab/data-12.js?v=20260618-1
12	饮食健康	2	diet	/daiot/	n.	核心	日常饮食；（医生指定的）特别饮食；节食		She decided to go on a diet to improve her overall health.	她决定进行节食以改善整体健康状况。	dietary adj. 饮食的；搭配：on a diet 进行节食	https://www.leonwang.cc/ielts-vocab/data-12.js?v=20260618-1
12	饮食健康	3	appetite	/'eptat/	n.	核心	食欲；强烈欲望	pet = 寻求 → appetite 食欲, appetiser 开胃小吃, compete 竞争	The long hike gave everyone a healthy appetite for dinner.	长途徒步让大家晚餐时胃口大开。	搭配：have a bad appetite 没有食欲	https://www.leonwang.cc/ielts-vocab/data-12.js?v=20260618-1
12	饮食健康	4	treat	/tri:t/	v.	核心	请（客）；对待；治疗 n. 款待		He offered to treat his friends to a meal at a new restaurant.	他主动请朋友们去一家新餐馆吃饭。	treatment n. 对待；处理；治疗	https://www.leonwang.cc/ielts-vocab/data-12.js?v=20260618-1
12	饮食健康	5	cater	/ket/	v.	高频	为......提供饮食；满足......的需要		The hotel caters for weddings and corporate events throughout the year.	这家酒店全年为婚礼和公司活动提供餐饮服务。	搭配：cater to/for 满足……的需要，迎合	https://www.leonwang.cc/ielts-vocab/data-12.js?v=20260618-1
12	饮食健康	6	provision	/pra'visn/	n.	高频	供应；预备；[~s] 食品供应		The government is responsible for the provision of clean drinking water.	政府负责提供清洁的饮用水。		https://www.leonwang.cc/ielts-vocab/data-12.js?v=20260618-1
12	饮食健康	7	edible	/edbl/	adj.	高频	可以吃的		Not all wild mushrooms are edible; some can be poisonous.	并非所有野生蘑菇都可以食用，有些可能有毒。	inedible adj. 不宜食用的；后缀 -ible 表示“能……的”	https://www.leonwang.cc/ielts-vocab/data-12.js?v=20260618-1
12	饮食健康	8	recipe	/resipi/	n.	核心	食谱；秘诀		She followed the recipe carefully to bake her first cake.	她仔细按照食谱烘烤了她的第一个蛋糕。		https://www.leonwang.cc/ielts-vocab/data-12.js?v=20260618-1
12	饮食健康	9	restaurant	/restornt/	n.	核心	餐馆		They chose a small Italian restaurant for their anniversary dinner.	他们选了一家小小的意大利餐馆庆祝周年晚餐。		https://www.leonwang.cc/ielts-vocab/data-12.js?v=20260618-1
12	饮食健康	10	refectory	/ri'fektari/	n.	低频	（学校或其他机构的）食堂，餐厅		Students gathered in the refectory for a hot lunch during the break.	休息时学生们聚集在食堂吃热腾腾的午餐。		https://www.leonwang.cc/ielts-vocab/data-12.js?v=20260618-1
12	饮食健康	11	bar	/ba:/	n.	核心	酒吧；吧台		They sat at the bar and ordered a couple of cocktails.	他们坐在吧台边，点了两杯鸡尾酒。		https://www.leonwang.cc/ielts-vocab/data-12.js?v=20260618-1
12	饮食健康	12	cafeteria	/kefs'torai/	n.	核心	自助餐厅		The office cafeteria offers a good selection of salads and hot meals.	办公室的自助餐厅提供多种沙拉和热餐供选择。		https://www.leonwang.cc/ielts-vocab/data-12.js?v=20260618-1
12	饮食健康	13	buffet	/bufet/	n.	高频	自助餐		The hotel breakfast buffet includes both Asian and Western options.	酒店的自助早餐包括亚洲和西式两种选择。		https://www.leonwang.cc/ielts-vocab/data-12.js?v=20260618-1
12	饮食健康	14	barbecue	/ba:bi:ku:/	n.	高频	烧烤野餐；烤架 v. 烧烤		We invited a few friends over for a barbecue in the backyard.	我们邀请了几个朋友来后院烧烤。	也可写作 barbeque 或 BBQ	https://www.leonwang.cc/ielts-vocab/data-12.js?v=20260618-1
12	饮食健康	15	supper	/'sapə/	n.	核心	晚餐		After the long walk, a light supper of soup and bread was perfect.	长途步行后，喝点汤吃点面包的简单晚餐简直完美。	breakfast 早餐；lunch 午餐；brunch 早午餐；dinner 正餐	https://www.leonwang.cc/ielts-vocab/data-12.js?v=20260618-1
12	饮食健康	16	banquet	/baenkwi/	n.	低频	宴会		The wedding banquet featured a ten-course meal for over 300 guests.	婚宴为300多位宾客提供了十道菜的宴席。		https://www.leonwang.cc/ielts-vocab/data-12.js?v=20260618-1
12	饮食健康	17	refreshment	/ri'frejmant/	n.	高频	[~s] 茶点，点心		Light refreshments will be served during the meeting at three o'clock.	会议期间的三点钟将提供简单的茶点。		https://www.leonwang.cc/ielts-vocab/data-12.js?v=20260618-1
12	饮食健康	18	snack	/snak/	n.	核心	快餐，小吃，零食		I always keep some healthy snacks in my bag for emergencies.	我总是在包里放一些健康零食以备不时之需。		https://www.leonwang.cc/ielts-vocab/data-12.js?v=20260618-1
12	饮食健康	19	appetiser	/'æpɪtɪzə/	n.	高频	开胃饮料，开胃小吃	pet = 寻求 → 刺激食欲的食物	We ordered a selection of appetisers to share before the main course.	我们点了几样开胃小吃在主菜前一起分享。	也作 appetizer	https://www.leonwang.cc/ielts-vocab/data-12.js?v=20260618-1
12	饮食健康	20	cuisine	/kwi'zi:n/	n.	核心	菜肴；烹饪		French cuisine is famous for its rich sauces and elegant presentation.	法国菜以浓郁的酱汁和精致的摆盘而闻名。		https://www.leonwang.cc/ielts-vocab/data-12.js?v=20260618-1
12	饮食健康	21	menu	/menju/	n.	核心	菜单		The waiter handed us the menu and recommended the local specialities.	服务员递给我们菜单，并推荐了当地特色菜。		https://www.leonwang.cc/ielts-vocab/data-12.js?v=20260618-1
12	饮食健康	22	order	/o:də/	n.	核心	订单；点的餐 v. 点（酒菜等）		He looked at the menu for a long time before placing his order.	他看着菜单看了很久才下单点菜。		https://www.leonwang.cc/ielts-vocab/data-12.js?v=20260618-1
12	饮食健康	23	takeaway	/'teikəwe/	n.	高频	[英] 外卖餐馆，外卖食物		I don't feel like cooking tonight; let's get a takeaway instead.	今晚我不想做饭，我们叫份外卖吧。	Eat-in or takeaway? 店内吃或带走？	https://www.leonwang.cc/ielts-vocab/data-12.js?v=20260618-1
12	饮食健康	24	chef	/fe/	n.	核心	厨师		The chef prepared a special dish for the guests celebrating their anniversary.	厨师为庆祝结婚纪念日的客人准备了一道特别的菜肴。	chief n. 首领，头目 adj. 主要的	https://www.leonwang.cc/ielts-vocab/data-12.js?v=20260618-1
12	饮食健康	25	gourmet	/'goumei/	n.	低频	美食家 adj. 美味佳肴的		As a true gourmet, he travels the world searching for new culinary experiences.	作为一名真正的美食家，他周游世界寻找新的美食体验。	搭配：gourmet food 美味佳肴	https://www.leonwang.cc/ielts-vocab/data-12.js?v=20260618-1
12	饮食健康	26	vegetarian	/vedʒ'tearian/	n.	核心	素食者 adj. 素食的；无肉的	vegetable + arian → 素食主义者	Many restaurants now offer a wide range of vegetarian dishes on the menu.	现在许多餐馆的菜单上都提供多种素食菜肴。		https://www.leonwang.cc/ielts-vocab/data-12.js?v=20260618-1
12	饮食健康	27	cutlery	/kʌtɪləri/	n.	高频	餐具；刀具		Please set the table with plates, glasses, and cutlery for four people.	请在桌上摆上四人份的盘子、杯子和餐具。		https://www.leonwang.cc/ielts-vocab/data-12.js?v=20260618-1
12	饮食健康	28	silver	/'silva/	n.	核心	银；银器 adj. 银的；银色的		She wore a beautiful silver bracelet that matched her necklace.	她戴着一个漂亮的银手镯，和项链很相配。		https://www.leonwang.cc/ielts-vocab/data-12.js?v=20260618-1
12	饮食健康	29	ceramic	/sə'kraemik/	adj.	低频	陶瓷的 n. 陶瓷制品		The museum has a special exhibition of ancient Chinese ceramic art.	博物馆有一个中国古代陶瓷艺术的特展。		https://www.leonwang.cc/ielts-vocab/data-12.js?v=20260618-1
12	饮食健康	30	porcelain	/'pə:slən/	n.	低频	瓷器；瓷		This delicate porcelain cup was made by hand over a hundred years ago.	这只精致的瓷杯是一百多年前手工制作的。		https://www.leonwang.cc/ielts-vocab/data-12.js?v=20260618-1
12	饮食健康	31	bowl	/bəul/	n.	核心	碗		He ate a bowl of steaming noodles for a quick and satisfying lunch.	他吃了一碗热气腾腾的面条，作为简单又满足的午餐。	搭配：a fish bowl 鱼缸	https://www.leonwang.cc/ielts-vocab/data-12.js?v=20260618-1
12	饮食健康	32	dish	/dɪʃ/	n.	核心	碟；菜肴		The chef's signature dish is a grilled fish with lemon and herbs.	厨师的招牌菜是一道配柠檬和香草的烤鱼。		https://www.leonwang.cc/ielts-vocab/data-12.js?v=20260618-1
12	饮食健康	33	saucer	/'sə:sə/	n.	高频	茶托，茶碟		Please place the cup carefully on the saucer to avoid spilling.	请小心地把杯子放在茶托上，以免弄洒。		https://www.leonwang.cc/ielts-vocab/data-12.js?v=20260618-1
12	饮食健康	34	tray	/treɪ/	n.	核心	盘，托盘		The flight attendant came down the aisle with a tray of drinks.	乘务员端着一托盘的饮料沿着通道走了过来。		https://www.leonwang.cc/ielts-vocab/data-12.js?v=20260618-1
12	饮食健康	35	fork	/fɔk/	n.	核心	餐叉；分岔处		In Western dining, the fork is typically held in the left hand.	在西餐中，餐叉通常用左手拿。		https://www.leonwang.cc/ielts-vocab/data-12.js?v=20260618-1
12	饮食健康	36	knife	/naɪf/	n.	核心	刀		She used a sharp knife to cut the vegetables into thin slices.	她用一把锋利的刀把蔬菜切成薄片。		https://www.leonwang.cc/ielts-vocab/data-12.js?v=20260618-1
12	饮食健康	37	spoon	/spuːn/	n.	核心	匙，调羹		Stir the soup slowly with a wooden spoon to mix the ingredients well.	用木勺慢慢搅动汤，让各种食材混合均匀。	spoonful n. 一匙（的量）	https://www.leonwang.cc/ielts-vocab/data-12.js?v=20260618-1
12	饮食健康	38	glass	/glas/	n.	核心	玻璃；玻璃杯		He poured himself a glass of cold water from the jug.	他从水罐里给自己倒了一杯凉水。		https://www.leonwang.cc/ielts-vocab/data-12.js?v=20260618-1
12	饮食健康	39	mug	/mʌɡ/	n.	核心	大杯，马克杯		She started each day with a hot mug of coffee and a newspaper.	她用一大杯热咖啡和一份报纸开启每一天。		https://www.leonwang.cc/ielts-vocab/data-12.js?v=20260618-1
12	饮食健康	40	kettle	/'kɛtl/	n.	核心	水壶；[美]锅		The electric kettle automatically switches off when the water boils.	电水壶在水烧开时会自动关闭。	搭配：a different kettle of fish 截然不同的人；另一码事	https://www.leonwang.cc/ielts-vocab/data-12.js?v=20260618-1
12	饮食健康	41	pan	/pæn/	n.	核心	平底锅；[美]烤盘		Heat a little oil in a frying pan before adding the eggs.	在煎锅里热一点油，然后再打入鸡蛋。	pancake n. 烙饼，薄饼	https://www.leonwang.cc/ielts-vocab/data-12.js?v=20260618-1
12	饮食健康	42	pot	/pɒt/	n.	核心	锅；壶		She put a large pot of water on the stove to cook the pasta.	她把一大锅水放在炉子上来煮意大利面。		https://www.leonwang.cc/ielts-vocab/data-12.js?v=20260618-1
12	饮食健康	43	stove	/stəʊv/	n.	核心	炉子		The kitchen is equipped with a gas stove and a large refrigerator.	厨房配有一个燃气炉和一个大冰箱。		https://www.leonwang.cc/ielts-vocab/data-12.js?v=20260618-1
12	饮食健康	44	oven	/'ʌvən/	n.	核心	烤炉，烤箱		Bake the bread in a preheated oven for about twenty minutes.	在预热好的烤箱里把面包烤大约二十分钟。	搭配：a microwave oven 微波炉	https://www.leonwang.cc/ielts-vocab/data-12.js?v=20260618-1
12	饮食健康	45	tin	/tin/	n.	核心	锡；罐头		He opened a tin of beans and heated them up in a small pan.	他开了一罐豆子，放到一个小平底锅里加热。		https://www.leonwang.cc/ielts-vocab/data-12.js?v=20260618-1
12	饮食健康	46	lid	/lid/	n.	核心	盖子		Put the lid on the pot to keep the soup warm while you set the table.	给锅盖上盖子以保持汤温热，同时你去摆桌子。		https://www.leonwang.cc/ielts-vocab/data-12.js?v=20260618-1
12	饮食健康	47	drink	/drink/	v.	核心	饮，喝；喝酒 n. 饮料		It is important to drink plenty of water during hot summer days.	在炎热的夏天，多喝水很重要。		https://www.leonwang.cc/ielts-vocab/data-12.js?v=20260618-1
12	饮食健康	48	beverage	/bevərdʒ/	n.	高频	（水以外的）饮料		The conference fee includes lunch and two non-alcoholic beverages.	会议费包括午餐和两杯无酒精饮料。	搭配：alcoholic beverage 酒精饮料	https://www.leonwang.cc/ielts-vocab/data-12.js?v=20260618-1
12	饮食健康	49	juice	/dʒu:s/	n.	核心	果汁，菜汁		A glass of freshly squeezed orange juice is an excellent way to start the day.	一杯鲜榨橙汁是开启新一天的绝佳方式。		https://www.leonwang.cc/ielts-vocab/data-12.js?v=20260618-1
12	饮食健康	50	soda	/səudə/	n.	高频	无水碳酸钠；苏打水；[美]汽水		She asked for a soda with ice and a slice of lemon.	她要了一杯加冰和一片柠檬的苏打水。		https://www.leonwang.cc/ielts-vocab/data-12.js?v=20260618-1
12	饮食健康	51	coffee	/kəfi/	n.	核心	咖啡		He can't start working in the morning without a cup of strong coffee.	他早上不喝一杯浓咖啡就无法开始工作。		https://www.leonwang.cc/ielts-vocab/data-12.js?v=20260618-1
12	饮食健康	52	alcohol	/'ælkəhɔl/	n.	核心	酒精，乙醇；酒		Doctors warn that too much alcohol can seriously damage the liver.	医生警告说，过量饮酒会严重损害肝脏。	alcoholic adj. 酒精的 n. 酗酒者	https://www.leonwang.cc/ielts-vocab/data-12.js?v=20260618-1
12	饮食健康	53	liquor	/'likə/	n.	高频	烈性酒		The shop is licensed to sell beer and liquor to customers over 18.	这家店获准向18岁以上的顾客出售啤酒和烈酒。		https://www.leonwang.cc/ielts-vocab/data-12.js?v=20260618-1
12	饮食健康	54	whisky	/'wisk/	n.	高频	威士忌酒		He ordered a glass of whisky on the rocks while waiting for his friend.	他在等朋友时点了一杯加冰的威士忌。	也作 whiskey	https://www.leonwang.cc/ielts-vocab/data-12.js?v=20260618-1
12	饮食健康	55	brandy	/'brændi/	n.	低频	白兰地酒		After dinner, they enjoyed a small glass of brandy in the lounge.	晚餐后，他们在休息室里享用了一小杯白兰地。		https://www.leonwang.cc/ielts-vocab/data-12.js?v=20260618-1
12	饮食健康	56	drunk	/drʌŋk/	adj.	核心	醉的		It is illegal to drive a vehicle while drunk in most countries.	在大多数国家，醉酒驾驶车辆是违法的。		https://www.leonwang.cc/ielts-vocab/data-12.js?v=20260618-1
12	饮食健康	57	bean	/bi:n/	n.	核心	豆		Beans are an excellent source of protein for people on a vegetarian diet.	豆类是素食者获取蛋白质的极佳来源。		https://www.leonwang.cc/ielts-vocab/data-12.js?v=20260618-1
12	饮食健康	58	cucumber	/kju:kAmba/	n.	核心	黄瓜		Sliced cucumber with a little salt makes a refreshing summer snack.	黄瓜片加少许盐便是一份清爽的夏日小吃。		https://www.leonwang.cc/ielts-vocab/data-12.js?v=20260618-1
12	饮食健康	59	tobacco	/ta'bakau/	n.	高频	烟草		The use of tobacco products is banned in many public places worldwide.	世界范围内许多公共场所禁止使用烟草制品。		https://www.leonwang.cc/ielts-vocab/data-12.js?v=20260618-1
12	饮食健康	60	cigarette	/sigaret/	n.	核心	香烟		He decided to quit smoking cigarettes after his doctor's warning.	在医生的警告后，他决定戒烟。	cigar n. 雪茄烟	https://www.leonwang.cc/ielts-vocab/data-12.js?v=20260618-1
12	饮食健康	61	sober	/sauba/	adj.	高频	清醒的；头脑清醒的 v.（使）醒酒		After the accident, he remained sober and calmly called for help.	事故发生后，他保持清醒并冷静地呼救。	搭配：sober up（使）醒酒	https://www.leonwang.cc/ielts-vocab/data-12.js?v=20260618-1
12	饮食健康	62	vegetable	/vedstabl/	n.	核心	蔬菜		Children are often encouraged to eat more green vegetables from an early age.	人们常常鼓励儿童从小就多吃绿色蔬菜。		https://www.leonwang.cc/ielts-vocab/data-12.js?v=20260618-1
12	饮食健康	63	tomato	/ta'mato/	n.	核心	番茄		This sauce is made from fresh tomatoes, basil, and olive oil.	这种酱汁是由新鲜番茄、罗勒和橄榄油制成的。		https://www.leonwang.cc/ielts-vocab/data-12.js?v=20260618-1
12	饮食健康	64	potato	/pa'letau/	n.	核心	马铃薯		Baked potato with butter and herbs is a simple but delicious side dish.	配黄油和香草的烤土豆是一道简单却美味的配菜。		https://www.leonwang.cc/ielts-vocab/data-12.js?v=20260618-1
12	饮食健康	65	pea	/pi:/	n.	核心	豌豆		Stir the peas into the rice just before serving for a touch of colour.	上桌前把豌豆拌入米饭中，增添一点色彩。		https://www.leonwang.cc/ielts-vocab/data-12.js?v=20260618-1
12	饮食健康	66	cabbage	/kabrdʒ/	n.	高频	洋白菜，卷心菜，甘蓝	cap = 头 → cabbage 卷成一个头（球）	Cabbage soup is a common dish in many Eastern European countries.	卷心菜汤在许多东欧国家是一道常见的菜肴。		https://www.leonwang.cc/ielts-vocab/data-12.js?v=20260618-1
12	饮食健康	67	onion	/Anjon/	n.	核心	洋葱		Chopping onions often brings tears to the eyes of even experienced cooks.	切洋葱常常让经验丰富的厨师也泪流满面。		https://www.leonwang.cc/ielts-vocab/data-12.js?v=20260618-1
12	饮食健康	68	mushroom	/ma'frum/	n.	核心	蘑菇 v. 呈蘑菇状扩散		The small business mushroomed into a nationwide chain within five years.	这家小企业五年内迅速发展成为一家全国连锁店。		https://www.leonwang.cc/ielts-vocab/data-12.js?v=20260618-1
12	饮食健康	69	eggplant	/egplant/	n.	高频	茄子		Grilled eggplant with garlic is a popular summer dish in Mediterranean cuisine.	蒜香烤茄子是地中海美食中一道受欢迎的夏日菜肴。		https://www.leonwang.cc/ielts-vocab/data-12.js?v=20260618-1
12	饮食健康	70	carrot	/kærət/	n.	核心	胡萝卜		She chopped the carrots into small cubes and added them to the stew.	她把胡萝卜切成小丁，然后放入炖菜中。		https://www.leonwang.cc/ielts-vocab/data-12.js?v=20260618-1
12	饮食健康	71	turnip	/tɜːnʃp/	n.	识记	芜菁		Turnip is a root vegetable that can be roasted or added to soups.	芜菁是一种根茎类蔬菜，可以烤着吃或加到汤里。		https://www.leonwang.cc/ielts-vocab/data-12.js?v=20260618-1
12	饮食健康	72	radish	/rædɪʃ/	n.	低频	樱桃萝卜		She sliced the radish thinly to add a crunchy texture to the salad.	她把樱桃萝卜切成薄片，为沙拉增添清脆的口感。		https://www.leonwang.cc/ielts-vocab/data-12.js?v=20260618-1
12	饮食健康	73	fruit	/fruːt/	n.	核心	水果；成果		Eating a variety of fresh fruit every day provides essential vitamins.	每天吃各种各样的新鲜水果可以提供必需的维生素。		https://www.leonwang.cc/ielts-vocab/data-12.js?v=20260618-1
12	饮食健康	74	peel	/piːl/	v.	核心	剥（水果、蔬菜等的）皮 n.（水果）皮		Could you help me peel the potatoes while I prepare the other vegetables?	我准备其他蔬菜时，你能帮我削一下土豆皮吗？		https://www.leonwang.cc/ielts-vocab/data-12.js?v=20260618-1
12	饮食健康	75	strip	/strɪp/	v.	核心	剥去，除去 n. 条，带		First, strip the bark from the branch before carving it into shape.	先把树枝的皮剥去，再把它雕刻成形。		https://www.leonwang.cc/ielts-vocab/data-12.js?v=20260618-1
12	饮食健康	76	core	/kɔː/	n.	核心	果核		After eating the apple, she threw the core into the compost bin.	吃完苹果后，她把果核扔进了堆肥箱。		https://www.leonwang.cc/ielts-vocab/data-12.js?v=20260618-1
12	饮食健康	77	hull	/hʌl/	n.	低频	（果实等的）外壳；船体 v. 剥去（果实等的）外壳		The hull of the ship was damaged when it hit the rocks near the shore.	船体在触碰到近岸的礁石时受损了。		https://www.leonwang.cc/ielts-vocab/data-12.js?v=20260618-1
12	饮食健康	78	cherry	/ˈtʃerɪ/	n.	核心	樱桃；樱桃树		Japan is famous for its cherry blossoms, which attract tourists every spring.	日本以樱花闻名，每年春天都吸引众多游客。		https://www.leonwang.cc/ielts-vocab/data-12.js?v=20260618-1
12	饮食健康	79	berry	/'beri/	n.	核心	浆果		He picked a handful of wild berries while walking through the forest.	他穿行森林时采摘了一把野生浆果。	strawberry n. 草莓；blueberry n. 蓝莓	https://www.leonwang.cc/ielts-vocab/data-12.js?v=20260618-1
12	饮食健康	80	grape	/graɪp/	n.	核心	葡萄		Wine is made by fermenting the juice of crushed grapes over time.	葡萄酒是通过将压碎的葡萄汁长时间发酵制成的。		https://www.leonwang.cc/ielts-vocab/data-12.js?v=20260618-1
12	饮食健康	81	papaya	/pə'paɪə/	n.	低频	番木瓜		Papaya is rich in vitamin C and is often used in tropical fruit salads.	木瓜富含维生素C，常用于热带水果沙拉中。		https://www.leonwang.cc/ielts-vocab/data-12.js?v=20260618-1
12	饮食健康	82	peach	/piːt/	n.	核心	桃子		A ripe peach should feel slightly soft and have a strong sweet smell.	成熟的桃子摸起来应该有点软，闻起来有浓郁的甜香。		https://www.leonwang.cc/ielts-vocab/data-12.js?v=20260618-1
12	饮食健康	83	pear	/peə/	n.	核心	梨		She packed an apple and a pear in her lunch bag for a healthy snack.	她在午餐袋里装了一个苹果和一个梨，当作健康零食。		https://www.leonwang.cc/ielts-vocab/data-12.js?v=20260618-1
12	饮食健康	84	plum	/plʌm/	n.	核心	李子；梅子		The plum tree in the garden produces a large harvest every summer.	花园里的那棵李子树每年夏天都大获丰收。		https://www.leonwang.cc/ielts-vocab/data-12.js?v=20260618-1
12	饮食健康	85	orange	/ˈɔːrɪndʒ/	n.	核心	橙子		The orange is one of the most widely grown citrus fruits in the world.	橙子是世界上种植最广泛的柑橘类水果之一。		https://www.leonwang.cc/ielts-vocab/data-12.js?v=20260618-1
12	饮食健康	86	melon	/'melən/	n.	高频	瓜，甜瓜		On a hot afternoon, nothing is more refreshing than a slice of cold melon.	在炎热的午后，没有什么比一片冰凉的甜瓜更提神的了。	watermelon n. 西瓜	https://www.leonwang.cc/ielts-vocab/data-12.js?v=20260618-1
12	饮食健康	87	lemon	/'lemən/	n.	核心	柠檬		Adding a few drops of lemon juice can greatly enhance the flavor of fish.	加几滴柠檬汁可以大大提升鱼肉的风味。	lemonade n. 柠檬饮料	https://www.leonwang.cc/ielts-vocab/data-12.js?v=20260618-1
12	饮食健康	88	kiwi	/kiwi:/	n.	高频	猕猴桃，奇异果		Kiwi fruit is not only tasty but also packed with vitamin C and fibre.	猕猴桃不仅美味，而且富含维生素C和纤维。		https://www.leonwang.cc/ielts-vocab/data-12.js?v=20260618-1
12	饮食健康	89	crop	/krop/	n.	核心	庄稼；收成，产量		Heavy rain in the spring can damage the crops and reduce the harvest.	春天的大雨会损害庄稼并减少收成。	搭配：reap crops 收割庄稼	https://www.leonwang.cc/ielts-vocab/data-12.js?v=20260618-1
12	饮食健康	90	corn	/kɔːn/	n.	核心	[英]（小麦等）谷物；[美]玉米		Farmers in the region grow corn primarily for animal feed and biofuel.	该地区的农民种植玉米主要用于动物饲料和生物燃料。	popcorn n. 爆米花	https://www.leonwang.cc/ielts-vocab/data-12.js?v=20260618-1
12	饮食健康	91	grain	/grain/	n.	核心	谷物；颗粒		Countries like China and India produce huge quantities of grain each year.	像中国和印度这样的国家每年生产大量的谷物。	搭配：a grain of 一点，些微；一粒	https://www.leonwang.cc/ielts-vocab/data-12.js?v=20260618-1
12	饮食健康	92	wheat	/wit/	n.	核心	小麦		Bread, pasta, and many cereals are all made from wheat flour.	面包、意大利面和许多麦片都是用小麦粉制成的。		https://www.leonwang.cc/ielts-vocab/data-12.js?v=20260618-1
12	饮食健康	93	reap	/rip/	v.	高频	收割；收获		Farmers reap their wheat fields in early summer when the crop turns golden.	农民在初夏庄稼变成金黄色时收割小麦。		https://www.leonwang.cc/ielts-vocab/data-12.js?v=20260618-1
12	饮食健康	94	flour	/flau/	n.	核心	面粉；粉状物质		To make the cake, first sift the flour and sugar together in a bowl.	要做蛋糕，首先把面粉和糖一起过筛放入碗中。		https://www.leonwang.cc/ielts-vocab/data-12.js?v=20260618-1
12	饮食健康	95	porridge	/ˈpɔrɪdʒ/	n.	高频	麦片粥		In many countries, porridge is a traditional breakfast meal during winter.	在许多国家，麦片粥是冬季传统的早餐食品。		https://www.leonwang.cc/ielts-vocab/data-12.js?v=20260618-1
12	饮食健康	96	paste	/pest/	n.	低频	糨糊；面团		Mix the flour and water into a smooth paste before adding it to the soup.	先把面粉和水混合成光滑的面团，再把它加入汤中。	搭配：make/mix a paste 和面	https://www.leonwang.cc/ielts-vocab/data-12.js?v=20260618-1
12	饮食健康	97	livestock	/laivstok/	n.	高频	家畜		Raising livestock is the main source of income for many rural families.	饲养家畜是许多农村家庭的主要收入来源。	搭配：livestock sector 牲畜饲牧业	https://www.leonwang.cc/ielts-vocab/data-12.js?v=20260618-1
12	饮食健康	98	chicken	/tʃikən/	n.	核心	鸡		They keep a few chickens in the yard to provide fresh eggs every day.	他们在院子里养了几只鸡，每天提供新鲜鸡蛋。		https://www.leonwang.cc/ielts-vocab/data-12.js?v=20260618-1
12	饮食健康	99	turkey	/tʃuki/	n.	高频	火鸡		Roast turkey is the centrepiece of Thanksgiving dinner in many American homes.	烤火鸡是许多美国家庭感恩节晚餐的主菜。		https://www.leonwang.cc/ielts-vocab/data-12.js?v=20260618-1
12	饮食健康	100	beef	/bi:/	n.	核心	牛肉		He ordered a steak made from the finest local beef in the restaurant.	他在餐厅点了一份用当地最好的牛肉制成的牛排。	beefy adj. 强壮的；肥胖的；搭配：braise beef 炖牛肉	https://www.leonwang.cc/ielts-vocab/data-12.js?v=20260618-1
12	饮食健康	101	dairy	/'deari/	n.	核心	乳制品；乳品店 adj. 乳制的		Dairy products such as milk and cheese are rich in calcium and protein.	牛奶和奶酪等乳制品富含钙和蛋白质。	diary n. 日记；搭配：dairy products 乳制品	https://www.leonwang.cc/ielts-vocab/data-12.js?v=20260618-1
12	饮食健康	102	pork	/pɔ:k/	n.	核心	猪肉		Sweet and sour pork is a classic dish in Chinese restaurants worldwide.	酸甜咕咾肉是世界各地中餐馆的一道经典菜肴。		https://www.leonwang.cc/ielts-vocab/data-12.js?v=20260618-1
12	饮食健康	103	mutton	/mʌtn/	n.	高频	羊肉		Mutton stew is a hearty winter meal popular in many mountainous regions.	炖羊肉是一道丰盛的冬季菜肴，在许多山区很受欢迎。		https://www.leonwang.cc/ielts-vocab/data-12.js?v=20260618-1
12	饮食健康	104	sausage	/'spsidʒ/	n.	核心	香肠		Grilled sausage with fried onions makes a simple but delicious street food.	烤香肠配煎洋葱是一种简单又美味的街头小吃。		https://www.leonwang.cc/ielts-vocab/data-12.js?v=20260618-1
12	饮食健康	105	milk	/mɪlk/	n.	核心	奶 v. 挤奶		She drinks a glass of warm milk almost every night before going to bed.	她几乎每天晚上睡觉前都喝一杯温牛奶。		https://www.leonwang.cc/ielts-vocab/data-12.js?v=20260618-1
12	饮食健康	106	yogurt	/'jɒɡət/	n.	核心	酸奶		Plain yogurt with fresh berries makes a healthy and convenient breakfast.	原味酸奶搭配新鲜浆果是一份健康又方便的早餐。		https://www.leonwang.cc/ielts-vocab/data-12.js?v=20260618-1
12	饮食健康	107	cream	/kri:m/	n.	核心	奶油		She added a spoonful of thick cream to the soup to make it richer.	她往汤里加了一勺浓奶油，让味道更香浓。	creamy adj. 含乳脂的；奶油色的	https://www.leonwang.cc/ielts-vocab/data-12.js?v=20260618-1
12	饮食健康	108	fish	/fɪʃ/	n.	核心	鱼 v. 钓鱼		Eating fish twice a week is recommended for a healthy heart.	每周吃两次鱼对心脏健康有益。	搭配：an odd fish 古怪的人	https://www.leonwang.cc/ielts-vocab/data-12.js?v=20260618-1
12	饮食健康	109	cheese	/tʃiːz/	n.	核心	奶酪		A simple cheese sandwich can be a satisfying lunch when you are in a hurry.	赶时间的时候，一个简单的奶酪三明治就是一顿令人满足的午餐。	搭配：a big cheese 要员，大人物	https://www.leonwang.cc/ielts-vocab/data-12.js?v=20260618-1
12	饮食健康	110	pond	/pɒnd/	n.	核心	池塘		The children fed the ducks swimming in the small pond near the park.	孩子们投喂了在公园附近小池塘里游泳的鸭子。		https://www.leonwang.cc/ielts-vocab/data-12.js?v=20260618-1
12	饮食健康	111	butter	/'bʌtə/	n.	核心	黄油 v. 涂黄油		She spread a thick layer of butter on the warm toast.	她在热乎乎的烤面包片上涂了厚厚一层黄油。		https://www.leonwang.cc/ielts-vocab/data-12.js?v=20260618-1
12	饮食健康	112	rod	/rɒd/	n.	高频	杆，竿		He took his fishing rod and walked to the riverside early in the morning.	他一大早就拿着钓鱼竿走到了河边。	搭配：a fishing rod 钓鱼竿	https://www.leonwang.cc/ielts-vocab/data-12.js?v=20260618-1
12	饮食健康	113	salad	/'sæləd/	n.	核心	色拉	sal = 盐 → salad 意为“被加过盐的”	A fresh green salad with a light dressing is perfect with any main dish.	一份配有清淡调料的鲜蔬色拉与任何主菜都是绝配。		https://www.leonwang.cc/ielts-vocab/data-12.js?v=20260618-1
12	饮食健康	114	pie	/pai/	n.	核心	馅饼，派		She baked an apple pie for the family gathering, and it was finished in minutes.	她为家庭聚会烤了一个苹果派，几分钟就被吃光了。	搭配：a pie chart 饼状图	https://www.leonwang.cc/ielts-vocab/data-12.js?v=20260618-1
12	饮食健康	115	pizza	/'pitsa/	n.	核心	比萨饼		They decided to order a large pizza with extra cheese and mushrooms.	他们决定点一个大号的比萨，加额外奶酪和蘑菇。		https://www.leonwang.cc/ielts-vocab/data-12.js?v=20260618-1
12	饮食健康	116	pasta	/'pasta/	n.	核心	意大利面食		Pasta is incredibly versatile and can be served with a huge variety of sauces.	意大利面食用途广泛，可以搭配各种各样的酱汁。		https://www.leonwang.cc/ielts-vocab/data-12.js?v=20260618-1
12	饮食健康	117	sandwich	/'sanwridʒ/	v.	核心	把......夹入 n. 三明治		He was sandwiched between two tall man on the crowded underground train.	在拥挤的地铁上，他被夹在两个高个子男人之间。		https://www.leonwang.cc/ielts-vocab/data-12.js?v=20260618-1
12	饮食健康	118	hamburger	/'hamb3:ga/	n.	核心	汉堡包；汉堡牛肉饼		The children wanted hamburgers and fries for lunch after the movie.	看完电影后，孩子们午餐想吃汉堡和薯条。		https://www.leonwang.cc/ielts-vocab/data-12.js?v=20260618-1
12	饮食健康	119	spaghetti	/spa'geti/	n.	核心	意大利细面条		She twirled the spaghetti around her fork and took a big bite.	她把意大利面绕在叉子上，然后咬了一大口。		https://www.leonwang.cc/ielts-vocab/data-12.js?v=20260618-1
12	饮食健康	120	soup	/'su:p/	n.	核心	汤		A bowl of hot chicken soup is often just what you need on a cold day.	大冷天里，一碗热鸡汤往往正是你所需要的。		https://www.leonwang.cc/ielts-vocab/data-12.js?v=20260618-1
12	饮食健康	121	pudding	/'pudin/	n.	高频	[尤美]冷布丁；[尤英]热布丁糕		After the main course, they served a rich chocolate pudding for dessert.	主菜过后，他们端上了浓郁的巧克力布丁作为甜点。		https://www.leonwang.cc/ielts-vocab/data-12.js?v=20260618-1
12	饮食健康	122	loaf	/ləʊt/	n.	高频	一条（面包） v. 游荡，闲逛		He bought a fresh loaf of wholemeal bread from the bakery on the corner.	他从街角的面包店买了一条新鲜的全麦面包。		https://www.leonwang.cc/ielts-vocab/data-12.js?v=20260618-1
12	饮食健康	123	biscuit	/'biskit/	n.	核心	[英]饼干；[美]烤饼，小圆面包		She offered us tea and a plate of biscuits when we arrived at her home.	我们到她家时，她招待我们喝茶，还端上一盘饼干。		https://www.leonwang.cc/ielts-vocab/data-12.js?v=20260618-1
12	饮食健康	124	jam	/dʒæm/	n.	核心	果酱		He spread strawberry jam generously on his toast every morning.	他每天早上都在烤面包上涂上厚厚的草莓酱。		https://www.leonwang.cc/ielts-vocab/data-12.js?v=20260618-1
12	饮食健康	125	nut	/nʌt/	n.	核心	坚果；螺母		A handful of mixed nuts makes a nutritious snack between meals.	一把混合坚果是两餐之间富有营养的零食。		https://www.leonwang.cc/ielts-vocab/data-12.js?v=20260618-1
12	饮食健康	126	chocolate	/tʃɒklɪt/	n.	核心	巧克力		Dark chocolate with a high cocoa content is believed to have health benefits.	可可含量高的黑巧克力被认为有益健康。		https://www.leonwang.cc/ielts-vocab/data-12.js?v=20260618-1
12	饮食健康	127	ice cream	/aɪs'kɪm/	n.	核心	冰激凌		On hot summer days, children love to buy ice cream from the truck in the park.	在炎热的夏天，孩子们喜欢从公园里的冰激凌车上买冰激凌。		https://www.leonwang.cc/ielts-vocab/data-12.js?v=20260618-1
12	饮食健康	128	vanilla	/və'nɪlə/	n.	高频	香草 adj. 香草味的		Vanilla is one of the most popular ice cream flavours around the world.	香草是全球最受欢迎的冰激凌口味之一。	vanilla ice cream / ice-cream cone / ice candy / milkshake / sundae	https://www.leonwang.cc/ielts-vocab/data-12.js?v=20260618-1
12	饮食健康	129	mustard	/mʌstəd/	n.	高频	芥末；芥菜		He added a little mustard to the sandwich to give it extra flavour.	他往三明治里加了一点芥末来增添风味。		https://www.leonwang.cc/ielts-vocab/data-12.js?v=20260618-1
12	饮食健康	130	wasabi	/wə'saːbi/	n.	低频	山葵；山葵根		Sushi is often eaten with a small amount of wasabi mixed into the soy sauce.	寿司常常蘸着混入少量山葵的酱油食用。		https://www.leonwang.cc/ielts-vocab/data-12.js?v=20260618-1
12	饮食健康	131	pepper	/'pepə/	n.	核心	胡椒粉；柿子椒		Season the steak with salt and freshly ground black pepper before cooking.	烹饪前用盐和现磨的黑胡椒粉给牛排调味。		https://www.leonwang.cc/ielts-vocab/data-12.js?v=20260618-1
12	饮食健康	132	ginger	/dʒɪndʒə/	n.	核心	姜		Ginger tea is a traditional remedy for a sore throat and a cold.	姜茶是治疗喉咙痛和感冒的传统方法。		https://www.leonwang.cc/ielts-vocab/data-12.js?v=20260618-1
12	饮食健康	133	garlic	/'ɡɑːlɪk/	n.	核心	蒜		He fried the garlic in olive oil until it turned golden brown.	他用橄榄油把蒜煸炒至金黄色。		https://www.leonwang.cc/ielts-vocab/data-12.js?v=20260618-1
12	饮食健康	134	scallion	/'skælɪən/	n.	低频	大葱		Chop the scallion finely and sprinkle it on top of the dish before serving.	把大葱切碎，在上菜前撒在菜肴上。		https://www.leonwang.cc/ielts-vocab/data-12.js?v=20260618-1
12	饮食健康	135	vinegar	/'vɪnɪɡə/	n.	核心	醋		A mixture of oil and vinegar makes a simple but tasty salad dressing.	油和醋的混合物可以制成简单又美味的色拉调料。		https://www.leonwang.cc/ielts-vocab/data-12.js?v=20260618-1
12	饮食健康	136	salt	/sɔːlt/	n.	核心	盐		Too much salt in your diet can lead to high blood pressure over time.	饮食中盐分过多久而久之会导致高血压。	salty adj. 咸的；含盐的	https://www.leonwang.cc/ielts-vocab/data-12.js?v=20260618-1
12	饮食健康	137	sugar	/'sʊɡə/	n.	核心	糖		She reduced the amount of sugar in the recipe to make the cake healthier.	她减少了食谱中糖的用量，让蛋糕更健康。		https://www.leonwang.cc/ielts-vocab/data-12.js?v=20260618-1
12	饮食健康	138	candy	/'kændi/	n.	核心	糖果		Children should avoid eating too much candy because it can damage their teeth.	儿童应该避免吃太多糖果，因为会损害牙齿。		https://www.leonwang.cc/ielts-vocab/data-12.js?v=20260618-1
12	饮食健康	139	honey	/'hʌni/	n.	核心	蜂蜜		A spoonful of honey in warm water can soothe a sore throat effectively.	一勺蜂蜜加入温水中能有效缓解喉咙痛。		https://www.leonwang.cc/ielts-vocab/data-12.js?v=20260618-1
12	饮食健康	140	flavour	/ˈflævər/	n.	核心	味道；口味；特色，风格		This ice cream comes in twelve different flavours, from vanilla to mango.	这款冰淇淋有从香草到芒果的十二种不同口味。	美式拼写：flavor；形容词：flavourful（美味的）	https://www.leonwang.cc/ielts-vocab/data-12.js?v=20260618-1
12	饮食健康	141	sour	/sɔːr/	adj.	核心	酸的；闷闷不乐的		The lemonade tasted too sour, so I added a spoonful of sugar.	柠檬水尝起来太酸了，所以我加了一勺糖。	搭配：look sour（满脸不高兴）；反义词：sweet	https://www.leonwang.cc/ielts-vocab/data-12.js?v=20260618-1
12	饮食健康	142	sweet	/swiːt/	adj.	核心	甜的；愉快的		The sweet aroma of freshly baked cookies filled the entire kitchen.	新鲜出炉的饼干甜蜜的香气充满了整个厨房。	动词：sweeten（使变甜）；名词：sweetness	https://www.leonwang.cc/ielts-vocab/data-12.js?v=20260618-1
12	饮食健康	143	bitter	/ˈbɪtə/	adj.	核心	苦的；痛苦的；严寒的		Black coffee has a bitter taste, but many people enjoy it without sugar.	黑咖啡有苦味，但很多人喜欢不加糖饮用。	名词：bitterness；反义词：sweet	https://www.leonwang.cc/ielts-vocab/data-12.js?v=20260618-1
12	饮食健康	144	spicy	/ˈspaɪsɪ/	adj.	核心	辣的		The spicy curry made my mouth burn, but I couldn't stop eating it.	辛辣的咖喱让我的嘴里火辣辣的，但我还是忍不住一直吃。	名词：spice（香料）；比较级：spicier	https://www.leonwang.cc/ielts-vocab/data-12.js?v=20260618-1
12	饮食健康	145	delicious	/dɪˈlɪʃəs/	adj.	核心	美味的		My grandmother's homemade apple pie is absolutely delicious.	我祖母自制的苹果派非常美味。	副词：deliciously；同义词：tasty	https://www.leonwang.cc/ielts-vocab/data-12.js?v=20260618-1
12	饮食健康	146	yummy	/ˈjʌmi/	adj.	高频	美味的		The chocolate cake was so yummy that I asked for a second slice.	巧克力蛋糕太好吃了，我又要了一块。	常用于儿童口语；比较级：yummier	https://www.leonwang.cc/ielts-vocab/data-12.js?v=20260618-1
12	饮食健康	147	tasty	/ˈteɪstɪ/	adj.	核心	美味的，可口的		The chef prepared a tasty meal using only fresh local ingredients.	厨师只用当地新鲜的食材就做出了一顿可口的饭菜。	名词：taste；比较级：tastier	https://www.leonwang.cc/ielts-vocab/data-12.js?v=20260618-1
12	饮食健康	148	hunger	/ˈhʌŋɡər/	n.	核心	饥饿；饥饿感；渴望		After hiking for six hours, we felt a sharp hunger and stopped for a meal.	徒步六小时后，我们感到强烈的饥饿，停下来吃了一顿饭。	形容词：hungry（饥饿的）；搭配：hunger for（渴望）	https://www.leonwang.cc/ielts-vocab/data-12.js?v=20260618-1
12	饮食健康	149	thirsty	/ˈθɜːrstɪ/	adj.	核心	渴的；渴望的		The players were thirsty after running on the field under the hot sun.	球员们在烈日下奔跑后感到口渴。	名词：thirst；搭配：thirsty for（渴望）	https://www.leonwang.cc/ielts-vocab/data-12.js?v=20260618-1
12	饮食健康	150	spice	/spaɪs/	n.	核心	(调味)香料；给生活增添情趣的事		Cinnamon and cumin are common spices used in many cuisines around the world.	肉桂和小茴香是世界各地许多菜肴中常用的香料。	形容词：spicy（辛辣的）；习语：Variety is the spice of life.	https://www.leonwang.cc/ielts-vocab/data-12.js?v=20260618-1
12	饮食健康	151	sauce	/seɪs/	n.	核心	酱汁		The spaghetti was delicious with a rich tomato and basil sauce.	浓郁的番茄罗勒酱让意大利面非常美味。	搭配：soy sauce（酱油）；on the sauce（经常喝酒）	https://www.leonwang.cc/ielts-vocab/data-12.js?v=20260618-1
12	饮食健康	152	ketchup	/ˈketʃup/	n.	高频	番茄酱		He always adds extra ketchup to his fries, even though it's unhealthy.	他总是在薯条上加很多番茄酱，即使这不健康。	也拼作catsup；常见搭配：tomato ketchup	https://www.leonwang.cc/ielts-vocab/data-12.js?v=20260618-1
12	饮食健康	153	perfume	/ˈpɜːrfjuːm/	n.	高频	香味，芳香；香水		The perfume of roses in the garden attracted many butterflies.	花园里玫瑰的芳香吸引了许多蝴蝶。	动词：perfume（使充满香气）；形容词：perfumed	https://www.leonwang.cc/ielts-vocab/data-12.js?v=20260618-1
12	饮食健康	154	ingredient	/ɪnˈɡriːdiənt/	n.	核心	成分；(烹调用的)原料；因素		Fresh ingredients are the key to making a healthy and tasty salad.	新鲜的食材是制作健康美味沙拉的关键。	同义词：component, element	https://www.leonwang.cc/ielts-vocab/data-12.js?v=20260618-1
12	饮食健康	155	supplement	/ˈsʌpləmənt/	n.	高频	营养补充剂；补贴		Many athletes take vitamin supplements to improve their performance.	许多运动员服用维生素补充剂来提高表现。	动词义：增补，补充（/ˈsʌpləment/）	https://www.leonwang.cc/ielts-vocab/data-12.js?v=20260618-1
12	饮食健康	156	digest	/ˈdaɪdʒest/	v.	核心	消化；理解，领悟		It takes time to digest a large meal, so don't exercise immediately after eating.	消化一顿大餐需要时间，所以饭后不要马上运动。	名词：digestion（消化）；形容词：digestive	https://www.leonwang.cc/ielts-vocab/data-12.js?v=20260618-1
12	饮食健康	157	cook	/kʊk/	v.	核心	烹调，烧，煮 n. 厨师		My father loves to cook Italian dishes for the whole family on weekends.	我父亲喜欢在周末为全家人做意大利菜。	名词：cooker（炊具）；形容词：cooked（煮熟的）	https://www.leonwang.cc/ielts-vocab/data-12.js?v=20260618-1
12	饮食健康	158	bake	/beɪk/	v.	核心	烘烤；烤熟		We decided to bake fresh bread for our neighbors as a friendly gesture.	我们决定烘焙新鲜面包送给邻居，以示友好。	名词：baker（面包师）；bakery（面包店）	https://www.leonwang.cc/ielts-vocab/data-12.js?v=20260618-1
12	饮食健康	159	fry	/fraɪ/	v.	核心	油煎		She likes to fry eggs in olive oil for a healthier breakfast.	她喜欢用橄榄油煎鸡蛋，使早餐更健康。	名词：frying pan（煎锅）；过去式：fried	https://www.leonwang.cc/ielts-vocab/data-12.js?v=20260618-1
12	饮食健康	160	roast	/rəʊst/	v.	核心	烤 n. 烤肉		We roasted a chicken in the oven for Sunday lunch with the family.	我们在烤箱里烤了一只鸡，供周日家庭午餐。	形容词：roasted；常见搭配：roast beef	https://www.leonwang.cc/ielts-vocab/data-12.js?v=20260618-1
12	饮食健康	161	toast	/təʊst/	v.	高频	向......祝酒，为......干杯；烤 n. 烤面包片		Let's toast to the happy couple and their future together.	让我们为这对幸福的夫妇和他们的未来干杯。	名词：toaster（烤面包机）；文化来源：17世纪英国饮酒习俗	https://www.leonwang.cc/ielts-vocab/data-12.js?v=20260618-1
12	饮食健康	162	suck	/sʌk/	v.	高频	吮吸		The baby sucked milk from the bottle contentedly before falling asleep.	婴儿满足地吮吸奶瓶里的牛奶，然后睡着了。	搭配：suck up（吸起；奉承）	https://www.leonwang.cc/ielts-vocab/data-12.js?v=20260618-1
12	饮食健康	163	swallow	/ˈswɒləʊ/	v.	核心	咽下，吞下		It's dangerous to swallow chewing gum, as it may cause digestive problems.	吞下口香糖很危险，可能会引起消化问题。	名词：swallow（吞咽；燕子）	https://www.leonwang.cc/ielts-vocab/data-12.js?v=20260618-1
12	饮食健康	164	lick	/lɪk/	v.	高频	舔		The dog licked its owner's hand to show affection and gratitude.	狗舔主人的手以示喜爱和感激。	名词：lick（舔；少量）；习语：lick one's lips（垂涎欲滴）	https://www.leonwang.cc/ielts-vocab/data-12.js?v=20260618-1
12	饮食健康	165	chew	/tʃuː/	v.	核心	咀嚼		You should chew each bite thoroughly to help your stomach digest easily.	你应该彻底咀嚼每一口食物，帮助胃更容易消化。	名词：chewing gum（口香糖）；搭配：chew over（仔细考虑）	https://www.leonwang.cc/ielts-vocab/data-12.js?v=20260618-1
12	饮食健康	166	gum	/ɡʌm/	n.	高频	口香糖；树胶		Chewing gum after meals can help freshen your breath and clean your teeth.	饭后嚼口香糖有助于清新口气和清洁牙齿。	组合词：chewing gum；注意：gums（牙龈）	https://www.leonwang.cc/ielts-vocab/data-12.js?v=20260618-1
12	饮食健康	167	soak	/səʊk/	v.	核心	浸泡；使湿透		You need to soak the dried beans overnight before cooking them.	你需要在煮干豆之前将其浸泡一夜。	名词：soak（浸泡）；形容词：soaking（湿透的）	https://www.leonwang.cc/ielts-vocab/data-12.js?v=20260618-1
12	饮食健康	168	dip	/dɪp/	v.	高频	蘸，浸		She dipped the strawberry into melted chocolate and then let it cool.	她把草莓蘸入融化的巧克力中，然后让它冷却。	名词：dip（蘸料；下降）	https://www.leonwang.cc/ielts-vocab/data-12.js?v=20260618-1
12	饮食健康	169	squeeze	/ˈskwiːz/	v.	核心	挤压		Squeeze the lemon gently to get the juice without releasing seeds.	轻轻挤压柠檬以榨出汁液，同时避免籽掉出来。	搭配：squeeze something out of something（从某物中榨出某物）	https://www.leonwang.cc/ielts-vocab/data-12.js?v=20260618-1
12	饮食健康	170	stir	/stɜː/	v.	核心	搅动；（使）行动		Stir the soup occasionally to prevent it from sticking to the bottom of the pot.	不时搅动汤，防止它粘在锅底。	名词：stir（搅动；轰动）；搭配：stir up（激起）	https://www.leonwang.cc/ielts-vocab/data-12.js?v=20260618-1
12	饮食健康	171	grind	/ɡrɪnd/	v.	高频	碾碎 n. 枯燥乏味的事		I use a coffee grinder to grind fresh beans every morning.	我每天早上去用咖啡研磨机磨新鲜的咖啡豆。	习语：grind down（欺压）；名词：grinder（研磨机）	https://www.leonwang.cc/ielts-vocab/data-12.js?v=20260618-1
12	饮食健康	172	slice	/slaɪs/	n./v.	核心	薄片；切片；切下		Could you slice the bread into thin pieces for the sandwiches?	你能把面包切成薄片做三明治吗？	常见搭配：a slice of cake（一块蛋糕）；slice off（切下）	https://www.leonwang.cc/ielts-vocab/data-12.js?v=20260618-1
13	建筑场所	1	locate	/ləʊˈkeɪt/	v.	核心	放置，建立；找到		The new hospital will be located near the college campus for easy access.	新医院将设在大学校园附近，以方便就医。	location n. 地点；搭配：be located in/on/at 位于，坐落于	https://www.leonwang.cc/ielts-vocab/data-13.js?v=20260618-1
13	建筑场所	2	reside	/rɪˈzaɪd/	v.	高频	居住		Many retired people choose to reside in peaceful coastal towns.	许多退休的人选择居住在宁静的沿海城镇。	residence n. 居住；住处；residential adj. 住宅的，适合居住的	https://www.leonwang.cc/ielts-vocab/data-13.js?v=20260618-1
13	建筑场所	3	inhabit	/ɪnˈhæbɪt/	v.	高频	居住于		Several rare species of birds inhabit this remote forest area.	数种稀有鸟类栖息于这片偏远的森林区域。	habitable adj. 适合居住的	https://www.leonwang.cc/ielts-vocab/data-13.js?v=20260618-1
13	建筑场所	4	migrate	/maɪˈɡreɪt/	v.	核心	迁徙；移居		Some animals migrate thousands of kilometres each year to find food.	有些动物每年迁徙数千公里以寻找食物。	migration n. 迁徙；移居；immigrate v. 移入；emigrate v. 移居国外	https://www.leonwang.cc/ielts-vocab/data-13.js?v=20260618-1
13	建筑场所	5	settle	/ˈsetl/	v.	核心	解决；在......定居，使定居		After years of travelling, they finally decided to settle in a small village.	多年漂泊之后，他们最终决定在一个小村庄定居下来。	settlement n. 解决；定居点；搭配：settle down 定居下来；平静下来	https://www.leonwang.cc/ielts-vocab/data-13.js?v=20260618-1
13	建筑场所	6	dwelling	/ˈdwelɪŋ/	n.	高频	住所		The government is building affordable dwellings for low-income families.	政府正在为低收入家庭建造负担得起的住所。		https://www.leonwang.cc/ielts-vocab/data-13.js?v=20260618-1
13	建筑场所	7	skyscraper	/ˈskaɪˌskreɪpə/	n.	核心	摩天大楼		The new skyscraper will offer stunning views over the entire city.	这栋新摩天大楼将能俯瞰到整个城市的壮丽景色。		https://www.leonwang.cc/ielts-vocab/data-13.js?v=20260618-1
13	建筑场所	8	villa	/ˈvɪlə/	n.	高频	乡间别墅；[英]度假别墅		They spent the summer in a beautiful villa surrounded by olive trees.	他们在一栋被橄榄树环绕的漂亮别墅里度过了夏天。		https://www.leonwang.cc/ielts-vocab/data-13.js?v=20260618-1
13	建筑场所	9	mansion	/ˈmænʃən/	n.	高频	宅第，公馆		The historic mansion has been turned into a public museum for everyone to visit.	这座历史悠久的宅第已被改造成公共博物馆供大家参观。		https://www.leonwang.cc/ielts-vocab/data-13.js?v=20260618-1
13	建筑场所	10	apartment	/əˈpɑːtmənt/	n.	核心	[尤美]公寓套房		She rented a small apartment close to the university to save commuting time.	她在大学附近租了一套小公寓，以节省通勤时间。	搭配：a suite of apartment 一套公寓	https://www.leonwang.cc/ielts-vocab/data-13.js?v=20260618-1
13	建筑场所	11	flat	/flæt/	n.	核心	[尤英]单元房，公寓		They bought a ground-floor flat with a lovely little garden at the back.	他们买了一套底层公寓，后面带一个可爱的小花园。		https://www.leonwang.cc/ielts-vocab/data-13.js?v=20260618-1
13	建筑场所	12	hostel	/ˈhɒstl/	n.	高频	廉价招待所		Backpackers often choose to stay in a hostel to meet other travellers.	背包客经常选择住在青年旅舍，好与其他旅行者交流。		https://www.leonwang.cc/ielts-vocab/data-13.js?v=20260618-1
13	建筑场所	13	lodge	/lɒdʒ/	v.	高频	租住； n. 小屋；度假屋		During the ski trip, we lodged at a cosy cabin near the slopes.	滑雪旅行期间，我们租住在雪道附近一间舒适的小屋里。		https://www.leonwang.cc/ielts-vocab/data-13.js?v=20260618-1
13	建筑场所	14	hut	/hʌt/	n.	低频	小屋，棚屋		The fishermen built a small wooden hut near the river to store their nets.	渔民们在河边建了一间小木屋来存放渔网。		https://www.leonwang.cc/ielts-vocab/data-13.js?v=20260618-1
13	建筑场所	15	cabin	/ˈkæbɪn/	n.	高频	小木屋；（船上的）小舱		We booked a log cabin in the forest for a quiet weekend getaway.	我们在森林里预订了一间原木小屋，去安静地度个周末。		https://www.leonwang.cc/ielts-vocab/data-13.js?v=20260618-1
13	建筑场所	16	block	/blɒk/	n.	核心	街区；障碍；一块		There is a small supermarket just a few blocks away from my house.	离我家几个街区之外就有一家小超市。	搭配：a block of 一块	https://www.leonwang.cc/ielts-vocab/data-13.js?v=20260618-1
13	建筑场所	17	grid	/ɡrɪd/	n.	低频	栅栏；网格；输电网		The streets in the centre of the city are laid out in a grid pattern.	市中心的街道呈网格状布局。		https://www.leonwang.cc/ielts-vocab/data-13.js?v=20260618-1
13	建筑场所	18	aisle	/aɪl/	n.	高频	走廊，过道		The bride walked gracefully down the aisle with her father by her side.	新娘在父亲的陪伴下优雅地走过教堂的过道。		https://www.leonwang.cc/ielts-vocab/data-13.js?v=20260618-1
13	建筑场所	19	cellar	/ˈselə/	n.	低频	地窖，地下室		They stored boxes of old books in the cool and dark cellar.	他们把一箱箱旧书存放在阴凉黑暗的地下室里。		https://www.leonwang.cc/ielts-vocab/data-13.js?v=20260618-1
13	建筑场所	20	shed	/ʃed/	n.	低频	简易房，棚； v. 流，洒；摆脱		He keeps his gardening tools in a small wooden shed behind the house.	他把园艺工具放在屋后一间小木棚里。		https://www.leonwang.cc/ielts-vocab/data-13.js?v=20260618-1
13	建筑场所	21	porch	/pɔːtʃ/	n.	低频	门廊		On summer evenings, they often sit on the porch enjoying the cool breeze.	夏天的傍晚，他们经常坐在门廊上享受凉爽的微风。		https://www.leonwang.cc/ielts-vocab/data-13.js?v=20260618-1
13	建筑场所	22	corridor	/ˈkɒrɪdɔː/	n.	核心	走廊，通道		Students quietly walked along the corridor while others were taking exams.	其他学生在考试时，学生们沿着走廊安静地行走。		https://www.leonwang.cc/ielts-vocab/data-13.js?v=20260618-1
13	建筑场所	23	cottage	/ˈkɒtɪdʒ/	n.	高频	村舍，小屋		They rented a charming stone cottage in the countryside for the holiday.	他们在乡间租了一间迷人的石头村舍度假。	搭配：a summer cottage 避暑别墅	https://www.leonwang.cc/ielts-vocab/data-13.js?v=20260618-1
13	建筑场所	24	stair	/steə/	n.	核心	楼梯		He sat on the bottom stair to tie his shoelaces before leaving the house.	他出门前坐在最下面一级楼梯上系鞋带。	upstairs / downstairs	https://www.leonwang.cc/ielts-vocab/data-13.js?v=20260618-1
13	建筑场所	25	nursery	/ˈnɜːsəri/	n.	核心	托儿所； adj. 托儿所的		Many working parents send their toddlers to a nursery during the day.	许多在职父母白天把幼儿送到托儿所。		https://www.leonwang.cc/ielts-vocab/data-13.js?v=20260618-1
13	建筑场所	26	cradle	/ˈkreɪdl/	n.	高频	摇篮；发源地		Ancient China is often called the cradle of one of the world's oldest civilisations.	古代中国常被称为世界上最古老文明之一的发源地。	搭配：from the cradle to the grave 从生到死；a cradle song 摇篮曲	https://www.leonwang.cc/ielts-vocab/data-13.js?v=20260618-1
13	建筑场所	27	shelter	/ˈʃeltə/	n.	核心	庇护处；掩蔽； v. 庇护；遮蔽		Many volunteers helped build shelters for families who lost their homes in the flood.	许多志愿者帮助为洪水中失去家园的家庭建造庇护所。	搭配：shelter from the rain 避雨	https://www.leonwang.cc/ielts-vocab/data-13.js?v=20260618-1
13	建筑场所	28	staircase	/ˈsteəkeɪs/	n.	高频	（建筑内的）楼梯		The main staircase of the old library is made of beautifully carved wood.	老图书馆的主楼梯由雕刻精美的木头制成。		https://www.leonwang.cc/ielts-vocab/data-13.js?v=20260618-1
13	建筑场所	29	storey	/ˈstɔːri/	n.	高频	楼层		The office building has twelve storeys and offers great views of the park.	这栋办公楼有十二层，能俯瞰公园的美丽景色。	也作 story	https://www.leonwang.cc/ielts-vocab/data-13.js?v=20260618-1
13	建筑场所	30	layer	/ˈleɪə/	n.	核心	层		A thin layer of ice covered the road, making driving extremely dangerous.	道路上覆盖着一层薄冰，使驾驶变得极其危险。		https://www.leonwang.cc/ielts-vocab/data-13.js?v=20260618-1
13	建筑场所	31	elevator	/ˈelɪveɪtə/	n.	核心	[美]电梯		Please use the elevator if you are going to the fifth floor or above.	如果要上五楼或更高楼层，请搭乘电梯。	lift n. [英]电梯；搭配：a freight elevator 货梯	https://www.leonwang.cc/ielts-vocab/data-13.js?v=20260618-1
13	建筑场所	32	escalator	/ˈeskəleɪtə/	n.	高频	自动扶梯，滚梯		The shopping centre has both lifts and escalators for customers with different needs.	购物中心既有电梯又有自动扶梯，满足不同顾客的需求。		https://www.leonwang.cc/ielts-vocab/data-13.js?v=20260618-1
13	建筑场所	33	handrail	/ˈhændreɪl/	n.	低频	扶手，栏杆		When walking down steep stairs, it is safer to hold the handrail firmly.	走下陡峭的楼梯时，牢牢抓住扶手会更安全。		https://www.leonwang.cc/ielts-vocab/data-13.js?v=20260618-1
13	建筑场所	34	pillar	/ˈpɪlə/	n.	高频	柱子；中坚，栋梁		The roof of the ancient temple is supported by massive stone pillars.	古庙的屋顶由巨大的石柱支撑。	搭配：a pillar of society 社会栋梁	https://www.leonwang.cc/ielts-vocab/data-13.js?v=20260618-1
13	建筑场所	35	column	/ˈkɒləm/	n.	核心	柱；（书、报纸等）栏；专栏		She writes a weekly column for the local newspaper about environmental issues.	她为当地报纸每周撰写一篇关于环境问题的专栏文章。	columnist n. 专栏作家	https://www.leonwang.cc/ielts-vocab/data-13.js?v=20260618-1
13	建筑场所	36	beam	/biːm/	n.	高频	（能量、放射线或粒子的）束，柱		A narrow beam of sunlight came through the small gap in the curtains.	一束狭窄的阳光透过窗帘的小缝隙照了进来。	搭配：a laser beam 激光束	https://www.leonwang.cc/ielts-vocab/data-13.js?v=20260618-1
13	建筑场所	37	vault	/vɔːlt/	n.	低频	拱顶；金库，保险库		The bank keeps its most valuable items in a secure underground vault.	银行把最贵重的物品存放在一个安全的地下金库中。	vaulted adj. 有拱顶的，拱形的	https://www.leonwang.cc/ielts-vocab/data-13.js?v=20260618-1
13	建筑场所	38	arch	/ɑːtʃ/	n.	高频	拱门； v.（使）弯成弓形		The old stone arch bridge has stood over the river for more than 200 years.	那座古老的石拱桥已经在河上矗立了200多年。	arched adj. 拱形的，弧形的；搭配：a triumphal arch 凯旋门	https://www.leonwang.cc/ielts-vocab/data-13.js?v=20260618-1
13	建筑场所	39	ceiling	/ˈsiːlɪŋ/	n.	核心	天花板，顶棚		The ceiling of the concert hall was painted with beautiful clouds and stars.	音乐厅的天花板上画着美丽的云朵和星星。		https://www.leonwang.cc/ielts-vocab/data-13.js?v=20260618-1
13	建筑场所	40	eaves	/iːvz/	n.	低频	屋檐		A family of swallows built their nest under the eaves of the old barn.	一窝燕子在老谷仓的屋檐下筑了巢。		https://www.leonwang.cc/ielts-vocab/data-13.js?v=20260618-1
13	建筑场所	41	chimney	/ˈtʃɪmni/	n.	高频	烟囱		In the story, Santa Claus comes down the chimney to deliver presents to children.	故事里，圣诞老人从烟囱下来给孩子们送礼物。		https://www.leonwang.cc/ielts-vocab/data-13.js?v=20260618-1
13	建筑场所	42	reception	/rɪˈsepʃn/	n.	核心	接待处		Please sign your name at the reception desk before entering the building.	请在进入大楼前到接待处签名。	receptionist n. 接待员	https://www.leonwang.cc/ielts-vocab/data-13.js?v=20260618-1
13	建筑场所	43	lobby	/ˈlɒbi/	n.	核心	大厅，前厅；游说； v. 游说		We agreed to meet in the hotel lobby at seven o'clock before going out for dinner.	我们约好七点在酒店大厅见面，然后出去吃晚饭。	lobbyist n. 说客	https://www.leonwang.cc/ielts-vocab/data-13.js?v=20260618-1
13	建筑场所	44	bench	/bentʃ/	n.	核心	长凳；[the-] 法官职位		Two elderly men were playing chess on a park bench in the afternoon sun.	两位老人在午后的阳光下坐在公园长凳上下棋。		https://www.leonwang.cc/ielts-vocab/data-13.js?v=20260618-1
13	建筑场所	45	parlour	/ˈpɑːlə/	n.	低频	客厅		The guests were invited into the front parlour, where tea and biscuits were served.	客人们被请进前客厅，那里备好了茶和饼干。	也作 parlor	https://www.leonwang.cc/ielts-vocab/data-13.js?v=20260618-1
13	建筑场所	46	fireplace	/ˈfaɪəpleɪs/	n.	高频	壁炉		On cold winter nights, the family gathers around the fireplace to tell stories.	寒冷的冬夜里，一家人围坐在壁炉旁讲故事。		https://www.leonwang.cc/ielts-vocab/data-13.js?v=20260618-1
13	建筑场所	47	radiator	/ˈreɪdieɪtə/	n.	高频	暖气设备		The radiator in the classroom keeps the students warm during the winter months.	教室里的暖气片在冬季为学生们保暖。	radiate v. 散发（热）；发射（光）	https://www.leonwang.cc/ielts-vocab/data-13.js?v=20260618-1
13	建筑场所	48	living room	/ˈlɪvɪŋ ruːm/	n.	核心	客厅，起居室		The family spends most evenings together in the living room watching television.	这家人大多数晚上都一起在客厅里看电视。		https://www.leonwang.cc/ielts-vocab/data-13.js?v=20260618-1
13	建筑场所	49	cabinet	/ˈkæbɪnət/	n.	核心	储藏柜；内阁		The files are kept in a metal filing cabinet in the corner of the office.	文件存放在办公室角落的一个金属文件柜里。	搭配：a cabinet meeting 内阁会议	https://www.leonwang.cc/ielts-vocab/data-13.js?v=20260618-1
13	建筑场所	50	balcony	/ˈbælkəni/	n.	核心	阳台；（剧院的）楼座		Their new apartment has a large balcony with a wonderful sea view.	他们的新公寓有一个带绝美海景的大阳台。		https://www.leonwang.cc/ielts-vocab/data-13.js?v=20260618-1
13	建筑场所	51	terrace	/ˈterəs/	n.	高频	大阳台，露天平台		We enjoyed lunch on the sunny terrace overlooking the hotel garden.	我们在洒满阳光的露天平台上享用了午餐，俯瞰酒店的花园。		https://www.leonwang.cc/ielts-vocab/data-13.js?v=20260618-1
13	建筑场所	52	kitchen	/ˈkɪtʃɪn/	n.	核心	厨房，灶间		The kitchen is fully equipped with a modern oven, microwave, and dishwasher.	厨房配备了现代化的烤箱、微波炉和洗碗机。		https://www.leonwang.cc/ielts-vocab/data-13.js?v=20260618-1
13	建筑场所	53	lavatory	/ˈlævətri/	n.	低频	盥洗室，厕所		The public lavatory at the park is cleaned twice a day by the staff.	公园里的公共厕所由工作人员每天清洁两次。		https://www.leonwang.cc/ielts-vocab/data-13.js?v=20260618-1
13	建筑场所	54	toilet	/ˈtɔɪlət/	n.	核心	抽水马桶；[英]厕所		Remember to flush the toilet and wash your hands after using it.	用完厕所后记得冲水并洗手。	搭配：flush the toilet 冲厕所	https://www.leonwang.cc/ielts-vocab/data-13.js?v=20260618-1
13	建筑场所	55	bath	/bɑːθ/	n.	核心	洗澡；[英]浴缸		After a long day of hiking, a hot bath helped relax her tired muscles.	长途徒步一天后，洗了个热水澡帮助她放松了疲惫的肌肉。	bathe v. 用水清洗	https://www.leonwang.cc/ielts-vocab/data-13.js?v=20260618-1
13	建筑场所	56	basin	/ˈbeɪsn/	n.	核心	盆；盆地		She filled the basin with warm water and began to wash the fresh fruit.	她往盆里倒满温水，开始清洗新鲜水果。	washbowl n. 洗脸盆	https://www.leonwang.cc/ielts-vocab/data-13.js?v=20260618-1
13	建筑场所	57	reserve	/rɪˈzɜːv/	n.	核心	储备（量）；自然保护区； v. 预订		It is advisable to reserve a table at the restaurant in advance on weekends.	周末最好提前在餐厅预订桌位。		https://www.leonwang.cc/ielts-vocab/data-13.js?v=20260618-1
13	建筑场所	58	store	/stɔː/	n.	核心	商店；贮存物 v. 贮存		I need to store my winter clothes in a box during the summer months.	夏天的时候我需要把冬装存放在箱子里。	搭配：a department store（百货商场）	https://www.leonwang.cc/ielts-vocab/data-13.js?v=20260618-1
13	建筑场所	59	mall	/mɔːl/	n.	高频	[尤美]购物中心		On rainy days, families often spend their afternoons walking around the local mall.	下雨天，家人常常在当地的购物中心里逛上一下午。	同义词：shopping center	https://www.leonwang.cc/ielts-vocab/data-13.js?v=20260618-1
13	建筑场所	60	complex	/ˈkɒmpleks/	n.	核心	综合建筑群		The new sports complex includes a swimming pool, a gym, and several tennis courts.	新的综合体育中心包括游泳池、健身房和几个网球场。	形容词义：复杂的	https://www.leonwang.cc/ielts-vocab/data-13.js?v=20260618-1
13	建筑场所	61	supermarket	/ˌsuːpəˈmɑːkɪt/	n.	核心	超市		You can find almost everything you need for daily life in a large supermarket.	在大型超市里，你几乎可以找到日常生活所需的一切。	常见品牌：Tesco, Walmart, Carrefour	https://www.leonwang.cc/ielts-vocab/data-13.js?v=20260618-1
13	建筑场所	62	booth	/buːθ/	n.	高频	售货摊；电话亭；小隔间		The voting booth was set up in the corner of the community hall.	投票亭设在社区大厅的角落里。	搭配：a telephone booth（电话亭）；a photo booth（自助快照亭）	https://www.leonwang.cc/ielts-vocab/data-13.js?v=20260618-1
13	建筑场所	63	casino	/kaˈsiːnoʊ/	n.	低频	赌场		The city decided to build a casino to attract more tourists, but many residents opposed the plan.	该市决定建造赌场以吸引更多游客，但许多居民反对这一计划。	词源：意大利语'小房舍'	https://www.leonwang.cc/ielts-vocab/data-13.js?v=20260618-1
13	建筑场所	64	studio	/ˈstiːjuːdiə/	n.	核心	演播室；工作室；单间公寓		She rents a small studio downtown where she paints and teaches art classes.	她在市中心租了一间小工作室，在那里画画并教艺术课。	搭配：a movie studio（电影制片厂）；a TV studio（电视演播室）	https://www.leonwang.cc/ielts-vocab/data-13.js?v=20260618-1
13	建筑场所	65	downtown	/ˌdaʊnˈtaʊn/	n./adj.	核心	市中心 adj. 市中心的		The downtown area is always busy with office workers and shoppers during weekdays.	工作日的市中心总是挤满了上班族和购物者。	反义词：uptown（住宅区）	https://www.leonwang.cc/ielts-vocab/data-13.js?v=20260618-1
13	建筑场所	66	urban	/ˈɜːbən/	adj.	核心	城市的		Urban populations are growing rapidly as more people move to cities for better job opportunities.	随着越来越多的人为了更好的工作机会搬到城市，城市人口正在迅速增长。	动词：urbanise（使城市化）；名词：urbanisation（城市化）	https://www.leonwang.cc/ielts-vocab/data-13.js?v=20260618-1
13	建筑场所	67	peripheral	/pəˈrɪfərəl/	adj.	高频	外围的 n. 外围设备		The peripheral areas of the city often lack public transportation and other services.	城市的外围地区常常缺乏公共交通和其他服务。	名词：periphery（外围，边缘）	https://www.leonwang.cc/ielts-vocab/data-13.js?v=20260618-1
13	建筑场所	68	vicinity	/ˈvɪsɪnɪti/	n.	高频	附近，邻近地区		There are several good restaurants in the vicinity of the hotel.	酒店附近有几家不错的餐厅。	搭配：in the vicinity of（在……附近）	https://www.leonwang.cc/ielts-vocab/data-13.js?v=20260618-1
13	建筑场所	69	room	/ruːm/	n.	核心	房间；空间		Is there enough room in your car for all our luggage?	你车里有足够的空间放我们所有的行李吗？	注意：room 作'空间'讲时不可数	https://www.leonwang.cc/ielts-vocab/data-13.js?v=20260618-1
13	建筑场所	70	void	/ˈvɔːd/	n.	高频	空间；空白；空虚 adj. 空的		After her children moved out, she felt a void in her daily life.	孩子们搬出去后，她在日常生活中感到一种空虚。	法律用语：null and void（无效）	https://www.leonwang.cc/ielts-vocab/data-13.js?v=20260618-1
13	建筑场所	71	spacious	/ˈspeɪʃəs/	adj.	核心	宽敞的		The new office is spacious enough to accommodate all the employees comfortably.	新办公室很宽敞，足以舒适地容纳所有员工。	名词：space（空间）	https://www.leonwang.cc/ielts-vocab/data-13.js?v=20260618-1
13	建筑场所	72	airtight	/ˈeətaɪt/	adj.	高频	密封的，不透气的		Store the coffee beans in an airtight container to keep them fresh for longer.	将咖啡豆存放在密封容器中以保持更长时间的新鲜。	搭配：an airtight alibi（无懈可击的不在场证明）	https://www.leonwang.cc/ielts-vocab/data-13.js?v=20260618-1
13	建筑场所	73	expanse	/ɪkˈspæns/	n.	高频	广阔，辽阔		Looking out over the vast expanse of the ocean made him feel peaceful.	眺望广阔的海洋让他感到平静。	相关：expand（膨胀），expansion（扩张）	https://www.leonwang.cc/ielts-vocab/data-13.js?v=20260618-1
13	建筑场所	74	plaza	/ˈplɑːzə/	n.	高频	广场；购物中心		The city's main plaza is often used for concerts and public festivals.	城市的主广场常用于音乐会和公众节日活动。	搭配：a travel plaza（公路服务区）	https://www.leonwang.cc/ielts-vocab/data-13.js?v=20260618-1
13	建筑场所	75	castle	/ˈkɑːsəl/	n.	核心	城堡		The medieval castle has been turned into a museum that attracts thousands of visitors each year.	这座中世纪城堡已被改造成博物馆，每年吸引成千上万的游客。	习语：castle in the air（空中楼阁）	https://www.leonwang.cc/ielts-vocab/data-13.js?v=20260618-1
13	建筑场所	76	carpenters	/ˈkɑːpəntərz/	n.	高频	木匠		The carpenters built custom bookshelves for the library using oak wood.	木匠们用橡木为图书馆定制了书架。	词源：原指'制作马车的人'	https://www.leonwang.cc/ielts-vocab/data-13.js?v=20260618-1
13	建筑场所	77	mason	/ˈmæzn/	n.	低频	石匠，泥瓦匠		The mason carefully chiseled the stone to fit perfectly into the wall.	石匠小心地凿刻石头，使其完美地嵌入墙壁。	名词：masonry（砖石建筑）	https://www.leonwang.cc/ielts-vocab/data-13.js?v=20260618-1
13	建筑场所	78	tile	/taɪl/	n.	高频	瓦；瓷砖		We chose blue tiles for the bathroom floor to match the walls.	我们为浴室地板选择了蓝色瓷砖以匹配墙面。	动词：tile（铺瓷砖）	https://www.leonwang.cc/ielts-vocab/data-13.js?v=20260618-1
13	建筑场所	79	brickwork	/ˈbrɪkwɜːk/	n.	低频	砖结构		The old brickwork on the factory chimney is starting to crumble.	工厂烟囱上的旧砖结构开始剥落。	名词：brick（砖）	https://www.leonwang.cc/ielts-vocab/data-13.js?v=20260618-1
13	建筑场所	80	suspension	/səˈspenʃən/	n.	核心	暂缓；暂停（或停赛等）		The player received a two-game suspension for unsportsmanlike conduct.	该球员因违反体育道德行为被禁赛两场。	动词：suspend（暂停；悬挂）	https://www.leonwang.cc/ielts-vocab/data-13.js?v=20260618-1
13	建筑场所	81	hook	/hʊk/	n.	核心	钩，钩状物；勾拳		Hang your coat on the hook behind the door before you sit down.	坐下之前把你的外套挂在门后的钩子上。	文化：Captain Hook（虎克船长）	https://www.leonwang.cc/ielts-vocab/data-13.js?v=20260618-1
13	建筑场所	82	lever	/ˈliːvər/	n.	核心	杠杆；操纵杆		Pushing the lever forward will increase the speed of the machine.	向前推动操纵杆会提高机器的速度。	动词：lever（撬动）	https://www.leonwang.cc/ielts-vocab/data-13.js?v=20260618-1
13	建筑场所	83	pole	/pəʊl/	n.	核心	竿，杆		The telephone poles along the road were damaged in the storm.	路边的电线杆在暴风雨中损坏了。	对比：North Pole / South Pole（北极/南极）	https://www.leonwang.cc/ielts-vocab/data-13.js?v=20260618-1
13	建筑场所	84	scaffold	/ˈskæfəld/	n.	低频	脚手架；绞刑架		Workers erected a scaffold around the old building to repair the facade.	工人们在大楼周围搭起脚手架来修复外立面。	动词：scaffold（搭脚手架）	https://www.leonwang.cc/ielts-vocab/data-13.js?v=20260618-1
13	建筑场所	85	infrastructure	/ˈɪnfrəˌstrʌktʃə/	n.	核心	基础设施		The government is investing billions in improving the country's aging infrastructure.	政府正投入数十亿资金改善国家老化的基础设施。	包括 roads, bridges, power grids 等	https://www.leonwang.cc/ielts-vocab/data-13.js?v=20260618-1
13	建筑场所	86	apparatus	/əˈpærətəs/	n.	高频	器械，装置		The laboratory is equipped with sophisticated apparatus for chemical analysis.	实验室配备了用于化学分析的精密器械。	复数：apparatuses 或 apparatus	https://www.leonwang.cc/ielts-vocab/data-13.js?v=20260618-1
13	建筑场所	87	crane	/kreɪn/	n.	高频	起重机；鹤		A giant crane was used to lift the steel beams into place.	用了一台巨大的起重机将钢梁吊装到位。	动词：crane（伸长脖子）	https://www.leonwang.cc/ielts-vocab/data-13.js?v=20260618-1
13	建筑场所	88	malfunction	/ˈmælfʌŋkʃən/	v.	高频	发生故障	mal-（坏的）+ function	The elevator malfunctioned, trapping several people inside for an hour.	电梯发生故障，将几个人困在里面一小时。	名词：malfunction（故障）	https://www.leonwang.cc/ielts-vocab/data-13.js?v=20260618-1
13	建筑场所	89	maintain	/meɪnˈteɪn/	v.	核心	维持；维修；坚称		You need to maintain your car regularly to keep it running smoothly.	你需要定期保养汽车以使其平稳运行。	名词：maintenance（维护）	https://www.leonwang.cc/ielts-vocab/data-13.js?v=20260618-1
13	建筑场所	90	fix	/fɪks/	v.	核心	修理；使固定		The plumber came to fix the leaking pipe under the sink.	水管工来修理水槽下面漏水的管子。	名词：fix（补救；确定）	https://www.leonwang.cc/ielts-vocab/data-13.js?v=20260618-1
13	建筑场所	91	weld	/weld/	v.	高频	焊接；使紧密结合		The mechanic welded the broken frame back together.	机械师将断裂的框架焊接在一起。	名词：weld（焊接点）	https://www.leonwang.cc/ielts-vocab/data-13.js?v=20260618-1
13	建筑场所	92	saw	/sɔː/	n.	核心	锯		He used a handsaw to cut the wooden board into smaller pieces.	他用一把手锯将木板切割成更小的块。	动词：saw（锯开）；过去式：sawed，过去分词：sawn	https://www.leonwang.cc/ielts-vocab/data-13.js?v=20260618-1
13	建筑场所	93	screw	/skruː/	n.	核心	螺丝钉；螺旋桨		You need a screwdriver to tighten the screws on this hinge.	你需要一把螺丝刀来拧紧这个铰链上的螺丝钉。	动词：screw（拧紧）	https://www.leonwang.cc/ielts-vocab/data-13.js?v=20260618-1
13	建筑场所	94	drill	/drɪl/	n./v.	核心	钻机；反复练习 v. 钻（孔）；训练		The workers used a powerful drill to make holes in the concrete wall.	工人们用强力钻机在混凝土墙上打孔。	搭配：fire drill（消防演习）	https://www.leonwang.cc/ielts-vocab/data-13.js?v=20260618-1
13	建筑场所	95	plumb	/plʌm/	n./v.	识记	(表示垂直度等的)铅锤 v. 用铅垂线校正		The carpenter used a plumb line to ensure the wall was perfectly vertical.	木匠用铅垂线确保墙壁完全垂直。	形容词：plumb（垂直的）	https://www.leonwang.cc/ielts-vocab/data-13.js?v=20260618-1
13	建筑场所	96	viaduct	/ˌvaɪəˈdʌkt/	n.	识记	高架桥		The train crossed the valley on a long stone viaduct built in the 19th century.	火车行驶在19世纪建造的长石高架桥上穿过山谷。	对比：aqueduct（渡槽）	https://www.leonwang.cc/ielts-vocab/data-13.js?v=20260618-1
13	建筑场所	97	span	/spæn/	n.	核心	跨距，跨度；持续时间		The bridge has a main span of over 800 meters, making it one of the longest in the region.	这座桥的主跨超过800米，是该地区最长的桥梁之一。	搭配：attention span（注意力持续时间）	https://www.leonwang.cc/ielts-vocab/data-13.js?v=20260618-1
13	建筑场所	98	dam	/dæm/	n.	核心	水坝 v. 控制，抑制		The dam was built to provide hydroelectric power and control flooding.	修建水坝是为了提供水力发电并控制洪水。	动词：dam up（筑坝拦住）	https://www.leonwang.cc/ielts-vocab/data-13.js?v=20260618-1
13	建筑场所	99	trim	/trɪm/	v./adj.	高频	修剪；装饰 adj. 整齐的，整洁的		He trimmed the hedge into neat shapes with a pair of garden shears.	他用一把园艺剪把树篱修剪成整齐的形状。	名词：trim（修剪；装饰）	https://www.leonwang.cc/ielts-vocab/data-13.js?v=20260618-1
13	建筑场所	100	assembly	/əˈsembəl/	v.	核心	组装；装配		Workers at the factory are responsible for the assembly of electronic components.	工厂的工人负责电子元件的组装。	注意：原文词性标为 v.，实际动词是 assemble，此处按原文处理但建议修正	https://www.leonwang.cc/ielts-vocab/data-13.js?v=20260618-1
13	建筑场所	101	install	/ɪnˈstɔːl/	v.	核心	安装		We hired a professional to install the air conditioning unit before summer.	我们雇了一位专业人士在夏天到来前安装空调。	名词：installation	https://www.leonwang.cc/ielts-vocab/data-13.js?v=20260618-1
13	建筑场所	102	furnish	/ˈfɜːnɪʃ/	v.	高频	为......配备家具陈设		It costs a lot of money to furnish a new apartment with quality furniture.	为新房配备优质家具要花很多钱。	名词：furniture（家具）	https://www.leonwang.cc/ielts-vocab/data-13.js?v=20260618-1
13	建筑场所	103	placement	/ˈpleɪsmənt/	n.	高频	放置，布置		The placement of furniture in a small room requires careful planning.	小房间里的家具布置需要精心规划。	动词：place（放置）	https://www.leonwang.cc/ielts-vocab/data-13.js?v=20260618-1
13	建筑场所	104	layout	/ˈləʊtaɪ/	n.	核心	设计，布置		The layout of the website is intuitive, making it easy for visitors to find information.	网站的布局很直观，方便访问者查找信息。	动词：lay out（布置）	https://www.leonwang.cc/ielts-vocab/data-13.js?v=20260618-1
13	建筑场所	105	design	/dɪˈzaɪn/	v./n.	核心	设计；计划 n. 设计		She designed a beautiful logo for the company's new brand identity.	她为公司的新品牌形象设计了一个漂亮的标志。	名词：designer（设计师）	https://www.leonwang.cc/ielts-vocab/data-13.js?v=20260618-1
13	建筑场所	106	entrance	/ˈentrəns/	n.	核心	入口；进入权		The main entrance to the museum is on the south side of the building.	博物馆的主入口在大楼的南侧。	动词：entrance（使入迷）发音不同	https://www.leonwang.cc/ielts-vocab/data-13.js?v=20260618-1
13	建筑场所	107	entry	/ˈentri/	n.	核心	进入；进入权		Entry to the exhibition is free for children under twelve.	十二岁以下儿童免费进入展览。	搭配：entry visa（入境签证）	https://www.leonwang.cc/ielts-vocab/data-13.js?v=20260618-1
13	建筑场所	108	enter	/ˈentə/	v.	核心	进入		Please enter the building through the side door while the main entrance is being repaired.	主入口正在维修，请从侧门进入大楼。	名词：entrance, entry	https://www.leonwang.cc/ielts-vocab/data-13.js?v=20260618-1
13	建筑场所	109	exit	/ˈeksɪt/	n./v.	核心	出口；退场；离去 v. 离去		In case of fire, use the emergency exit located at the back of the room.	如遇火灾，请使用房间后部的紧急出口。	反义词：entrance	https://www.leonwang.cc/ielts-vocab/data-13.js?v=20260618-1
13	建筑场所	110	outside	/ˈaʊtsaɪd/	adj./n.	核心	外部的 n. 外表		The outside of the house needs a fresh coat of paint.	房子的外部需要重新刷漆。	反义词：inside	https://www.leonwang.cc/ielts-vocab/data-13.js?v=20260618-1
13	建筑场所	111	outward	/ˈaʊtwəd/	adj./adv.	核心	向外的 adv. 向外		The outward appearance of the building is modern, but the interior retains its original character.	建筑的外观很现代，但内部保留了原有的特色。	反义词：inward	https://www.leonwang.cc/ielts-vocab/data-13.js?v=20260618-1
13	建筑场所	112	exterior	/ɪkˈstɪəri/	n./adj.	高频	外部，外观 adj. 外部的		The exterior of the car was covered in dust after the long desert drive.	长时间的沙漠行驶后，汽车的外壳布满了灰尘。	反义词：interior	https://www.leonwang.cc/ielts-vocab/data-13.js?v=20260618-1
13	建筑场所	113	external	/ɪkˈstɜːnəl/	adj.	核心	外来的；外面的；对外的		The company hired an external consultant to review its business strategy.	公司聘请了一位外部顾问来审查其商业战略。	反义词：internal	https://www.leonwang.cc/ielts-vocab/data-13.js?v=20260618-1
13	建筑场所	114	inner	/ˈɪnə/	adj.	核心	内部的；内心的		Meditation helps her connect with her inner self and reduce stress.	冥想帮助她与内在自我连接并减轻压力。	搭配：inner peace（内心的平静）	https://www.leonwang.cc/ielts-vocab/data-13.js?v=20260618-1
13	建筑场所	115	interior	/ˈɪntrɪərɪə/	n./adj.	核心	内部 adj. 内部的		The interior of the church was decorated with beautiful frescoes.	教堂的内部装饰着美丽的壁画。	搭配：interior design（室内设计）	https://www.leonwang.cc/ielts-vocab/data-13.js?v=20260618-1
13	建筑场所	116	inward	/ˈɪnwəd/	adj./adv.	核心	向内的；内心的 adv. 向内		She took an inward breath before stepping onto the stage.	她踏上舞台前向内深吸了一口气。	反义词：outward	https://www.leonwang.cc/ielts-vocab/data-13.js?v=20260618-1
13	建筑场所	117	internal	/ɪnˈtɜːnl/	adj.	核心	内部的；自身的；国内的		The company is facing internal conflicts between the sales and marketing departments.	公司正面临销售和市场部门之间的内部冲突。	反义词：external	https://www.leonwang.cc/ielts-vocab/data-13.js?v=20260618-1
13	建筑场所	118	architecture	/ˈɑːkɪstektʃə/	n.	核心	建筑风格；建筑学		The architecture of the ancient Roman aqueducts still impresses modern engineers.	古罗马渡槽的建筑风格至今仍令现代工程师赞叹。	派生词：architect（建筑师）	https://www.leonwang.cc/ielts-vocab/data-13.js?v=20260618-1
13	建筑场所	119	erection	/ɪˈrekʃən/	n.	高频	建筑，建造		The erection of the new library was completed ahead of schedule.	新图书馆的建造提前完工了。	动词：erect（建造；竖立）	https://www.leonwang.cc/ielts-vocab/data-13.js?v=20260618-1
13	建筑场所	120	structure	/ˈstrʌktʃə/	n.	核心	建筑物；结构	struct（建立）	The steel structure of the bridge can withstand strong earthquakes.	这座桥的钢结构能够抵御强震。	形容词：structural	https://www.leonwang.cc/ielts-vocab/data-13.js?v=20260618-1
13	建筑场所	121	construct	/kənˈstrʌkt/	v.	核心	建造	struct（建立）	The company plans to construct 500 new houses in the area by next year.	该公司计划明年之前在该地区建造500套新房。	名词：construction；形容词：constructive	https://www.leonwang.cc/ielts-vocab/data-13.js?v=20260618-1
13	建筑场所	122	obstruct	/əbˈstrʌkt/	v.	高频	阻塞；妨碍	struct（建立）	A parked car was obstructing the entrance to the garage.	一辆停着的汽车阻塞了车库入口。	名词：obstruction；同义词：block	https://www.leonwang.cc/ielts-vocab/data-13.js?v=20260618-1
13	建筑场所	123	establish	/ɪˈstæblɪʃ/	v.	核心	建立，设立		The university was established in 1885 and has a long history of academic excellence.	这所大学成立于1885年，拥有悠久的学术卓越历史。	名词：establishment；形容词：established	https://www.leonwang.cc/ielts-vocab/data-13.js?v=20260618-1
13	建筑场所	124	build	/bɪld/	v.	核心	建造；开发		They are building a new school in the neighborhood to accommodate more students.	他们正在社区里建造一所新学校以容纳更多学生。	名词：building	https://www.leonwang.cc/ielts-vocab/data-13.js?v=20260618-1
13	建筑场所	125	found	/faʊnd/	v.	核心	创建，创办		The city was founded by settlers from Europe over 300 years ago.	这座城市是300多年前由欧洲定居者创建的。	名词：foundation（基础；基金会）；founder（创始人）	https://www.leonwang.cc/ielts-vocab/data-13.js?v=20260618-1
13	建筑场所	126	concrete	/ˈkɒŋkrɪt/	n./adj.	核心	混凝土 adj. 具体的；混凝土制的		The workers poured concrete into the molds to create the foundation.	工人们将混凝土倒入模具中以制作地基。	副词：concretely（具体地）	https://www.leonwang.cc/ielts-vocab/data-13.js?v=20260618-1
13	建筑场所	127	steel	/stiːl/	n.	核心	钢铁		The skyscraper's frame is made of steel to ensure its strength and durability.	摩天大楼的框架由钢铁制成，以确保其强度和耐久性。	形容词：steely（钢铁般的；强硬的）	https://www.leonwang.cc/ielts-vocab/data-13.js?v=20260618-1
13	建筑场所	128	stability	/ˈstaɪblɪti/	n.	核心	稳定（性）		The bridge's stability depends on regular maintenance and inspections.	桥梁的稳定性取决于定期维护和检查。	形容词：stable（稳定的）；反义词：instability	https://www.leonwang.cc/ielts-vocab/data-13.js?v=20260618-1
13	建筑场所	129	site	/saɪt/	n.	核心	地点		The construction site was closed after the safety inspection failed.	安全检查未通过后，施工现场被关闭了。	搭配：building site（建筑工地）	https://www.leonwang.cc/ielts-vocab/data-13.js?v=20260618-1
13	建筑场所	130	venue	/ˈvenjuː/	n.	核心	发生地点，举行场所		The concert venue can hold up to 20,000 people.	音乐会场地最多可容纳两万人。	常见搭配：wedding venue（婚礼场地）	https://www.leonwang.cc/ielts-vocab/data-13.js?v=20260618-1
13	建筑场所	131	landmark	/ˈlændmɑːk/	n.	核心	地标；里程碑		The Eiffel Tower is one of the most famous landmarks in the world.	埃菲尔铁塔是世界上最著名的地标之一。	搭配：a landmark in sth.（某事的里程碑）	https://www.leonwang.cc/ielts-vocab/data-13.js?v=20260618-1
13	建筑场所	132	situated	/ˈsɪtʃuˌeɪtɪd/	adj.	核心	位于......的		The hotel is situated in a quiet street close to the city center.	这家酒店位于靠近市中心的一条安静街道上。	动词：situate（位于；使处于）	https://www.leonwang.cc/ielts-vocab/data-13.js?v=20260618-1
14	交通旅行	1	navigate	/naveɪsɡeɪt/	v.	高频	航行；横渡	nav/nau = 船	Sailors once used the stars to navigate across vast and empty oceans.	水手们曾利用星星在浩瀚无人的大海上航行。	navigation n. 航行；navigator n. 领航员	https://www.leonwang.cc/ielts-vocab/data-14.js?v=20260618-1
14	交通旅行	2	voyage	/vəɪ-ɪd3/	n.	高频	航海，航天；航行		The voyage across the Atlantic took the small ship nearly three weeks.	横渡大西洋的航程花了这艘小船将近三周的时间。	"Bon voyage!" 来自法语，意为"一路顺风！"	https://www.leonwang.cc/ielts-vocab/data-14.js?v=20260618-1
14	交通旅行	3	aviation	/eɪviˈeɪʃən/	n.	低频	航空；航空学；航空工业	avi = 鸟 → aviation 航空	Commercial aviation has made international travel accessible to millions of people.	商业航空使得数百万人能够进行国际旅行。		https://www.leonwang.cc/ielts-vocab/data-14.js?v=20260618-1
14	交通旅行	4	journey	/dʒ3sn/	n.	核心	旅行；历程		The journey from Beijing to Shanghai takes just over four hours by high-speed rail.	从北京到上海的旅程乘坐高铁只需四个多小时。		https://www.leonwang.cc/ielts-vocab/data-14.js?v=20260618-1
14	交通旅行	5	travel	/'traevəl/	n./v.	核心	旅行		She plans to travel around Southeast Asia after graduation.	她计划毕业后环游东南亚。	搭配：travel abroad 出国旅行	https://www.leonwang.cc/ielts-vocab/data-14.js?v=20260618-1
14	交通旅行	6	safari	/sa'færi/	n.	低频	（尤指在东非的）观兽旅行		During their safari in Kenya, they saw lions, elephants and giraffes up close.	在肯尼亚的观兽旅行中，他们近距离看到了狮子、大象和长颈鹿。	搭配：be/go on safari 进行观兽旅行	https://www.leonwang.cc/ielts-vocab/data-14.js?v=20260618-1
14	交通旅行	7	parade	/pə'reid/	v.	高频	游行；炫耀 n. 庆祝游行；列队行进；炫耀		Thousands of people lined the streets to watch the Spring Festival parade.	成千上万的人站在街道两旁观看春节庆祝游行。		https://www.leonwang.cc/ielts-vocab/data-14.js?v=20260618-1
14	交通旅行	8	haunt	/hənt/	v.	低频	（鬼魂等）常出没于 n. 常去的地方		According to local legend, the spirit of an old sailor still haunts that lighthouse.	根据当地传说，一名老水手的鬼魂仍时常出没于那座灯塔。	搭配：a haunted house 鬼屋	https://www.leonwang.cc/ielts-vocab/data-14.js?v=20260618-1
14	交通旅行	9	attraction	/a'trækʃən/	n.	核心	吸引；具有吸引力的事物		The Great Wall is one of the most popular tourist attractions in the world.	长城是世界上最受欢迎的旅游景点之一。	attractive adj. 吸引人的	https://www.leonwang.cc/ielts-vocab/data-14.js?v=20260618-1
14	交通旅行	10	memorial	/mə'sɪməriəl/	n.	高频	纪念碑 adj. 纪念的，悼念的		The stone memorial was built to honour the soldiers who lost their lives in the war.	这座石碑是为纪念在战争中牺牲的士兵而建。	memory n. 记忆；commemorate v. 纪念	https://www.leonwang.cc/ielts-vocab/data-14.js?v=20260618-1
14	交通旅行	11	pyramid	/'pɪrəmd/	n.	核心	金字塔；棱锥体		The ancient pyramids of Egypt continue to amaze scientists and tourists alike.	古埃及金字塔至今仍同样令科学家和游客惊叹。	pharaoh n. 法老；mummy n. 木乃伊	https://www.leonwang.cc/ielts-vocab/data-14.js?v=20260618-1
14	交通旅行	12	port	/pɔ:t/	n.	核心	港口；左舷		The fishing boats return to the port every evening at sunset.	渔船每天傍晚日落时返回港口。	porter, import, export, seaport, airport, transport, report, passport	https://www.leonwang.cc/ielts-vocab/data-14.js?v=20260618-1
14	交通旅行	13	visa	/vi:za/	n.	核心	签证	vis = 看见	You must apply for a visa at least one month before travelling to that country.	你必须至少在前往该国前一个月申请签证。		https://www.leonwang.cc/ielts-vocab/data-14.js?v=20260618-1
14	交通旅行	14	traffic	/traefik/	n.	核心	交通，车流		Heavy traffic in the city centre can double the usual travel time.	市中心的繁忙交通可能使路上耗时比平时多出一倍。	traffic regulations 交通规则；a traffic jam 交通堵塞	https://www.leonwang.cc/ielts-vocab/data-14.js?v=20260618-1
14	交通旅行	15	airline	/ealm/	n.	核心	航空公司		Several major airlines now offer direct flights from London to that island.	现在好几家主要航空公司都提供从伦敦直飞那个岛屿的航班。		https://www.leonwang.cc/ielts-vocab/data-14.js?v=20260618-1
14	交通旅行	16	airplane	/eaplem/	n.	核心	飞机		The airplane climbed smoothly through the low clouds and into the bright sunlight.	飞机平稳地爬升穿过低云，进入明亮的阳光之中。	aeroplane n. 飞机；aircraft n. 飞机	https://www.leonwang.cc/ielts-vocab/data-14.js?v=20260618-1
14	交通旅行	17	helicopter	/helkopt/	n.	高频	直升机 v. 用直升机载送；乘直升机旅行		A rescue helicopter arrived quickly and lifted the injured hiker to safety.	一架救援直升机迅速赶到，把受伤的徒步者空运至安全地带。		https://www.leonwang.cc/ielts-vocab/data-14.js?v=20260618-1
14	交通旅行	18	jet	/d3et/	n.	高频	喷气式飞机；喷射口		The private jet landed smoothly on the small runway near the resort.	那架私人喷气式飞机在度假村附近的小跑道上平稳着陆。		https://www.leonwang.cc/ielts-vocab/data-14.js?v=20260618-1
14	交通旅行	19	parachute	/parajut/	n.	低频	降落伞		Before the jump, the instructor carefully checked each skydiver's parachute.	跳伞前，教练仔细检查了每位跳伞者的降落伞。		https://www.leonwang.cc/ielts-vocab/data-14.js?v=20260618-1
14	交通旅行	20	flight	/flat/	n.	核心	飞行；航班		Due to the heavy snow, all flights out of the city were cancelled.	由于大雪，所有离开该市的航班都取消了。		https://www.leonwang.cc/ielts-vocab/data-14.js?v=20260618-1
14	交通旅行	21	pilot	/paiot/	n.	核心	飞行员		The pilot made an announcement that we would be landing in about twenty minutes.	飞行员广播通知我们大约二十分钟后着陆。		https://www.leonwang.cc/ielts-vocab/data-14.js?v=20260618-1
14	交通旅行	22	passenger	/pasind3/	n.	核心	乘客		All passengers are required to fasten their seat belts during take-off and landing.	所有乘客在起飞和降落期间都必须系好安全带。		https://www.leonwang.cc/ielts-vocab/data-14.js?v=20260618-1
14	交通旅行	23	baggage	/baqid3/	n.	核心	[尤美]行李		We waited by the carousel for our baggage to come out after the long flight.	长途飞行后，我们在行李传送带旁等待行李出来。	搭配：check in one's baggage 托运某人的行李	https://www.leonwang.cc/ielts-vocab/data-14.js?v=20260618-1
14	交通旅行	24	luggage	/lAgid3/	n.	核心	行李		His luggage was so heavy that he could hardly lift it onto the train.	他的行李太重了，几乎提不上火车。		https://www.leonwang.cc/ielts-vocab/data-14.js?v=20260618-1
14	交通旅行	25	suitcase	/sutkes/	n.	核心	手提箱		She packed all her summer clothes into a colourful suitcase and headed to the airport.	她把所有夏装都塞进一个彩色手提箱，然后赶往机场。		https://www.leonwang.cc/ielts-vocab/data-14.js?v=20260618-1
14	交通旅行	26	carry-on	/'kæri pn/	n.	高频	[美]（可随身携带上飞机的）小包 adj. 随身携带上飞机的		I only travel with a carry-on so I don't have to wait for checked luggage.	我只带一件随身行李旅行，这样就不用等托运行李了。	carry v. 携带	https://www.leonwang.cc/ielts-vocab/data-14.js?v=20260618-1
14	交通旅行	27	itinerary	/a'itnari/	n.	高频	行程，路线		The travel agency sent us a detailed itinerary for the week-long tour.	旅行社给我们发了一份为期一周的详细行程单。		https://www.leonwang.cc/ielts-vocab/data-14.js?v=20260618-1
14	交通旅行	28	rack	/ræk/	n.	高频	搁物架，挂物架		He put his backpack on the overhead luggage rack and took his seat by the window.	他把背包放在头顶的行李架上，然后坐到了靠窗的座位上。		https://www.leonwang.cc/ielts-vocab/data-14.js?v=20260618-1
14	交通旅行	29	freight	/freit/	n.	高频	货运；货物 v. 运送（货物）		Most of the fresh fruit is sent to Europe by air freight to keep it from spoiling.	大部分新鲜水果都通过空运发往欧洲，以免变质。	freighter n. 货船，运输飞机	https://www.leonwang.cc/ielts-vocab/data-14.js?v=20260618-1
14	交通旅行	30	fare	/fea/	n.	核心	车费，路费		Public transport fares in the city went up by 10% this year.	今年该市的公共交通票价上涨了10%。		https://www.leonwang.cc/ielts-vocab/data-14.js?v=20260618-1
14	交通旅行	31	passage	/pasid3/	n.	高频	通过；通道，走廊		The narrow passage between the buildings led us to a tiny hidden square.	楼房之间那条狭窄的通道把我们引向一个隐蔽的小广场。	搭配：block passage of information 封锁消息	https://www.leonwang.cc/ielts-vocab/data-14.js?v=20260618-1
14	交通旅行	32	intersection	/int'sekf/	n.	高频	十字路口，交叉路口		You will see the bank on your left just before the busy intersection.	在繁忙的十字路口之前，你会看到银行就在左手边。		https://www.leonwang.cc/ielts-vocab/data-14.js?v=20260618-1
14	交通旅行	33	cross	/kros/	n.	核心	十字形；十字架 v. 穿过		It's safer to cross the road at the pedestrian crossing near the traffic lights.	在交通灯附近的人行横道过马路更安全。		https://www.leonwang.cc/ielts-vocab/data-14.js?v=20260618-1
14	交通旅行	34	atlas	/'ætlas/	n.	低频	地图册，地图集		She bought a world atlas to help her children learn the names of different countries.	她买了一本世界地图册，帮助孩子们学习各个国家的名称。	Atlas 是希腊神话中的提坦巨人，后用于指地图册。	https://www.leonwang.cc/ielts-vocab/data-14.js?v=20260618-1
14	交通旅行	35	way	/we/	n.	核心	路；方式		Can you tell me the quickest way to get to the railway station from here?	你能告诉我从这儿去火车站最快的路吗？	搭配：on one's way to 在某人去……的路上	https://www.leonwang.cc/ielts-vocab/data-14.js?v=20260618-1
14	交通旅行	36	path	/pa:0/	n.	核心	小路		A narrow path led through the woods to a small, calm lake.	一条狭窄的小路穿过树林通向一个小而平静的湖泊。		https://www.leonwang.cc/ielts-vocab/data-14.js?v=20260618-1
14	交通旅行	37	route	/ru:t/	n.	核心	路线		The coastal route takes longer, but the views are absolutely worth it.	沿海路线耗时更长，但沿途的风景绝对值得。		https://www.leonwang.cc/ielts-vocab/data-14.js?v=20260618-1
14	交通旅行	38	lane	/len/	n.	核心	小巷；车道		Cycling is safer when there is a separate cycle lane on busy roads.	繁忙的马路如果有单独的自行车道，骑车会更安全。		https://www.leonwang.cc/ielts-vocab/data-14.js?v=20260618-1
14	交通旅行	39	avenue	/'av3nju/	n.	高频	大街；途径	ven = 来	The wide avenue is lined with tall palm trees on both sides.	宽阔的大街两旁种着高大的棕榈树。		https://www.leonwang.cc/ielts-vocab/data-14.js?v=20260618-1
14	交通旅行	40	highway	/haivw/	n.	核心	[尤美]公路		A new highway has been built to connect the two major cities more directly.	一条新的公路已经建成，把这两座主要城市更直接地连接起来。		https://www.leonwang.cc/ielts-vocab/data-14.js?v=20260618-1
14	交通旅行	41	curb	/k3b/	n.	低频	路缘；起控制作用的事物		She stepped off the curb just as a bus passed by, which gave her a real fright.	她走下路缘时刚好一辆公交车经过，把她吓了一大跳。		https://www.leonwang.cc/ielts-vocab/data-14.js?v=20260618-1
14	交通旅行	42	signpost	/sainpoust/	n.	低频	路标		The signpost at the crossroads pointed to the village that was five miles away.	十字路口的路标指向五英里外的村庄。		https://www.leonwang.cc/ielts-vocab/data-14.js?v=20260618-1
14	交通旅行	43	pave	/perv/	v.	高频	铺（路或地面）		The road was paved with smooth stones, making it pleasant to walk on.	这条路用光滑的石头铺成，走在上面很舒服。	pavement n.（硬化）路面	https://www.leonwang.cc/ielts-vocab/data-14.js?v=20260618-1
14	交通旅行	44	vehicle	/vi:kl/	n.	核心	车辆，交通工具；工具，手段		Electric vehicles are becoming more common on the streets of large cities.	在大城市的街道上，电动汽车正变得越来越常见。	搭配：load a vehicle 把东西装入车中	https://www.leonwang.cc/ielts-vocab/data-14.js?v=20260618-1
14	交通旅行	45	auto	/a:to/	n.	核心	汽车		The auto industry is investing heavily in battery technology and self-driving cars.	汽车工业正在电池技术和自动驾驶汽车上大量投资。	automobile n. 汽车	https://www.leonwang.cc/ielts-vocab/data-14.js?v=20260618-1
14	交通旅行	46	express	/ik'spres/	n.	核心	特快列车；快递服务 v. 表示 adj. 特快的		We took the airport express train and arrived in the centre within thirty minutes.	我们乘坐机场特快列车，不到三十分钟就到了市中心。	搭配：express mail 特快邮件	https://www.leonwang.cc/ielts-vocab/data-14.js?v=20260618-1
14	交通旅行	47	tram	/tram/	n.	低频	[尤英]有轨电车		The old-fashioned tram moves slowly through the historic streets of the city centre.	那辆老式有轨电车缓慢地穿过市中心历史悠久的街道。		https://www.leonwang.cc/ielts-vocab/data-14.js?v=20260618-1
14	交通旅行	48	coach	/kaut/	n.	核心	[英]长途汽车；教练；[英]私人教师 v. 训练		The overnight coach from Edinburgh to London takes around nine hours.	从爱丁堡到伦敦的夜间长途汽车大约需要九个小时。		https://www.leonwang.cc/ielts-vocab/data-14.js?v=20260618-1
14	交通旅行	49	ambulance	/ambjslans/	n.	核心	救护车		The ambulance arrived within minutes and rushed the injured man to hospital.	救护车几分钟内就到了，把受伤的男子紧急送往医院。		https://www.leonwang.cc/ielts-vocab/data-14.js?v=20260618-1
14	交通旅行	50	truck	/trA/	n.	核心	卡车；散篷货运火车		A huge truck carrying fresh vegetables overturned on the icy road.	一辆运载新鲜蔬菜的大卡车在结冰的道路上翻倒了。		https://www.leonwang.cc/ielts-vocab/data-14.js?v=20260618-1
14	交通旅行	51	lorry	/lori/	n.	核心	[英]卡车		The old stone bridge cannot support the weight of a heavy lorry.	那座古老的石桥承受不住重型卡车的重量。		https://www.leonwang.cc/ielts-vocab/data-14.js?v=20260618-1
14	交通旅行	52	van	/van/	n.	高频	厢式货车；客货车		He rented a van to move all the furniture to his new flat.	他租了一辆厢式货车，把所有家具搬到了新公寓。		https://www.leonwang.cc/ielts-vocab/data-14.js?v=20260618-1
14	交通旅行	53	wagon	/wagon/	n.	低频	四轮运货马车（或牛车）；[英]（火车的）货车车厢		The children laughed as the farmer gave them a ride on his hay wagon.	农夫让这些孩子搭他的运草车，孩子们哈哈大笑。		https://www.leonwang.cc/ielts-vocab/data-14.js?v=20260618-1
14	交通旅行	54	carriage	/karrds/	n.	低频	四轮马车；[英]（客运火车的）车厢		In the old days, people travelled across the country in a horse-drawn carriage.	从前，人们乘坐马车在全国各地旅行。		https://www.leonwang.cc/ielts-vocab/data-14.js?v=20260618-1
14	交通旅行	55	tractor	/'traektə/	n.	高频	拖拉机；牵引车		Modern tractors are equipped with GPS to help farmers plant crops more efficiently.	现代拖拉机装上了GPS，帮助农民更高效地种植庄稼。		https://www.leonwang.cc/ielts-vocab/data-14.js?v=20260618-1
14	交通旅行	56	cart	/kAt/	n.	高频	运货马车；[美]（超市等提供的）手推车，购物车		She pushed a shopping cart through the supermarket, picking up fresh vegetables and bread.	她推着购物车穿过超市，挑选新鲜蔬菜和面包。		https://www.leonwang.cc/ielts-vocab/data-14.js?v=20260618-1
14	交通旅行	57	pedicab	/pedikab/	n.	识记	（人力）三轮车		In some tourist areas, you can hire a pedicab for a relaxed ride around the old town.	在一些旅游区，你可以租一辆三轮车，悠闲地逛一逛老城区。		https://www.leonwang.cc/ielts-vocab/data-14.js?v=20260618-1
14	交通旅行	58	cycle	/sakəl/	v.	核心	骑（自行车）n. 周期；自行车	cycl = 圆、轮	Many city residents choose to cycle to work instead of driving.	许多城市居民选择骑自行车上班而不是开车。	cyclist n. 骑自行车的人；recycle v. 回收利用	https://www.leonwang.cc/ielts-vocab/data-14.js?v=20260618-1
14	交通旅行	59	garage	/'gæridʒ/	n.	核心	汽车修理厂；车库		The car started making strange noises, so we took it to the nearest garage.	那辆车开始发出奇怪的声音，于是我们把它送到了最近的修理厂。		https://www.leonwang.cc/ielts-vocab/data-14.js?v=20260618-1
14	交通旅行	60	motor	/'məutə/	n.	核心	发动机 adj. 机动的	mov/mob/mot = 移动	The electric motor is much quieter than a traditional petrol engine.	电动机比传统的汽油发动机安静得多。	motorist n. 汽车驾驶人；motor vehicles 机动车辆	https://www.leonwang.cc/ielts-vocab/data-14.js?v=20260618-1
14	交通旅行	61	horsepower	/'hɔ:s,pauə/	n.	高频	马力		The new sports car has a powerful engine with over 400 horsepower.	这辆新跑车配有超过400马力的强大引擎。		https://www.leonwang.cc/ielts-vocab/data-14.js?v=20260618-1
14	交通旅行	62	wheel	/wi:l/	n.	核心	方向盘；车轮		He gripped the steering wheel tightly as the car approached the sharp bend.	汽车驶近急弯时，他紧紧握住方向盘。		https://www.leonwang.cc/ielts-vocab/data-14.js?v=20260618-1
14	交通旅行	63	brake	/bri:k/	n.	核心	车间；刹车 v. 刹车		The driver pressed the brake suddenly when a dog ran into the road.	一只狗冲上马路时，司机突然踩下了刹车。		https://www.leonwang.cc/ielts-vocab/data-14.js?v=20260618-1
14	交通旅行	64	tyre	/taiə/	n.	核心	轮胎		He had to change the front tyre after it went flat on the rough mountain road.	在崎岖的山路上前轮瘪了之后，他不得不更换轮胎。	也作 tire	https://www.leonwang.cc/ielts-vocab/data-14.js?v=20260618-1
14	交通旅行	65	honk	/hɔŋk/	n.	高频	汽车喇叭声；鹅叫声 v. 按（汽车喇叭）		The taxi driver behind us started to honk impatiently when the light turned green.	绿灯亮起时，我们后面的出租车司机开始不耐烦地按喇叭。		https://www.leonwang.cc/ielts-vocab/data-14.js?v=20260618-1
14	交通旅行	66	crew	/kru:/	n.	核心	（轮船、飞机等上的）全体工作人员；（有专门技术的）一组工作人员		The cabin crew served drinks and snacks shortly after the plane took off.	飞机起飞后不久，客舱乘务员就送上了饮料和小吃。	搭配：a film crew 电影摄制组	https://www.leonwang.cc/ielts-vocab/data-14.js?v=20260618-1
14	交通旅行	67	captain	/ˈkæptʃən/	n.	核心	船长；队长		The captain gave clear orders to the crew before the ship departed.	船长在船出发前向船员下达了清晰的命令。	联想：cap（帽子）+ tain（领头人）	https://www.leonwang.cc/ielts-vocab/data-14.js?v=20260618-1
14	交通旅行	68	steward	/ˈstiːwəd/	n.	高频	男乘务员；管家		The steward helped passengers find their seats and store their luggage.	乘务员帮助乘客找到座位并存放行李。	对应词：stewardess（女乘务员）	https://www.leonwang.cc/ielts-vocab/data-14.js?v=20260618-1
14	交通旅行	69	emergency	/ɪˈmɜːdʒənsɪ/	n.	核心	紧急事件 adj. 应急的		In an emergency, call the police or fire department immediately.	遇到紧急情况时，请立即报警或呼叫消防部门。	搭配：emergency exit（紧急出口）	https://www.leonwang.cc/ielts-vocab/data-14.js?v=20260618-1
14	交通旅行	70	wreck	/rek/	v./n.	高频	使失事；破坏 n. 失事的船只（或汽车、飞机等）；残破的东西		The storm wrecked several boats along the rocky coastline.	暴风雨使岩石海岸线上的几艘船失事。	名词：wreckage（残骸）	https://www.leonwang.cc/ielts-vocab/data-14.js?v=20260618-1
14	交通旅行	71	crash	/kræʃ/	v.	核心	撞击；崩溃；破产		The driver lost control and the car crashed into a tree.	司机失去控制，汽车撞到了一棵树上。	搭配：car crash（车祸）；stock market crash（股市崩盘）	https://www.leonwang.cc/ielts-vocab/data-14.js?v=20260618-1
14	交通旅行	72	crush	/krʌʃ/	v./n.	核心	压碎，压坏 n. 拥挤的人群；迷恋；迷恋对象		The machine crushes rocks into small pieces for road construction.	这台机器把岩石压碎成小块用于道路建设。	表达迷恋：have a crush on sb.（迷恋某人）	https://www.leonwang.cc/ielts-vocab/data-14.js?v=20260618-1
14	交通旅行	73	dash	/dæʃ/	v.	高频	猛冲；猛摔		She dashed across the street to catch the bus before it left.	她猛冲过马路，赶在公交车离开前上车。	名词：dash（破折号；短跑）	https://www.leonwang.cc/ielts-vocab/data-14.js?v=20260618-1
14	交通旅行	74	vanish	/ˈvænɪʃ/	v.	高频	突然消失；绝迹		The magician made the rabbit vanish from the hat in seconds.	魔术师让兔子在几秒钟内从帽子里消失了。	同义词：disappear；习语：vanish into thin air（消失得无影无踪）	https://www.leonwang.cc/ielts-vocab/data-14.js?v=20260618-1
14	交通旅行	75	disappear	/ˌdɪsəˈpɪə/	v.	核心	失踪；消失		The sun disappeared behind the clouds, and it started to rain.	太阳消失在云层后面，开始下雨了。	反义词：appear；搭配：disappear from	https://www.leonwang.cc/ielts-vocab/data-14.js?v=20260618-1
14	交通旅行	76	hazard	/ˈhæzəd/	n./v.	核心	危险 v. 使冒风险		Fog is a serious hazard for drivers on mountain roads.	雾对在山路上行驶的司机来说是一个严重的危险。	形容词：hazardous；搭配：at all hazards（不顾一切地）	https://www.leonwang.cc/ielts-vocab/data-14.js?v=20260618-1
14	交通旅行	77	alibi		n.	低频	（法律上的）不在犯罪现场的证明，借口		The suspect had a strong alibi, as witnesses saw him in another city at the time.	嫌疑人有强有力的不在场证明，当时有目击者看到他在另一个城市。	常见于法律语境	https://www.leonwang.cc/ielts-vocab/data-14.js?v=20260618-1
14	交通旅行	78	wreck	/rek/	v./n.	高频	使失事；破坏 n. 失事的船只（或汽车、飞机等）；残破的东西		The old house became a wreck after years of neglect.	老房子年久失修，成了一片废墟。	注意与前一条目重复	https://www.leonwang.cc/ielts-vocab/data-14.js?v=20260618-1
14	交通旅行	79	crash	/kræʃ/	v.	核心	撞击；崩溃；破产		My computer crashed in the middle of saving my important file.	我的电脑在保存重要文件的中途崩溃了。	计算机术语：系统崩溃	https://www.leonwang.cc/ielts-vocab/data-14.js?v=20260618-1
14	交通旅行	80	crush	/krʌʃ/	v./n.	核心	压碎，压坏 n. 拥挤的人群；迷恋；迷恋对象		She had a secret crush on her classmate for two years.	她暗恋她的同学两年了。	名词 crush 常用于青少年语境	https://www.leonwang.cc/ielts-vocab/data-14.js?v=20260618-1
14	交通旅行	81	anchor	/ˈæŋkər/	n.	高频	锚		The sailors dropped the anchor to stop the boat near the shore.	水手们抛锚，让船停靠在岸边附近。	动词：anchor（抛锚；使固定）	https://www.leonwang.cc/ielts-vocab/data-14.js?v=20260618-1
14	交通旅行	82	submerge	/səb'mə:d3/	v.	高频	（使）浸没；掩盖		The heavy rain caused the river to rise and submerge several low-lying roads.	大雨使河水上涨，淹没了若干低洼路段。		https://www.leonwang.cc/ielts-vocab/data-14.js?v=20260618-1
14	交通旅行	83	sailor	/'seilə/	n.	核心	海员，水手		My grandfather was a sailor who crossed the Pacific many times during his career.	我祖父是一名水手，他的职业生涯中多次横渡太平洋。		https://www.leonwang.cc/ielts-vocab/data-14.js?v=20260618-1
14	交通旅行	84	seaman	/'si:man/	n.	高频	海员，水手		The rescue boat was operated by a group of experienced seamen who knew the coast well.	那艘救援艇由一群经验丰富、熟悉海岸的海员操作。		https://www.leonwang.cc/ielts-vocab/data-14.js?v=20260618-1
14	交通旅行	85	carrier	/'kæriə/	n.	低频	航空母舰；运输工具		An aircraft carrier can launch dozens of planes at sea within a short time.	一艘航空母舰可以在短时间内从海上起飞几十架飞机。		https://www.leonwang.cc/ielts-vocab/data-14.js?v=20260618-1
14	交通旅行	86	steamer	/'sti:ma/	n.	低频	汽船，轮船		In the 19th century, steamers carried both goods and passengers across the oceans.	19世纪，蒸汽轮船载着货物和乘客穿越大洋。		https://www.leonwang.cc/ielts-vocab/data-14.js?v=20260618-1
14	交通旅行	87	liner	/'lana/	n.	高频	邮轮，客轮		The luxury liner can accommodate over 3,000 passengers on a single trip.	这艘豪华邮轮一次可容纳3000多名乘客。		https://www.leonwang.cc/ielts-vocab/data-14.js?v=20260618-1
14	交通旅行	88	vessel	/'vesəl/	n.	核心	大船，舰；容器，器皿		The coast guard sent out several vessels to search for the missing fishing boat.	海岸警卫队派出多艘船只搜寻失踪的渔船。		https://www.leonwang.cc/ielts-vocab/data-14.js?v=20260618-1
14	交通旅行	89	ferry	/'feri/	n.	核心	渡船 v. 渡运		The ferry takes about an hour to cross from the island back to the mainland.	乘坐渡船从那个岛回到大陆大约需要一个小时。	搭配：a steam ferry 蒸汽渡船	https://www.leonwang.cc/ielts-vocab/data-14.js?v=20260618-1
14	交通旅行	90	sail	/'sel/	v.	核心	航行；驾驶（帆船）		They plan to sail around the island on their own small yacht this summer.	他们计划今年夏天驾着自己的小帆船环岛航行。		https://www.leonwang.cc/ielts-vocab/data-14.js?v=20260618-1
14	交通旅行	91	raft	/ra:ft/	n.	低频	木筏，木排		The children built a small raft from branches and floated it on the pond.	孩子们用树枝做了一个小木筏，放在池塘里让它漂。		https://www.leonwang.cc/ielts-vocab/data-14.js?v=20260618-1
14	交通旅行	92	canoe	/'ka'nue/	n.	低频	独木舟		They paddled the canoe slowly across the misty lake at dawn.	黎明时分，他们划着独木舟缓缓地穿过雾气弥漫的湖面。		https://www.leonwang.cc/ielts-vocab/data-14.js?v=20260618-1
14	交通旅行	93	oar	/o:/	n.	低频	桨 v. 用桨划（船）		If we all pull the oars together, the boat moves faster and straighter.	如果我们一起划桨，船会走得更快更直。		https://www.leonwang.cc/ielts-vocab/data-14.js?v=20260618-1
14	交通旅行	94	deck	/dek/	n.	核心	甲板 v. 装饰		We stood on the deck and watched the sun sink slowly below the horizon.	我们站在甲板上，望着太阳慢慢沉入地平线以下。	搭配：deck sth. out 装饰某处	https://www.leonwang.cc/ielts-vocab/data-14.js?v=20260618-1
14	交通旅行	95	turbine	/'t3:ban/	n.	低频	涡轮机		Wind turbines are an important source of renewable energy in many countries.	风力涡轮机在许多国家是可再生能源的重要来源。		https://www.leonwang.cc/ielts-vocab/data-14.js?v=20260618-1
14	交通旅行	96	propeller	/pro'pelə/	n.	低频	螺旋桨，推进器		The sound of the propeller grew louder as the small plane prepared for take-off.	随着小飞机准备起飞，螺旋桨的声音越来越响。		https://www.leonwang.cc/ielts-vocab/data-14.js?v=20260618-1
14	交通旅行	97	stern	/st3n/	n.	低频	船尾		He stood at the stern of the boat and watched the island get smaller in the distance.	他站在船尾，看着那个海岛在远处越变越小。	bow n. 船头 v. 鞠躬	https://www.leonwang.cc/ielts-vocab/data-14.js?v=20260618-1
14	交通旅行	98	aboard	/a'bad/	adv.	高频	在（船、飞机等）上		Once all passengers were aboard, the bus driver closed the door and drove off.	所有乘客上车后，公交车司机关上门开走了。		https://www.leonwang.cc/ielts-vocab/data-14.js?v=20260618-1
14	交通旅行	99	embark	/'m'ba:k/	v.	高频	上船（或飞机等）；开始做		They are about to embark on a challenging journey through the mountains.	他们即将开始一段穿越山区的艰难旅程。	board 木板 → aboard 在船上；bark 树皮 → embark 上船	https://www.leonwang.cc/ielts-vocab/data-14.js?v=20260618-1
14	交通旅行	100	channel	/'tʃæn/	n.	核心	航道；电视频道；海峡		The English Channel separates the United Kingdom from the rest of Europe.	英吉利海峡将英国与欧洲其他地区分隔开来。		https://www.leonwang.cc/ielts-vocab/data-14.js?v=20260618-1
14	交通旅行	101	canal	/kən'neɪl/	n.	高频	运河；（人体内输送食物、空气等的）管		The Panama Canal provides a vital shortcut for ships between the two oceans.	巴拿马运河为船只提供了横跨两大洋的重要捷径。		https://www.leonwang.cc/ielts-vocab/data-14.js?v=20260618-1
14	交通旅行	102	ditch	/dɪtʃ/	n.	低频	沟，渠 v. 抛弃		He fell into a muddy ditch while walking along the dark country road.	他在漆黑的乡间小路上行走时掉进了一条泥泞的水沟里。		https://www.leonwang.cc/ielts-vocab/data-14.js?v=20260618-1
14	交通旅行	103	railroad	/'reɪlɪəʊd/	n.	核心	[美]铁路，铁路公司		The transcontinental railroad played a key role in the development of the American West.	横贯大陆的铁路在美国西部开发中起了关键作用。		https://www.leonwang.cc/ielts-vocab/data-14.js?v=20260618-1
14	交通旅行	104	railway	/'reɪlɪəʊ/	n.	核心	[英]铁路，铁路系统		The national railway network connects almost every major city in the country.	全国铁路网连接了该国几乎每一座主要城市。	搭配：a railway station 火车站	https://www.leonwang.cc/ielts-vocab/data-14.js?v=20260618-1
14	交通旅行	105	locomotive	/lɑʊkə'məʊtɪv/	n.	低频	火车头，机车		An old steam locomotive was displayed at the entrance of the railway museum.	铁路博物馆的入口处展出了一辆老式的蒸汽机车。		https://www.leonwang.cc/ielts-vocab/data-14.js?v=20260618-1
14	交通旅行	106	subway	/'sʌbweɪ/	n.	核心	[英]地下通道；[美]地铁		Many commuters prefer the subway to avoid heavy traffic in the city centre.	许多通勤者宁愿坐地铁以避开市中心繁忙的交通。		https://www.leonwang.cc/ielts-vocab/data-14.js?v=20260618-1
14	交通旅行	107	underground	/'ʌndəgraʊnd/	adj.	核心	地下的；秘密的 n. [英]地铁		London is famous for its extensive underground system, known as the Tube.	伦敦以其庞大的地铁系统而闻名，通常称为 the Tube。		https://www.leonwang.cc/ielts-vocab/data-14.js?v=20260618-1
14	交通旅行	108	tunnel	/'tʌn/	n.	核心	隧道，地道		The train entered a long tunnel, and the carriage was suddenly filled with darkness.	火车驶入一条长长的隧道，车厢里顿时一片漆黑。		https://www.leonwang.cc/ielts-vocab/data-14.js?v=20260618-1
14	交通旅行	109	rail	/reɪl/	n.	核心	栏杆；铁路路轨		Please hold the handrail while walking up and down the steep stairs.	上下陡峭的楼梯时，请抓紧扶手。		https://www.leonwang.cc/ielts-vocab/data-14.js?v=20260618-1
14	交通旅行	110	depart	/dɪ'pɑːt/	v.	核心	离开，启程		The first train departs at six in the morning, so you'll have to get up very early.	第一班列车早上六点发车，所以你必须非常早就起床。	departure n. 离开；搭配：depart from 离开，从……出发	https://www.leonwang.cc/ielts-vocab/data-14.js?v=20260618-1
14	交通旅行	111	arrive	/ə'raɪv/	v.	核心	到达；取得成功		The flight is expected to arrive at its destination around noon if there are no delays.	如果没有延误，航班预计中午前后抵达目的地。	arrival n. 到达	https://www.leonwang.cc/ielts-vocab/data-14.js?v=20260618-1
14	交通旅行	112	destination	/destɪ'neɪn/	n.	核心	目的地，终点		After more than ten hours of driving, they finally reached their destination.	开了十多个小时的车后，他们终于到达了目的地。		https://www.leonwang.cc/ielts-vocab/data-14.js?v=20260618-1
14	交通旅行	113	delay	/dɪ'leɪ/	n.	核心	耽搁；延期 v. 使耽搁；使延期		Our flight was delayed by two hours due to heavy fog at the airport.	由于机场的大雾，我们的航班延误了两个小时。		https://www.leonwang.cc/ielts-vocab/data-14.js?v=20260618-1
14	交通旅行	114	postpone	/'pəʊs'pəʊn/	v.	核心	推迟，使延期		The outdoor concert has been postponed until next Saturday because of the storm.	由于暴风雨，户外音乐会已推迟到下周六。		https://www.leonwang.cc/ielts-vocab/data-14.js?v=20260618-1
14	交通旅行	115	defer	/dɪ'fɜː/	v.	低频	推迟，拖延		The students asked if they could defer their final exam due to medical reasons.	学生们询问是否可以因健康原因推迟期末考试。	搭配：defer payment 拖延付款	https://www.leonwang.cc/ielts-vocab/data-14.js?v=20260618-1
14	交通旅行	116	lull	/lʌl/	n.	低频	暂停，暂时平静期 v. 使昏昏欲睡		After the noisy afternoon, a sudden lull fell over the playground.	喧嚣的下午过后，操场突然安静了下来。		https://www.leonwang.cc/ielts-vocab/data-14.js?v=20260618-1
14	交通旅行	117	expire	/ɪk'spaɪə/	v.	高频	期满；气绝，死亡		You should check whether your passport is going to expire before booking your trip.	你预订行程前应该检查一下护照是否快到期了。	expiration n. 截止，期满	https://www.leonwang.cc/ielts-vocab/data-14.js?v=20260618-1
14	交通旅行	118	due	/dju:/	adj.	高频	到期的，预期的		The assignment is due next Monday, so you still have a few days to finish it.	作业下周一交，所以你还有几天时间完成。	overdue adj. 过期未完成的	https://www.leonwang.cc/ielts-vocab/data-14.js?v=20260618-1
14	交通旅行	119	postage	/'poustid3/	n.	高频	邮费，邮资		The postage for a standard letter has gone up by just a few pence this year.	今年标准信件的邮资只涨了几便士。	post n. 邮件；postman n. 邮递员；postcode n. 邮政编码	https://www.leonwang.cc/ielts-vocab/data-14.js?v=20260618-1
14	交通旅行	120	stamp	/stamp/	n.	核心	邮票；印章 v. 在......上贴邮票；盖（章）		She carefully peeled a stamp off the sheet and stuck it on the envelope.	她小心地从邮票版上撕下一张邮票，贴在信封上。		https://www.leonwang.cc/ielts-vocab/data-14.js?v=20260618-1
14	交通旅行	121	envelope	/'envalop/	n.	核心	信封		He sealed the envelope and wrote the sender's address on the back of it.	他封好信封，在背面写上了寄件人地址。	搭配：an airmail envelope 航空信封	https://www.leonwang.cc/ielts-vocab/data-14.js?v=20260618-1
14	交通旅行	122	mail	/meil/	n.	核心	邮件，邮包；邮政 v. 邮寄		I'll mail you the documents tomorrow, and they should reach you by Friday.	我明天把文件邮寄给你，周五前你应该就能收到。	e-mail n. 电子邮件	https://www.leonwang.cc/ielts-vocab/data-14.js?v=20260618-1
14	交通旅行	123	packet	/'pakt/	n.	高频	[英]包装盒；[尤英]小件包裹		She opened a packet of biscuits and shared them with her classmates.	她打开一包饼干，分给班上的同学。		https://www.leonwang.cc/ielts-vocab/data-14.js?v=20260618-1
14	交通旅行	124	package	/'pakid3/	n.	核心	包裹；[美]盒，包 v. 包装		A large package arrived at the office with our name written on the outside.	一个写有我们名字的大包裹送到了办公室。	pack n. 包；背包 v. 打点（行装）	https://www.leonwang.cc/ielts-vocab/data-14.js?v=20260618-1
14	交通旅行	125	bind	/band/	v.	高频	捆，绑		They bound the heavy boxes together with thick rope to make them easier to carry.	他们用粗绳子把沉重的箱子捆在一起，以便搬运。	搭配：bind up 包扎	https://www.leonwang.cc/ielts-vocab/data-14.js?v=20260618-1
14	交通旅行	126	parcel	/'pasal/	v.	高频	打包，包 n.（土地的）一块；[尤英]包裹		She parcelled up the books and took them to the post office to send to her friend.	她把书包好带到邮局寄给朋友。		https://www.leonwang.cc/ielts-vocab/data-14.js?v=20260618-1
14	交通旅行	127	load	/loud/	v.	核心	装载，装满 n. 负荷；大量		The workers loaded the truck with boxes of fresh fruit for the morning market.	工人们把一箱箱新鲜水果装上卡车，准备运往早市。	unload v. 从……卸货；搭配：a load of 大量的	https://www.leonwang.cc/ielts-vocab/data-14.js?v=20260618-1
14	交通旅行	128	burden	/'bsdn/	v.	核心	（使）担负 n. 重担，负担		High rent can be a serious financial burden for students living in big cities.	高昂的房租对住在大城市的学生来说可能是一个沉重的经济负担。	搭配：bear the burden of 背负着……的重担	https://www.leonwang.cc/ielts-vocab/data-14.js?v=20260618-1
14	交通旅行	129	transfer	/'træns'f3/	v.	核心	（使）迁移，（使）转移；（使）调动		You will need to transfer to another bus at the central station to reach the museum.	你需要在中央车站换乘另一辆公交车才能到达博物馆。	搭配：transfer to 转移到；转学到	https://www.leonwang.cc/ielts-vocab/data-14.js?v=20260618-1
14	交通旅行	130	transmit	/'trænz'mit/	v.	核心	传送；传播，传染；传输		Some diseases can be transmitted simply through a handshake or shared surfaces.	有些疾病仅仅通过握手或共用的表面就能传播。	transmission n. 传送；变速器	https://www.leonwang.cc/ielts-vocab/data-14.js?v=20260618-1
14	交通旅行	131	transit	/ˈtrænsɪt/	v./n.	核心	通过；运送 n. 运输；通行；过境，中转		The damaged goods were lost in transit during shipping.	损坏的货物在运输过程中丢失了。	搭配：in transit（在运输中）；a transit visa（过境签证）	https://www.leonwang.cc/ielts-vocab/data-14.js?v=20260618-1
14	交通旅行	132	deliver	/dɪˈlɪvə/	v.	核心	传送，递送		The postman delivers mail to our neighborhood every afternoon.	邮递员每天下午往我们社区递送邮件。	名词：delivery；搭配：deliver a speech（发表演讲）	https://www.leonwang.cc/ielts-vocab/data-14.js?v=20260618-1
14	交通旅行	133	convey	/kənˈveɪ/	v.	核心	运送，输送；表达，传递		The pipeline conveys natural gas from the coast to inland cities.	管道将天然气从海岸输送到内陆城市。	同义词：transport（运送）；express（表达）	https://www.leonwang.cc/ielts-vocab/data-14.js?v=20260618-1
14	交通旅行	134	speed	/spiːd/	n.	核心	速度；迅速		The new train reaches speeds of over 300 kilometers per hour.	新型列车的时速超过300公里。	动词：speed（加速）；搭配：speed limit（限速）	https://www.leonwang.cc/ielts-vocab/data-14.js?v=20260618-1
14	交通旅行	135	velocity	/vɪˈzlɪti/	n.	高频	速度		The velocity of the wind increased as the storm approached the island.	随着风暴逼近岛屿，风速增大了。	物理学术语，常指方向速度	https://www.leonwang.cc/ielts-vocab/data-14.js?v=20260618-1
14	交通旅行	136	swift	/swɪft/	adj.	核心	迅速的；敏捷的		The company took swift action to fix the software bug.	公司迅速采取行动修复了软件漏洞。	名词：swiftness；同义词：quick, rapid	https://www.leonwang.cc/ielts-vocab/data-14.js?v=20260618-1
14	交通旅行	137	harbour	/ˈhɑːbə/	n.	核心	港口，海港		The fishing boats returned to the harbour before the storm hit.	暴风雨来临前，渔船返回了港口。	美式拼写：harbor；形容词：harbourless	https://www.leonwang.cc/ielts-vocab/data-14.js?v=20260618-1
14	交通旅行	138	dock	/dɒk/	n.	核心	码头，船坞		The ship was in the dock for repairs after its long voyage.	长途航行后，这艘船在船坞进行维修。	动词：dock（停靠码头；扣除）；搭配：dry dock（干船坞）	https://www.leonwang.cc/ielts-vocab/data-14.js?v=20260618-1
14	交通旅行	139	anchor	/ˈæŋkə/	n.	核心	锚		The crew dropped the anchor as soon as they reached the safe bay.	船员们一到达安全海湾就抛下了锚。	动词：anchor（抛锚；使固定）；搭配：anchor chain（锚链）	https://www.leonwang.cc/ielts-vocab/data-14.js?v=20260618-1
15	国家政府	1	republic	/rɪˈpʌblɪk/	n.	核心	共和国，共和政体		The country became a republic after the revolution ended the monarchy.	革命结束了君主制后，那个国家变成了一个共和国。	republican adj. 共和国的；搭配：the People's Republic of China 中华人民共和国；establish a republic 建立共和国	https://www.leonwang.cc/ielts-vocab/data-15.js?v=20260618-1
15	国家政府	2	Marxism	/'ma:ksizəm/	n.	低频	马克思主义	Marx（马克思）+ ism（主义）	The professor gave a lecture on the basic principles of Marxism.	教授做了一场关于马克思主义基本原理的讲座。		https://www.leonwang.cc/ielts-vocab/data-15.js?v=20260618-1
15	国家政府	3	socialism	/'səuʃəl-izəm/	n.	核心	社会主义		The government is committed to building socialism with local characteristics.	政府致力于建设具有当地特色的社会主义。	socialist adj. 社会主义的；social adj. 社会的；society n. 社会；搭配：serve socialism 为社会主义服务	https://www.leonwang.cc/ielts-vocab/data-15.js?v=20260618-1
15	国家政府	4	communism	/'komjənizəm/	n.	低频	共产主义		The idea of communism has influenced many political movements around the world.	共产主义思想影响了世界上许多政治运动。	communist n. 共产主义者；common adj. 普通的；communal adj. 公共的	https://www.leonwang.cc/ielts-vocab/data-15.js?v=20260618-1
15	国家政府	5	regime	/reɪ'ʃiəm/	n.	高频	统治制度，政权，政体	reg = 统治，管理	The new regime introduced a series of economic reforms to boost growth.	新政权推出了一系列经济改革以促进增长。		https://www.leonwang.cc/ielts-vocab/data-15.js?v=20260618-1
15	国家政府	6	government	/'gʌvərmənt/	n.	核心	政府；政体；统治		The government has announced new measures to reduce air pollution.	政府宣布了减少空气污染的新措施。	govern v. 统治，治理；governor n. 统治者；主管	https://www.leonwang.cc/ielts-vocab/data-15.js?v=20260618-1
15	国家政府	7	authority	/'ɔːθəriːti/	n.	核心	权力；权威人士；行政管理机构；[the authorities] 当局		The local authority decided to build a new library for the community.	地方当局决定为社区修建一座新图书馆。	authorise (= authorize) v. 授权，批准；搭配：abuse authority 滥用职权	https://www.leonwang.cc/ielts-vocab/data-15.js?v=20260618-1
15	国家政府	8	political	/pə'litikl/	adj.	核心	政治的；政党的		She has been active in political circles since her university days.	她从大学时代起就一直活跃于政界。	policy n. 政策；politics n. 政治；politician n. 政治家；搭配：a political party 政党	https://www.leonwang.cc/ielts-vocab/data-15.js?v=20260618-1
15	国家政府	9	hierarchy	/'haiərɑːki/	n.	高频	等级制度；统治集团		In a strict hierarchy, every person knows exactly who they report to.	在严格的等级制度中，每个人都很清楚自己向谁汇报。		https://www.leonwang.cc/ielts-vocab/data-15.js?v=20260618-1
15	国家政府	10	democracy	/dɪˈmɒkrəsi/	n.	核心	民主，民主制度；民主国家	demo（人民）+ cracy（统治）→ 由人民统治	Free and fair elections are an essential part of any healthy democracy.	自由公正的选举是任何健康民主制度的重要组成部分。	democratise v. 使民主；democrat n. 民主主义者；democratic adj. 民主的	https://www.leonwang.cc/ielts-vocab/data-15.js?v=20260618-1
15	国家政府	11	bureaucracy	/bjuə'rɒkrəsi/	n.	高频	官僚制度；官僚作风		The complex bureaucracy often slows down the process of starting a business.	复杂的官僚制度常常拖慢了创业的进程。	bureaucratism n. 官僚主义	https://www.leonwang.cc/ielts-vocab/data-15.js?v=20260618-1
15	国家政府	12	egalitarian	/ɪ,ɡælɪ'teəriən/	adj.	低频	平等主义的 n. 平等主义者		The ideal of an egalitarian society has inspired many social reforms.	平等主义社会的理想激发了许多社会改革。		https://www.leonwang.cc/ielts-vocab/data-15.js?v=20260618-1
15	国家政府	13	materialism	/mə'tɪəriəlɪzəm/	n.	低频	唯物主义；唯物论		Dialectical materialism is a fundamental theory in Marxist philosophy.	辩证唯物主义是马克思主义哲学的基本理论。	material n. 物质；素材；材料	https://www.leonwang.cc/ielts-vocab/data-15.js?v=20260618-1
15	国家政府	14	revolution	/ˌrevə'luːʃən/	n.	核心	革命；巨大变化		The digital revolution has changed the way people communicate and work.	数字革命改变了人们交流和工作的方式。	revolutionary adj. 革命的 n. 革命者	https://www.leonwang.cc/ielts-vocab/data-15.js?v=20260618-1
15	国家政府	15	neutral	/'nju:trəl/	adj.	高频	中立的；中性的		The mediator must remain neutral and not take either side in the dispute.	调解人必须保持中立，不在争端中偏袒任何一方。	neutrally adv. 中立地；搭配：remain neutral 保持中立	https://www.leonwang.cc/ielts-vocab/data-15.js?v=20260618-1
15	国家政府	16	bilateral	/'bai'lætərəl/	adj.	高频	双边的		The two leaders signed a bilateral trade agreement to reduce tariffs.	两国领导人签署了一项双边贸易协定以降低关税。	搭配：a bilateral agreement 双边协定；bilateral negotiations 双边谈判	https://www.leonwang.cc/ielts-vocab/data-15.js?v=20260618-1
15	国家政府	17	reform	/rɪ'fɔːm/	n.	核心	改革，改良 v. 改革，改良；（使）改过自新		Many experts believe that educational reform is necessary for economic development.	许多专家认为教育改革对经济发展是必要的。	搭配：reform and opening up 改革开放	https://www.leonwang.cc/ielts-vocab/data-15.js?v=20260618-1
15	国家政府	18	arena	/ə'ri:nə/	n.	高频	竞技场，运动场；舞台，活动领域		The company entered the international arena with its new smartphone last year.	去年，这家公司凭借新款智能手机进入了国际舞台。	拉丁语原指“沙；沙地”，古罗马角斗场	https://www.leonwang.cc/ielts-vocab/data-15.js?v=20260618-1
15	国家政府	19	flag	/flæɡ/	n.	核心	旗，旗帜		During the ceremony, the national flag was raised slowly as everyone stood in silence.	仪式上，国旗缓缓升起，所有人都肃立着。	搭配：a national flag 国旗	https://www.leonwang.cc/ielts-vocab/data-15.js?v=20260618-1
15	国家政府	20	conservative	/kən'sɜːvətɪv/	adj.	核心	保守的 n. 保守党员		The conservative approach to investment focuses on low risk and steady growth.	保守的投资方式注重低风险和稳定增长。	英国保守党 Conservative Party	https://www.leonwang.cc/ielts-vocab/data-15.js?v=20260618-1
15	国家政府	21	banner	/'bænə/	n.	高频	横幅，标语		Protesters carried banners demanding action on climate change through the streets.	抗议者举着要求就气候变化采取行动的横幅穿过了街道。	搭配：under the banner of 以……的名义，在……的旗帜下	https://www.leonwang.cc/ielts-vocab/data-15.js?v=20260618-1
15	国家政府	22	meltdown	/'meltdaʊn/	n.	低频	（核反应堆的）堆芯熔毁；崩溃		The financial meltdown of 2008 had serious consequences for the global economy.	2008年的金融崩溃对全球经济产生了严重后果。		https://www.leonwang.cc/ielts-vocab/data-15.js?v=20260618-1
15	国家政府	23	municipal	/mjuː'nɪsɪpəl/	adj.	高频	市政的，地方政府的		The municipal council voted to improve public transport in the city centre.	市议会投票决定改善市中心的公共交通。	搭配：a municipal government 市政府	https://www.leonwang.cc/ielts-vocab/data-15.js?v=20260618-1
15	国家政府	24	process	n. /'prəʊses/ v. /prə'ses/	n.	核心	过程，进程 v. 处理；加工；列队前进		Learning a new language is a slow process that requires time and patience.	学习一门新语言是一个需要时间和耐心的缓慢过程。	procession n. 队伍，行列；搭配：in the process of 在……过程中；in process 在进行中	https://www.leonwang.cc/ielts-vocab/data-15.js?v=20260618-1
15	国家政府	25	president	/'prezidənt/	n.	核心	总统；校长；董事长		The university president gave an inspiring speech at the graduation ceremony.	大学校长在毕业典礼上发表了一场鼓舞人心的演讲。	搭配：elect sb. (as) president 选举某人为总统	https://www.leonwang.cc/ielts-vocab/data-15.js?v=20260618-1
15	国家政府	26	premier	/'premiə/	n.	高频	总理，首相 adj. 首要的，第一的		The Italian premier is scheduled to meet the French president next Tuesday.	意大利总理定于下周二与法国总统会面。	premiership n. 总理（或首相）职位（或任期）；搭配：of the premier importance 头等重要的	https://www.leonwang.cc/ielts-vocab/data-15.js?v=20260618-1
15	国家政府	27	minister	/'ministə/	n.	核心	部长，大臣；公使		The education minister proposed a new plan to reduce the number of dropouts.	教育部长提出了一项减少辍学人数的新计划。	搭配：foreign minister 外交部部长	https://www.leonwang.cc/ielts-vocab/data-15.js?v=20260618-1
15	国家政府	28	secretary	/'sekrətəri/	n.	核心	秘书；书记员；大臣		The secretary of the committee took careful notes during the entire meeting.	委员会的秘书在整个会议期间都认真做了笔记。	搭配：employ a new secretary 雇用新秘书	https://www.leonwang.cc/ielts-vocab/data-15.js?v=20260618-1
15	国家政府	29	parliament	/'pɑːləmənt/	n.	核心	议会，国会；[P-]（英国）议会		The bill was passed by parliament and became law the following month.	该法案由议会通过，并于次月成为法律。		https://www.leonwang.cc/ielts-vocab/data-15.js?v=20260618-1
15	国家政府	30	senate	/'senət/	n.	高频	大学理事会；[the S-]（美国等国家的）参议院		The United States Senate has 100 members, two from each state.	美国参议院有100名议员，每个州两名。	搭配：disband a senate 解散理事会	https://www.leonwang.cc/ielts-vocab/data-15.js?v=20260618-1
15	国家政府	31	conference	/'kɒnfərəns/	n.	核心	（常持续数日的大型正式）会议；正式商谈		More than 200 scientists from around the world attended the climate conference.	来自世界各地的200多位科学家出席了这次气候大会。	搭配：attend a conference 出席大会	https://www.leonwang.cc/ielts-vocab/data-15.js?v=20260618-1
15	国家政府	32	meeting	/'miːtɪŋ/	n.	核心	会议；会面		The team holds a short meeting every Monday morning to set weekly goals.	团队每周一早上开短会，设定本周目标。	搭配：address a meeting 在会上发言；hold a meeting 开会	https://www.leonwang.cc/ielts-vocab/data-15.js?v=20260618-1
15	国家政府	33	headquarters	/ˌhed'kwɔːtəz/	n.	核心	总部，总公司；司令部	head（头）+ quarters（营房）→ 头儿的营房 → 司令部	The international company moved its European headquarters to Amsterdam.	这家跨国公司把欧洲总部搬到了阿姆斯特丹。		https://www.leonwang.cc/ielts-vocab/data-15.js?v=20260618-1
15	国家政府	34	delegation	/ˌdelɪ'ɡeɪʃən/	n.	高频	代表团；委派		A delegation of business leaders visited the factory to discuss future cooperation.	一个商业领袖代表团参观了工厂，讨论未来的合作。	delegate v. 委派	https://www.leonwang.cc/ielts-vocab/data-15.js?v=20260618-1
15	国家政府	35	behalf	/bɪ'hɑːf/	n.	高频	[on behalf of sb.] 代表某人		I would like to thank everyone on behalf of the entire management team.	我谨代表整个管理团队感谢大家。	搭配：on behalf of sb. / on sb.'s behalf 代表某人	https://www.leonwang.cc/ielts-vocab/data-15.js?v=20260618-1
15	国家政府	36	police	/pə'liːs/	n.	核心	警察；[the-]警方		The police arrived at the scene within minutes and began their investigation.	警察几分钟内就赶到了现场并开始调查。	搭配：call the police 叫警察	https://www.leonwang.cc/ielts-vocab/data-15.js?v=20260618-1
15	国家政府	37	statesman	/'steɪtsmən/	n.	高频	政治家		He is remembered as a wise statesman who brought peace to the region.	他被人们铭记为一位给该地区带来和平的睿智政治家。		https://www.leonwang.cc/ielts-vocab/data-15.js?v=20260618-1
15	国家政府	38	mayor	/meə/	n.	核心	市长		The mayor promised to create more green spaces in the city over the next five years.	市长承诺在未来五年内为城市增加更多的绿地。		https://www.leonwang.cc/ielts-vocab/data-15.js?v=20260618-1
15	国家政府	39	service	/'sɜːvɪs/	n.	核心	服务；公共服务事业；公共事业机构		The quality of customer service greatly affects whether shoppers will return.	客户服务的质量极大地影响着购物者是否还会再来。	搭配：at sb.'s service 可供某人使用	https://www.leonwang.cc/ielts-vocab/data-15.js?v=20260618-1
15	国家政府	40	office	/'ɒfɪs/	n.	核心	办公室；要职，官职；[O-]部，局，厅		He decided to run for public office after years of community work.	在多年的社区工作之后，他决定竞选公职。	officer n. 官员；军官；搭配：come into office 上任，就职	https://www.leonwang.cc/ielts-vocab/data-15.js?v=20260618-1
15	国家政府	41	bureau	/'bjʊərəʊ/	n.	高频	局，处，科；办事处		The weather bureau warned that heavy rain would continue throughout the weekend.	气象局警告称，强降雨将持续整个周末。	bureaucracy n. 官僚制度；官僚作风	https://www.leonwang.cc/ielts-vocab/data-15.js?v=20260618-1
15	国家政府	42	department	/dɪ'pɑːtmənt/	n.	核心	（政府、企业等机构的）部门；（大学的）系，所		She works in the human resources department of a large technology firm.	她在一家大型科技公司的人力资源部工作。		https://www.leonwang.cc/ielts-vocab/data-15.js?v=20260618-1
15	国家政府	43	harness	/'hɑːnɪs/	v.	高频	控制，利用		Scientists are looking for new ways to harness solar energy more efficiently.	科学家们正在寻找更高效利用太阳能的新方法。		https://www.leonwang.cc/ielts-vocab/data-15.js?v=20260618-1
15	国家政府	44	administration	/ədˌmɪnɪ'streɪʃən/	n.	核心	管理，行政	administer（管理），minister（部长，大臣）	Good administration is the foundation of any successful organisation.	良好的行政管理是任何成功组织的基础。		https://www.leonwang.cc/ielts-vocab/data-15.js?v=20260618-1
15	国家政府	45	dominate	/'dɒmɪneɪt/	v.	核心	支配，控制；占优势		The company dominates the smartphone market with a share of over 40%.	该公司以超过40%的市场份额主导着智能手机市场。	domination n. 控制，统治；predominate v. 占主导地位；搭配：dominate the weaker 支配弱者	https://www.leonwang.cc/ielts-vocab/data-15.js?v=20260618-1
15	国家政府	46	power	/'paʊə/	n.	核心	能力；权力；政权；能源		Solar power is becoming cheaper and more accessible to ordinary households.	太阳能正变得越来越便宜，普通家庭也越来越容易用上。	powerful adj. 强有力的；搭配：come into power 上台，开始执政	https://www.leonwang.cc/ielts-vocab/data-15.js?v=20260618-1
15	国家政府	47	influence	/'ɪnflʊəns/	n.	核心	影响，作用 v. 影响		Parents have a strong influence on the development of their children's values.	父母对子女价值观的发展有着很强的影响。	influential adj. 有影响力的；搭配：have an influence on 对……产生影响	https://www.leonwang.cc/ielts-vocab/data-15.js?v=20260618-1
15	国家政府	48	affect	/ə'fekt/	v.	核心	影响；（感情上）打动，使悲伤		Lack of sleep can seriously affect your concentration and decision-making.	缺乏睡眠会严重影响你的注意力和决策能力。	effect n. 影响，作用	https://www.leonwang.cc/ielts-vocab/data-15.js?v=20260618-1
15	国家政府	49	importance	/ɪm'pɔːtəns/	n.	核心	重要，重要性		Education is of great importance to the long-term development of any society.	教育对任何社会的长远发展都具有重要意义。	important adj. 重要的；搭配：realise the importance 意识到重要性	https://www.leonwang.cc/ielts-vocab/data-15.js?v=20260618-1
15	国家政府	50	significance	/sɪg'nɪfɪkəns/	n.	核心	重要性，意义		The discovery holds great significance for our understanding of ancient cultures.	这一发现对我们理解古代文化具有重大意义。	significant adj. 有意义的；搭配：a matter of significance 有重大意义的事情	https://www.leonwang.cc/ielts-vocab/data-15.js?v=20260618-1
15	国家政府	51	organisation	/ˌɔːɡənaɪ'zeɪʃən/	n.	核心	组织，团体，机构		The charity organisation provides food and shelter for homeless people.	这个慈善组织为无家可归者提供食物和住所。	organise v. 组织；安排；也作 organization	https://www.leonwang.cc/ielts-vocab/data-15.js?v=20260618-1
15	国家政府	52	association	/əˌsəʊsi'eɪʃən/	n.	核心	协会，团体；关联		The bar association sets professional standards for lawyers in the country.	律师协会为该国律师制定了专业标准。	associate v. 联想，联系	https://www.leonwang.cc/ielts-vocab/data-15.js?v=20260618-1
15	国家政府	53	union	/'juːnjən/	n.	核心	联合；联盟；工会	unio（联合），onion（洋葱）同源	The students' union organises social events and provides support for new students.	学生会组织社交活动并为新生提供支持。	搭配：a trade union [英] 工会；a labor union [美] 工会	https://www.leonwang.cc/ielts-vocab/data-15.js?v=20260618-1
15	国家政府	54	community	/kə'mjuːnəti/	n.	核心	社区；群体；（生物的）群落		The local community came together to clean up the park after the storm.	暴风雨过后，当地社区齐心协力清理了公园。	搭配：a community centre 社区活动中心	https://www.leonwang.cc/ielts-vocab/data-15.js?v=20260618-1
15	国家政府	55	consortium	/kən'sɔːtiəm/	n.	低频	财团，联营企业		A consortium of international banks funded the massive construction project.	一个由国际银行组成的财团为这个庞大的建设工程提供了资金。		https://www.leonwang.cc/ielts-vocab/data-15.js?v=20260618-1
15	国家政府	56	league	/liːɡ/	n.	高频	联赛；联盟，同盟		The two teams are at the top of the league, separated by just one point.	这两支球队排在联赛榜首，彼此只差一分。	搭配：form a league 结成联盟	https://www.leonwang.cc/ielts-vocab/data-15.js?v=20260618-1
15	国家政府	57	institution	/ˌɪnstɪ'tjuːʃən/	n.	核心	社会福利机构；（大学、银行等大型）机构		The university is the oldest educational institution in the entire region.	这所大学是整个地区历史最悠久的教育机构。	institute n. 研究所，学院；搭配：an educational institution 教育机构	https://www.leonwang.cc/ielts-vocab/data-15.js?v=20260618-1
15	国家政府	58	unite	/juː'naɪt/	v.	高频	（使）联合，（使）团结		The crisis helped unite the community, and neighbours began helping one another.	这场危机帮助团结了社区，邻居们开始互相帮助。	united adj. 联合的；unity n. 统一；搭配：unite closely 紧密团结	https://www.leonwang.cc/ielts-vocab/data-15.js?v=20260618-1
15	国家政府	59	unique	/juː'niːk/	adj.	核心	独一无二的，唯一的；独特的		Each island in the group has its own unique culture and natural beauty.	该群岛的每个岛屿都有自己独特的文化和自然美景。	搭配：unique ability 独特的才能	https://www.leonwang.cc/ielts-vocab/data-15.js?v=20260618-1
15	国家政府	60	nation	/'neɪʃən/	n.	核心	国家；民族；国民		The small island nation depends heavily on tourism for its national income.	这个小小的岛国严重依赖旅游业来获取国家收入。	national adj. 民族的；国家的；nationality n. 国籍；international adj. 国际的	https://www.leonwang.cc/ielts-vocab/data-15.js?v=20260618-1
15	国家政府	61	global	/'ɡləʊbəl/	adj.	核心	全球的，全世界的		Climate change is a global problem that requires cooperation from all countries.	气候变化是一个全球性问题，需要所有国家合作。	搭配：global warming 全球气候变暖	https://www.leonwang.cc/ielts-vocab/data-15.js?v=20260618-1
15	国家政府	62	worldwide	/ˌwɜːld'waɪd/	adj.	核心	世界范围的，遍及全球的		The movie became a worldwide hit, earning over a billion dollars.	那部电影在全球引起轰动，票房收入超过十亿美元。		https://www.leonwang.cc/ielts-vocab/data-15.js?v=20260618-1
15	国家政府	63	federal	/'fedərəl/	adj.	核心	联邦的，联合的		Federal law overrides state law in matters of national security.	在国家安全问题上，联邦法律优先于州法律。	federation n. 联邦制国家；FBI = Federal Bureau of Investigation	https://www.leonwang.cc/ielts-vocab/data-15.js?v=20260618-1
15	国家政府	64	foreign	/'fɒrɪn/	adj.	核心	外国的；外来的；外交的		Learning a foreign language opens up new opportunities for travel and work.	学习一门外语能带来新的旅行和工作机会。	foreigner n. 外国人；搭配：a foreign policy 外交政策	https://www.leonwang.cc/ielts-vocab/data-15.js?v=20260618-1
15	国家政府	65	overseas	adj. /'əʊvəˌsiːz/ adv. /ˌəʊvəˌsiːz/	adj.	核心	海外的，国外的 adv. 向海外；在国外		She has been working overseas for three years and plans to return home soon.	她已在海外工作了三年，并计划不久后回国。	搭配：overseas trade 海外贸易；an overseas student 留学生	https://www.leonwang.cc/ielts-vocab/data-15.js?v=20260618-1
15	国家政府	66	abroad	/ə'brɔːd/	adv.	核心	到国外，在国外；广为流传		Studying abroad gives students a chance to experience different cultures firsthand.	到国外学习让学生有机会亲身体验不同的文化。	搭配：travel abroad 到国外旅行	https://www.leonwang.cc/ielts-vocab/data-15.js?v=20260618-1
15	国家政府	67	throne	/θrəʊn/	n.	低频	王位；（君王的）宝座		The young prince is next in line for the throne after his father.	年轻的王子是仅次于其父的王位继承人。	搭配：come to the throne 即位，登基	https://www.leonwang.cc/ielts-vocab/data-15.js?v=20260618-1
15	国家政府	68	crown	/kraʊn/	n.	高频	王冠 v. 为......加冕		The queen's crown is decorated with diamonds, pearls, and other precious stones.	女王的王冠上装饰着钻石、珍珠和其他宝石。	搭配：succeed to the crown 继承王位	https://www.leonwang.cc/ielts-vocab/data-15.js?v=20260618-1
15	国家政府	69	civil	/'sɪvəl/	adj.	核心	公民的，国内的；民用的；斯文的		Civil rights activists fought for equal treatment under the law.	民权活动家为法律之下的平等待遇而斗争。	civilise v. 使文明；civilisation n. 文明；搭配：civil rights 公民权利；a civil war 内战	https://www.leonwang.cc/ielts-vocab/data-15.js?v=20260618-1
15	国家政府	70	emigrate	/'emɪɡreɪt/	v.	高频	移居国外		During the famine, many people were forced to emigrate in search of food.	饥荒期间，许多人被迫移居国外以寻找食物。	emigration n. 移居国外	https://www.leonwang.cc/ielts-vocab/data-15.js?v=20260618-1
15	国家政府	71	immigrate	/'ɪmɪɡreɪt/	v.	高频	（从外地）移居，移入		Thousands of skilled workers immigrate to the country every year to fill job shortages.	每年有成千上万的技术工人移居该国，以填补劳动力短缺。	immigration n. 移居（入境）；immigrant n. 移民	https://www.leonwang.cc/ielts-vocab/data-15.js?v=20260618-1
15	国家政府	72	reign	/reɪn/	n.	低频	君主统治时期 v. 统治		The period of Queen Elizabeth I's reign is seen as a golden age in English history.	伊丽莎白一世女王统治时期被视为英国历史上的黄金时代。		https://www.leonwang.cc/ielts-vocab/data-15.js?v=20260618-1
15	国家政府	73	puppet	/'pʌpɪt/	n.	高频	玩偶；傀儡		The new leader was accused of being a mere puppet controlled by the military.	那位新领导人被指责不过是军队控制的傀儡。	搭配：a puppet government 傀儡政府	https://www.leonwang.cc/ielts-vocab/data-15.js?v=20260618-1
15	国家政府	74	wreath	/riːθ/	n.	低频	花环，花冠；（祭奠用的）花圈		On Remembrance Day, people lay wreaths at the monument to honour fallen soldiers.	在阵亡将士纪念日，人们在纪念碑前敬献花圈以缅怀牺牲的士兵。	搭配：a laurel wreath 桂冠	https://www.leonwang.cc/ielts-vocab/data-15.js?v=20260618-1
15	国家政府	75	colony	/'kɒləni/	n.	高频	殖民地		The country gained independence from its former colony in the early 1960s.	该国在20世纪60年代初脱离原殖民地统治获得独立。	colonial n. 殖民地居民 adj. 殖民地的	https://www.leonwang.cc/ielts-vocab/data-15.js?v=20260618-1
15	国家政府	76	liberty	/'lɪbəti/	n.	核心	自由		The Statue of Liberty has welcomed millions of immigrants to the United States.	自由女神像已迎接了数百万移民来到美国。	liberate v. 解放；liberation n. 解放；搭配：the Statue of Liberty 自由女神像	https://www.leonwang.cc/ielts-vocab/data-15.js?v=20260618-1
15	国家政府	77	independence	/ˌɪndɪ'pendəns/	n.	核心	独立；自立		Financial independence is an important goal for many young professionals today.	经济独立是当今许多年轻专业人士的重要目标。	independent adj. 独立的；搭配：fight for independence 为独立而斗争	https://www.leonwang.cc/ielts-vocab/data-15.js?v=20260618-1
15	国家政府	78	slum	/slʌm/	n.	高频	贫民窟		The charity is working to improve living conditions in the city's largest slum.	该慈善机构正在努力改善该市最大贫民窟的生活条件。	搭配：a slum area 贫民区	https://www.leonwang.cc/ielts-vocab/data-15.js?v=20260618-1
15	国家政府	79	refuge	/'refjuːdʒ/	n.	高频	避难，庇护；避难所		Thousands of people sought refuge in neighbouring countries during the conflict.	冲突期间，成千上万的人在邻国寻求庇护。	搭配：seek refuge 寻求庇护	https://www.leonwang.cc/ielts-vocab/data-15.js?v=20260618-1
15	国家政府	80	asylum	/ə'saɪləm/	n.	高频	庇护；精神病院		The refugee applied for political asylum after fleeing violence in his home country.	那位难民在逃离祖国的暴力后申请了政治庇护。	搭配：an asylum seeker 寻求庇护的人	https://www.leonwang.cc/ielts-vocab/data-15.js?v=20260618-1
15	国家政府	81	population	/ˌpɒpju'leɪʃən/	n.	核心	人口，人口数量		The population of the city has doubled in the last twenty years due to migration.	由于人口迁移，这座城市的人口在过去二十年里翻了一番。	populate v. 居住于；搭配：control population 控制人口	https://www.leonwang.cc/ielts-vocab/data-15.js?v=20260618-1
15	国家政府	82	demographic	/ˌdemə'ɡræfɪk/	adj.	低频	人口（学）的，人口统计（学）的	demo（人民）+ graph（写）+ ic → 写关于人民的情况	The demographic data shows that the average age of the population is rising.	人口统计数据显示，人口的平均年龄正在上升。	demography n. 人口统计学	https://www.leonwang.cc/ielts-vocab/data-15.js?v=20260618-1
15	国家政府	83	citizen	/'sɪtɪzən/	n.	核心	公民；市民		Every citizen has the right to vote in a democratic election.	每个公民都有在民主选举中投票的权利。	搭配：an ordinary citizen 普通公民	https://www.leonwang.cc/ielts-vocab/data-15.js?v=20260618-1
15	国家政府	84	resident	/'rezɪdənt/	n.	核心	居民 adj. 居住的		Local residents are invited to attend the public hearing on the new road project.	当地居民被邀请参加关于新建道路项目的公众听证会。	residential adj. 住宅的，适合居住的	https://www.leonwang.cc/ielts-vocab/data-15.js?v=20260618-1
15	国家政府	85	ethnic	/'eθnɪk/	adj.	高频	民族的，种族的		The city is known for its rich ethnic diversity and multicultural festivals.	这座城市以丰富的民族多样性和多元文化节日而闻名。	搭配：an ethnic minority 少数民族	https://www.leonwang.cc/ielts-vocab/data-15.js?v=20260618-1
15	国家政府	86	racial	/'reɪʃəl/	adj.	核心	种族的，人种的		Laws have been passed to prevent racial discrimination in the workplace.	已经通过了法律来防止工作场所的种族歧视。	race n. 人种，种族；搭配：racial equality 种族平等	https://www.leonwang.cc/ielts-vocab/data-15.js?v=20260618-1
15	国家政府	87	clan	/klæn/	n.	低频	宗族，家族；帮派		In some rural areas, the whole clan still lives together in large family compounds.	在一些农村地区，整个宗族仍然一起居住在大宅院里。	搭配：rival clans 敌对的家族	https://www.leonwang.cc/ielts-vocab/data-15.js?v=20260618-1
15	国家政府	88	franchise	/'fræntʃaɪz/	v.	低频	出售......的特许经营权 n. 特许权；[the～] 选举权		The restaurant chain is expanding rapidly by franchising its brand across the country.	这家连锁餐厅通过在全国范围内出售特许经营权迅速扩张。	franchiser n. 授予特许经营权者	https://www.leonwang.cc/ielts-vocab/data-15.js?v=20260618-1
15	国家政府	89	entitle	/ɪn'taɪtəl/	v.	高频	给......权利（或资格）；给......题名		This membership card entitles you to a 20% discount at all partner stores.	凭此会员卡，你可享受所有合作商店八折的优惠。	搭配：be entitled to sth. / to do sth. 有获得某物/做某事的权利	https://www.leonwang.cc/ielts-vocab/data-15.js?v=20260618-1
15	国家政府	90	preference	/'prefərəns/	n.	核心	偏爱；优先权		When applying for the job, preference will be given to those with work experience.	申请该工作时，有工作经验者将获得优先考虑。	prefer v. 偏好	https://www.leonwang.cc/ielts-vocab/data-15.js?v=20260618-1
15	国家政府	91	vote	/vəʊt/	n.	核心	选举权；投票 v. 表决，投票		Citizens over the age of 18 are eligible to vote in the general election.	年满18岁的公民有资格在大选中投票。	搭配：vote against 投票反对	https://www.leonwang.cc/ielts-vocab/data-15.js?v=20260618-1
15	国家政府	92	poll	/pəʊl/	n.	核心	民意调查；选举投票；投票数	poll 原指“人头税”	The latest opinion poll suggests that the two parties are almost tied.	最新的民意调查显示两党的支持率几乎不相上下。	搭配：carry out / conduct a poll 进行民意调查	https://www.leonwang.cc/ielts-vocab/data-15.js?v=20260618-1
15	国家政府	93	respondent	/rɪ'spɒndənt/	n.	低频	（民意测验等的）调查对象		More than 80% of respondents said they were satisfied with the local health services.	超过八成的调查对象表示，他们对当地的卫生服务感到满意。		https://www.leonwang.cc/ielts-vocab/data-15.js?v=20260618-1
15	国家政府	94	election	/ɪ'lekʃən/	n.	核心	选举；当选		The election will be held on the first Sunday of November as usual.	选举将像往年一样在十一月的第一个星期日举行。	elective adj. 选任的 n. 选修课	https://www.leonwang.cc/ielts-vocab/data-15.js?v=20260618-1
15	国家政府	95	ambition	/æm'bɪʃən/	n.	核心	雄心，抱负	ambit（到处走动）→ 古罗马政治家四处演讲拉选票	Her ambition to become a doctor came from watching her father treat patients.	她想成为医生的抱负源于看到父亲为病人诊治。	ambitious adj. 有雄心的；有野心的	https://www.leonwang.cc/ielts-vocab/data-15.js?v=20260618-1
15	国家政府	96	nominate	/'nɒmɪneɪt/	v.	高频	提名；任命		He was nominated for the best actor award for his role in the war film.	他因在那部战争片中的角色被提名最佳男演员奖。	nomination n. 提名；任命；搭配：nominate sb. for 提名某人为……的候选人	https://www.leonwang.cc/ielts-vocab/data-15.js?v=20260618-1
15	国家政府	97	checklist	/'tʃeklɪst/	n.	高频	清单；选民花名册		Before travelling, she made a checklist of everything she needed to pack.	旅行前，她列了一份需要打包的所有物品的清单。		https://www.leonwang.cc/ielts-vocab/data-15.js?v=20260618-1
15	国家政府	98	succession	/sək'seʃən/	n.	高频	连续；继承权，继位		The company has won the industry award for three years in succession.	该公司已连续三年获得行业大奖。	successive adj. 连续的；搭配：claim the succession 要求拥有继承权	https://www.leonwang.cc/ielts-vocab/data-15.js?v=20260618-1
15	国家政府	99	safety	/'seɪfti/	n.	核心	安全；安全场所		Wearing a seat belt is one of the simplest ways to improve road safety.	系安全带是提高道路安全最简单的方法之一。	搭配：personal safety 个人安全	https://www.leonwang.cc/ielts-vocab/data-15.js?v=20260618-1
15	国家政府	100	welfare	/'welfeə/	n.	核心	健康，幸福		The government spends a large part of its budget on health and social welfare.	政府把预算的一大部分花在了医疗和社会福利上。	搭配：social welfare 社会福利	https://www.leonwang.cc/ielts-vocab/data-15.js?v=20260618-1
15	国家政府	101	well-being	/ˌwel'biːɪŋ/	n.	高频	康乐，安宁		Spending time outdoors has been shown to improve both physical and mental well-being.	花时间在户外已被证实能改善身心健康。		https://www.leonwang.cc/ielts-vocab/data-15.js?v=20260618-1
15	国家政府	102	hint	/hɪnt/	v./n.	高频	暗示，提示		She dropped a few hints about what she wanted for her birthday.	她对自己想要什么生日礼物给出了一些暗示。	搭配：give a hint 暗示，示意；take a hint 领会，明白	https://www.leonwang.cc/ielts-vocab/data-15.js?v=20260618-1
15	国家政府	103	declare	/dɪ'kleə/	v.	核心	宣布，宣告；宣称，声称		The country declared its independence from colonial rule in 1947.	该国于1947年宣布脱离殖民统治而独立。	declaration n. 宣言；宣布；搭配：declare for 声明赞成	https://www.leonwang.cc/ielts-vocab/data-15.js?v=20260618-1
15	国家政府	104	affirm	/ə'fɜːm/	v.	高频	断言，坚持声称；证实		The court affirmed the earlier decision and refused the appeal.	法院维持了早先的判决，驳回了上诉。	affirmative adj. 肯定的，同意的；搭配：affirm a view 证实某个观点	https://www.leonwang.cc/ielts-vocab/data-15.js?v=20260618-1
15	国家政府	105	claim	/kleɪm/	n.	核心	声称；主张；索赔 v. 声称；要求（拥有）		The insurance company will process your claim within two weeks of receiving the form.	保险公司将在收到表格后的两周内处理你的索赔。	搭配：make a claim for 提出索取……的要求	https://www.leonwang.cc/ielts-vocab/data-15.js?v=20260618-1
15	国家政府	106	proclaim	/prə'kleɪm/	v.	高频	声明；清楚地表明		The president proclaimed a national day of celebration after the peace agreement.	和平协议达成后，总统宣布了一个全国庆祝日。		https://www.leonwang.cc/ielts-vocab/data-15.js?v=20260618-1
15	国家政府	107	state	/steɪt/	v.	核心	陈述，说明 n. 国家；州；状况		The report clearly states that more research is needed before a decision can be made.	报告清楚地说明，在做决定之前需要进行更多的研究。	statement n. 声明，陈述；搭配：state one's view 陈述某人的观点	https://www.leonwang.cc/ielts-vocab/data-15.js?v=20260618-1
15	国家政府	108	announce	/ə'naʊns/	v.	核心	宣布；通知		The company announced plans to open 20 new stores across the country next year.	公司宣布了明年在全国开设20家新门店的计划。	搭配：announce sth. to sb. 对某人宣布某事	https://www.leonwang.cc/ielts-vocab/data-15.js?v=20260618-1
15	国家政府	109	clarify	/'klærɪfaɪ/	v.	核心	澄清，阐明		The spokesperson held a press conference to clarify the government's new policy.	发言人举行了一场新闻发布会来阐明政府的新政策。	clarification n. 净化；澄清；搭配：clarify a situation 澄清情况	https://www.leonwang.cc/ielts-vocab/data-15.js?v=20260618-1
15	国家政府	110	assist	/ə'sɪst/	v.	核心	帮助，协助		Volunteers were sent to the disaster area to assist with the rescue efforts.	志愿者被派往灾区协助救援工作。	assistant n. 助手，助理；搭配：assist mutually 相互帮助	https://www.leonwang.cc/ielts-vocab/data-15.js?v=20260618-1
15	国家政府	111	aid	/eɪd/	n.	核心	救援物资；辅助物；救助		International aid organisations quickly responded to the earthquake emergency.	国际援助组织对这次地震紧急情况作出了快速反应。	搭配：first aid 急救；live on government aid 靠政府救济生活	https://www.leonwang.cc/ielts-vocab/data-15.js?v=20260618-1
15	国家政府	112	encourage	/ɪn'kʌrɪdʒ/	v.	核心	鼓励，激励；怂恿		Parents should encourage their children to try new things and not fear failure.	父母应该鼓励孩子们尝试新事物，不要害怕失败。	courage n. 勇气；搭配：encourage sb. to do sth. 鼓励某人做某事	https://www.leonwang.cc/ielts-vocab/data-15.js?v=20260618-1
15	国家政府	113	implement	v. /'ɪmplɪment/ n. /'ɪmplɪmənt/	v.	核心	实施，执行 n. 工具，器具		The new manager implemented a series of changes to improve team efficiency.	新经理实施了一系列变革以提高团队效率。	implementation n. 执行；搭配：implement a plan 执行计划	https://www.leonwang.cc/ielts-vocab/data-15.js?v=20260618-1
15	国家政府	114	monitor	/'mɒnɪtə/	v.	核心	监视；监听 n. 监控器；监视器；班长		The doctor will monitor the patient's condition for any signs of improvement.	医生将密切监测病人的状况，看是否有任何好转的迹象。	搭配：monitor closely 严密监视	https://www.leonwang.cc/ielts-vocab/data-15.js?v=20260618-1
15	国家政府	115	admit	/əd'mɪt/	v.	核心	供认，承认		He finally admitted that he had made a mistake and apologised to the team.	他终于承认自己犯了错误，并向团队道歉。	admission n. 承认；入场费；准许进入	https://www.leonwang.cc/ielts-vocab/data-15.js?v=20260618-1
15	国家政府	116	African	/'æfrɪkən/	adj.	核心	非洲的 n. 非洲人		She is studying African literature and hopes to visit Nigeria next year.	她正在研究非洲文学，并希望明年去尼日利亚。	Africa n. 非洲；搭配：an African American 非裔美国人	https://www.leonwang.cc/ielts-vocab/data-15.js?v=20260618-1
15	国家政府	117	European	/ˌjʊərə'piːən/	adj.	核心	欧洲的 n. 欧洲人		Many European countries use the euro as their official currency.	许多欧洲国家都把欧元用作官方货币。	Europe n. 欧洲；euro n. 欧元	https://www.leonwang.cc/ielts-vocab/data-15.js?v=20260618-1
15	国家政府	118	Latin	/'lætɪn/	adj.	低频	拉丁语的；拉丁人的 n. 拉丁语；拉丁人		A large number of English words are derived from Latin roots.	大量的英语单词都源自拉丁语词根。		https://www.leonwang.cc/ielts-vocab/data-15.js?v=20260618-1
15	国家政府	119	Jewish	/'dʒuːɪʃ/	adj.	高频	犹太教的；犹太人的		They visited the Jewish quarter to learn more about the city's cultural history.	他们参观了犹太区，以了解更多这座城市的文化历史。		https://www.leonwang.cc/ielts-vocab/data-15.js?v=20260618-1
15	国家政府	120	Arabian	/ə'reɪbiən/	adj.	低频	阿拉伯的		The stories of the Arabian Nights have been translated into dozens of languages.	《一千零一夜》的故事已被翻译成数十种语言。		https://www.leonwang.cc/ielts-vocab/data-15.js?v=20260618-1
15	国家政府	121	Portuguese	/ˌpɔːtʃʊ'ɡiːz/	adj.	低频	葡萄牙的 n. 葡萄牙语；葡萄牙人		Portuguese is the official language of both Portugal and Brazil.	葡萄牙语是葡萄牙和巴西两国的官方语言。		https://www.leonwang.cc/ielts-vocab/data-15.js?v=20260618-1
15	国家政府	122	Roman	/'rəʊmən/	adj.	高频	罗马的；古罗马帝国的 n. 古罗马人；（现代）罗马市民		The Roman Empire once stretched from Britain to parts of Africa and Asia.	罗马帝国曾经从不列颠延伸到非洲和亚洲的部分地区。		https://www.leonwang.cc/ielts-vocab/data-15.js?v=20260618-1
15	国家政府	123	Russian	/'rʌʃən/	adj.	核心	俄罗斯的 n. 俄罗斯人；俄语		He is taking Russian lessons because he plans to work in Moscow next year.	他正在上俄语课，因为他明年计划去莫斯科工作。	Russia n. 俄罗斯	https://www.leonwang.cc/ielts-vocab/data-15.js?v=20260618-1
15	国家政府	124	Spanish	/'spænɪʃ/	adj.	核心	西班牙的 n. 西班牙语；西班牙人		Spanish is the second most spoken language in the world by native speakers.	以母语使用者人数计，西班牙语是世界上第二大语言。	Spain n. 西班牙	https://www.leonwang.cc/ielts-vocab/data-15.js?v=20260618-1
15	国家政府	125	Swiss	/swɪs/	adj.	高频	瑞士的 n. 瑞士人		Swiss watches are famous around the world for their accuracy and fine design.	瑞士手表以其精准和精美设计而闻名于世。	Switzerland n. 瑞士	https://www.leonwang.cc/ielts-vocab/data-15.js?v=20260618-1
15	国家政府	126	Greek	/ɡriːk/	adj.	高频	希腊的 n. 希腊人；古希腊人；希腊语；古希腊语		Greek myths, such as the story of Pandora, still influence modern culture.	如潘多拉的故事等希腊神话仍然影响着现代文化。	Greece n. 希腊	https://www.leonwang.cc/ielts-vocab/data-15.js?v=20260618-1
15	国家政府	127	Italian	/ɪ'tæliən/	adj.	核心	意大利的 n. 意大利人；意大利语		Italian cuisine is much more than just pizza and pasta; it varies by region.	意大利美食远不止比萨和意大利面，不同地区各有特色。	Italy n. 意大利	https://www.leonwang.cc/ielts-vocab/data-15.js?v=20260618-1
15	国家政府	128	soviet	/'səʊviət/	adj.	低频	[S-] 苏联的 n. 苏维埃		The Soviet Union played a major part in the history of the 20th century.	苏联在20世纪的历史中扮演了重要角色。		https://www.leonwang.cc/ielts-vocab/data-15.js?v=20260618-1
15	国家政府	129	Indian	/'ɪndiən/	adj.	核心	印度的 n. 印度人		Indian films, especially those from Bollywood, have a large international audience.	印度电影，尤其是宝莱坞影片，拥有广大的国际观众。	India n. 印度	https://www.leonwang.cc/ielts-vocab/data-15.js?v=20260618-1
15	国家政府	130	Australia	/ɒ'streɪliə/	n.	核心	澳大利亚		Australia is known for its unique wildlife, including kangaroos and koalas.	澳大利亚以其独特的野生动物闻名，包括袋鼠和考拉。	Australian adj. 澳大利亚的 n. 澳大利亚人	https://www.leonwang.cc/ielts-vocab/data-15.js?v=20260618-1
15	国家政府	131	New Zealand	/njuː 'ziːlənd/	n.	核心	新西兰		New Zealand attracts many tourists each year because of its amazing natural landscapes.	新西兰因其令人惊叹的自然风光每年吸引众多游客。		https://www.leonwang.cc/ielts-vocab/data-15.js?v=20260618-1
15	国家政府	132	Canada	/'kænədə/	n.	核心	加拿大		Canada is officially a bilingual country, with English and French as national languages.	加拿大是官方双语国家，英语和法语均为国家语言。	Canadian adj. 加拿大的 n. 加拿大人	https://www.leonwang.cc/ielts-vocab/data-15.js?v=20260618-1
15	国家政府	133	Britain	/'brɪtən/	n.	核心	不列颠		Industrialisation first began in Britain in the late 18th century.	工业化在18世纪末最早始于英国。	British adj. 英国的 n. 英国人	https://www.leonwang.cc/ielts-vocab/data-15.js?v=20260618-1
15	国家政府	134	France	/frɑːns/	n.	核心	法国		France is visited by more tourists than any other country in the world.	法国接待的游客数量超过世界上任何其他国家。	French n. 法语 adj. 法国的	https://www.leonwang.cc/ielts-vocab/data-15.js?v=20260618-1
15	国家政府	135	Germany	/'dʒɜːməni/	n.	核心	德国		Germany has the largest economy in Europe and is a leading exporter.	德国拥有欧洲最大的经济体，是一个主要的出口国。	German n. 德国人；德语 adj. 德国的	https://www.leonwang.cc/ielts-vocab/data-15.js?v=20260618-1
16	社会经济	1	economy	/iˈkɒnəmi/	n.	核心	经济；节约		The global economy has been recovering slowly since the recent crisis.	自最近的危机以来，全球经济一直在缓慢复苏。	economic adj. 经济的；economical adj. 节约的；economics n. 经济学	https://www.leonwang.cc/ielts-vocab/data-16.js?v=20260618-1
16	社会经济	2	trade	/treɪd/	n.	核心	贸易 v. 交换		International trade plays a crucial role in the development of many countries.	国际贸易在许多国家的发展中起着至关重要的作用。	搭配：develop trade, encourage trade, global trade	https://www.leonwang.cc/ielts-vocab/data-16.js?v=20260618-1
16	社会经济	3	market	/ˈmɑːkɪt/	n.	核心	市场；市场需求		The housing market in this city has become increasingly competitive.	这个城市的住房市场竞争变得越来越激烈。		https://www.leonwang.cc/ielts-vocab/data-16.js?v=20260618-1
16	社会经济	4	industry	/ˈɪndəstri/	n.	核心	工业；产业；勤劳		The tourism industry provides millions of jobs around the world.	旅游业在全球提供了数百万个就业岗位。	industrialise/industrialize v. 使工业化；industrial adj. 工业的；搭配：heavy industry	https://www.leonwang.cc/ielts-vocab/data-16.js?v=20260618-1
16	社会经济	5	merchant	/ˈmɜːtʃənt/	n.	高频	商人 adj. 商业的		The merchant travelled from town to town selling spices and fabrics.	那个商人从一个城镇走到另一个城镇，出售香料和布料。	搭配：a retail merchant	https://www.leonwang.cc/ielts-vocab/data-16.js?v=20260618-1
16	社会经济	6	financial	/faɪˈnænʃəl/	adj.	核心	财政的；金融的		Many families faced serious financial difficulties during the recession.	许多家庭在经济衰退期间面临严重的经济困难。	finance n. 金融；财政	https://www.leonwang.cc/ielts-vocab/data-16.js?v=20260618-1
16	社会经济	7	fund	/fʌnd/	v.	核心	资助 n. 基金；[-s] 资金		The project is fully funded by private donations and government grants.	该项目完全由私人捐款和政府拨款资助。	搭配：raise funds	https://www.leonwang.cc/ielts-vocab/data-16.js?v=20260618-1
16	社会经济	8	donate	/dəʊˈneɪt/	v.	高频	捐赠，捐献		After the earthquake, people from all over the world donated clothes and food.	地震过后，世界各地的人们捐赠了衣物和食品。	donation n. 捐赠	https://www.leonwang.cc/ielts-vocab/data-16.js?v=20260618-1
16	社会经济	9	endow	/ɪnˈdaʊ/	v.	低频	捐赠；赋予		Nature has endowed this region with rich mineral resources.	大自然赋予了该地区丰富的矿产资源。	endowment n. 捐赠，捐款；天赋	https://www.leonwang.cc/ielts-vocab/data-16.js?v=20260618-1
16	社会经济	10	commercial	/kəˈmɜːʃəl/	adj.	核心	商业的 n. 商业广告		The commercial area of the city is always busy during the daytime.	市区的商业地段白天总是很繁忙。	commercialise/commercialize v. 使商业化	https://www.leonwang.cc/ielts-vocab/data-16.js?v=20260618-1
16	社会经济	11	advertise	/ˈædvətaɪz/	v.	高频	做广告		They decided to advertise the new product on social media to reach more people.	他们决定在社交媒体上为新产品的投放广告，以触达更多人。	advertisement/ad n. 广告；advertising n. 广告业	https://www.leonwang.cc/ielts-vocab/data-16.js?v=20260618-1
16	社会经济	12	slogan	/ˈsləʊɡən/	n.	高频	标语，口号		The campaign’s slogan was “Yes We Can,” which inspired many voters.	那场竞选的口号是“是的，我们能做到”，鼓舞了许多选民。	搭配：shout slogans	https://www.leonwang.cc/ielts-vocab/data-16.js?v=20260618-1
16	社会经济	13	purchase	/ˈpɜːtʃɪs/	n./v.	核心	购买		Online shopping makes it easy to purchase goods from all over the world.	网上购物使从世界各地购买商品变得容易。	搭配：purchase by	https://www.leonwang.cc/ielts-vocab/data-16.js?v=20260618-1
16	社会经济	14	lease	/liːs/	n.	高频	租约 v. 出租；租用		They signed a two-year lease on the office space in the city centre.	他们签了一份为期两年的市中心办公场所租约。	leaseholder n. 租赁人	https://www.leonwang.cc/ielts-vocab/data-16.js?v=20260618-1
16	社会经济	15	afford	/əˈfɔːd/	v.	核心	负担得起；提供，给予		With the rising cost of living, many young people cannot afford to buy a house.	随着生活成本的上升，许多年轻人买不起房子。	affordable adj. 买得起的	https://www.leonwang.cc/ielts-vocab/data-16.js?v=20260618-1
16	社会经济	16	retail	/ˈriːteɪl/	n.	核心	零售 v. 零售；以......价格零售		The retail sector has been transformed by the growth of e-commerce.	电子商务的增长改变了零售业。	retailing n. 零售业；retailer n. 零售商；搭配：a retail outlet	https://www.leonwang.cc/ielts-vocab/data-16.js?v=20260618-1
16	社会经济	17	chain	/tʃeɪn/	n.	核心	连锁店；一连串		This fast-food chain has restaurants in over fifty countries.	这家快餐连锁店在五十多个国家设有餐厅。	a chain reaction 连锁反应	https://www.leonwang.cc/ielts-vocab/data-16.js?v=20260618-1
16	社会经济	18	grocery	/ˈɡrəʊsəri/	n.	高频	食品杂货店		She stopped at the grocery on her way home to buy some bread and milk.	她在回家的路上顺便去了杂货店，买了些面包和牛奶。		https://www.leonwang.cc/ielts-vocab/data-16.js?v=20260618-1
16	社会经济	19	discount	/ˈdɪskaʊnt/ n. /dɪsˈkaʊnt/ v.	n.	核心	折扣	dis（不）+ count（数）→ 没有计算在内的 → 折扣	Students can get a 15% discount on tickets by showing their ID card.	学生出示身份证买票可以享受15%的折扣。	discounter n. 折扣商店；搭配：a 20% discount	https://www.leonwang.cc/ielts-vocab/data-16.js?v=20260618-1
16	社会经济	20	promotion	/prəˈməʊʃən/	n.	核心	促销活动；晋升		After years of hard work, she finally got the promotion she deserved.	经过多年的努力工作，她终于得到了应有的晋升。	promote v. 促销；晋升；促进	https://www.leonwang.cc/ielts-vocab/data-16.js?v=20260618-1
16	社会经济	21	voucher	/ˈvaʊtʃə/	n.	高频	代金券		The travel agency gave each customer a voucher worth fifty dollars.	旅行社给了每位顾客一张价值五十美元的代金券。		https://www.leonwang.cc/ielts-vocab/data-16.js?v=20260618-1
16	社会经济	22	coupon	/ˈkuːpɒn/	n.	高频	优惠券		I used a 30%-off coupon to buy this pair of shoes at a much lower price.	我用了一张七折优惠券，以低得多的价格买下了这双鞋。		https://www.leonwang.cc/ielts-vocab/data-16.js?v=20260618-1
16	社会经济	23	currency	/ˈkʌrənsi/	n.	核心	货币；通用，流行		The euro is the official currency in many European countries.	欧元是许多欧洲国家的官方货币。	搭配：change foreign currency, issue currency	https://www.leonwang.cc/ielts-vocab/data-16.js?v=20260618-1
16	社会经济	24	exchange	/ɪksˈtʃeɪndʒ/	n.	核心	交换；兑换		Cultural exchange programmes help students learn about different lifestyles.	文化交流项目帮助学生了解不同的生活方式。	搭配：foreign exchange, academic/athletic/cultural exchange	https://www.leonwang.cc/ielts-vocab/data-16.js?v=20260618-1
16	社会经济	25	swap	/swɒp/	v./n.	高频	交换		Let's swap our lunch boxes so we can try something different.	我们交换一下午餐盒吧，这样就能尝尝不同的东西。	也作 swop	https://www.leonwang.cc/ielts-vocab/data-16.js?v=20260618-1
16	社会经济	26	receipt	/rɪˈsiːt/	n.	核心	收据；收到		Always keep the receipt in case you need to return the product later.	务必保留收据，以备日后需要退货。	receive v. 接收；搭配：make out a receipt	https://www.leonwang.cc/ielts-vocab/data-16.js?v=20260618-1
16	社会经济	27	invoice	/ˈɪnvɔɪs/	n.	高频	发票 v. 开发票给		The supplier sent us an invoice for the office equipment we ordered.	供应商给我们发来了所订购办公设备的发票。		https://www.leonwang.cc/ielts-vocab/data-16.js?v=20260618-1
16	社会经济	28	tax	/tæks/	n.	核心	税 v. 对......征税		The government plans to raise taxes on luxury goods next year.	政府计划明年对奢侈品增税。	taxation n. 征税；税；搭配：tax heavily	https://www.leonwang.cc/ielts-vocab/data-16.js?v=20260618-1
16	社会经济	29	levy	/ˈlevi/	n.	低频	税款 v. 征收，征（税）		A new levy on sugary drinks was introduced to improve public health.	为了改善公共健康，对含糖饮料征收了一项新税。	搭配：impose a levy on sth.	https://www.leonwang.cc/ielts-vocab/data-16.js?v=20260618-1
16	社会经济	30	tariff	/ˈtærɪf/	n.	高频	关税；（公共服务的）收费		Import tariffs on steel have been reduced to encourage international trade.	钢铁的进口关税已被降低以鼓励国际贸易。		https://www.leonwang.cc/ielts-vocab/data-16.js?v=20260618-1
16	社会经济	31	duty	/ˈdjuːti/	n.	核心	职责；义务；关税		It is every citizen's duty to follow the laws of the country.	遵守国家法律是每个公民的义务。	dutiable adj. 应纳税的；搭配：be exempt from duty	https://www.leonwang.cc/ielts-vocab/data-16.js?v=20260618-1
16	社会经济	32	impose	/ɪmˈpəʊz/	v.	高频	强加；征收（税款）	pose = 放置 → impose = 放在上面 → 强加	The new rule will impose additional pressure on small businesses.	新规定将给小企业带来额外的压力。	搭配：impose a penalty, impose a tax	https://www.leonwang.cc/ielts-vocab/data-16.js?v=20260618-1
16	社会经济	33	consume	/kənˈsjuːm/	v.	核心	消耗；吃，喝		Homes consume almost half of all electricity produced in the country.	家庭消耗了该国生产的近一半的电力。	consumption n. 消费；消耗量	https://www.leonwang.cc/ielts-vocab/data-16.js?v=20260618-1
16	社会经济	34	spend	/spend/	v.	核心	花费 n. 开支		She prefers to spend her weekends reading at home rather than going out.	她周末宁可在家看书也不愿外出。	搭配：spend time/money on sth., spend time/money (in) doing sth.	https://www.leonwang.cc/ielts-vocab/data-16.js?v=20260618-1
16	社会经济	35	cost	/kɒst/	v.	核心	需付费 n. 费用；代价；[-s] 成本		The new software cost the company far less than expected.	新软件的花费比公司预期的少得多。	costly adj. 昂贵的；cost-effective adj. 划算的；搭配：at a cost of, the cost of living	https://www.leonwang.cc/ielts-vocab/data-16.js?v=20260618-1
16	社会经济	36	expense	/ɪkˈspens/	n.	核心	费用，花费		Studying abroad can be a huge expense, but many believe it is worth it.	出国留学可能是一笔很大的开销，但许多人认为这是值得的。	expensive adj. 昂贵的	https://www.leonwang.cc/ielts-vocab/data-16.js?v=20260618-1
16	社会经济	37	revenue	/ˈrevənjuː/	n.	核心	（公司、组织的）收入；（政府的）税收		Advertising is the main source of revenue for many free websites.	广告是许多免费网站的主要收入来源。	搭配：a revenue officer, tax revenue	https://www.leonwang.cc/ielts-vocab/data-16.js?v=20260618-1
16	社会经济	38	gross	/ɡrəʊs/	adj.	高频	总的，毛的		GDP, or Gross Domestic Product, measures the total value of goods produced.	GDP，即国内生产总值，衡量所生产商品的总价值。	搭配：Gross National Product (GNP)	https://www.leonwang.cc/ielts-vocab/data-16.js?v=20260618-1
16	社会经济	39	recession	/rɪˈseʃən/	n.	核心	经济衰退	re（往回）+ cess（走）+ ion → 往回走 → 衰退	Thousands of people lost their jobs during the severe economic recession.	在严重的经济衰退期间，成千上万的人失去了工作。	recess v. 暂停，休会	https://www.leonwang.cc/ielts-vocab/data-16.js?v=20260618-1
16	社会经济	40	depression	/dɪˈpreʃən/	n.	核心	沮丧；萧条期		The Great Depression of the 1930s had a profound impact on the world economy.	20世纪30年代的大萧条对世界经济产生了深远影响。	depress v. 使沮丧；使萧条	https://www.leonwang.cc/ielts-vocab/data-16.js?v=20260618-1
16	社会经济	41	crisis	/ˈkraɪsɪs/	n.	核心	危机		Effective leadership is crucial when a company faces a major crisis.	公司面临重大危机时，有效的领导力至关重要。	搭配：aggravate/avert/cause/ease/face/overcome a crisis	https://www.leonwang.cc/ielts-vocab/data-16.js?v=20260618-1
16	社会经济	42	security	/sɪˈkjʊərəti/	n.	核心	安全工作；安全；[securities] 证券		Airport security checks have become much stricter in recent years.	近年来机场安检变得严格多了。	搭配：the Security Council	https://www.leonwang.cc/ielts-vocab/data-16.js?v=20260618-1
16	社会经济	43	bond	/bɒnd/	n.	低频	债券		Government bonds are generally considered a relatively safe investment.	政府债券通常被认为是一种相对安全的投资。		https://www.leonwang.cc/ielts-vocab/data-16.js?v=20260618-1
16	社会经济	44	debt	/det/	n.	核心	债务		The company had to borrow money and is now deep in debt.	那家公司不得不借钱，现在已经债台高筑。	搭配：clear a debt, owe sb. a debt	https://www.leonwang.cc/ielts-vocab/data-16.js?v=20260618-1
16	社会经济	45	deficit	/ˈdefɪsɪt/	n.	高频	赤字，逆差		The country's trade deficit has widened because imports have increased sharply.	由于进口大幅增加，该国的贸易逆差扩大了。		https://www.leonwang.cc/ielts-vocab/data-16.js?v=20260618-1
16	社会经济	46	inflation	/ɪnˈfleɪʃən/	n.	核心	通货膨胀		High inflation reduces the real value of people's savings.	高通货膨胀会降低人们储蓄的实际价值。		https://www.leonwang.cc/ielts-vocab/data-16.js?v=20260618-1
16	社会经济	47	deflation	/diːˈfleɪʃən/	n.	低频	通货紧缩		Central banks often fear deflation because it can lead to a slowdown in the economy.	央行常常担心通货紧缩，因为它可能导致经济放缓。		https://www.leonwang.cc/ielts-vocab/data-16.js?v=20260618-1
16	社会经济	48	dwindle	/ˈdwɪndl/	v.	高频	缩小，减少		The freshwater supply on the island is dwindling due to the long drought.	由于长期干旱，岛上的淡水供应正逐渐减少。	搭配：dwindle away	https://www.leonwang.cc/ielts-vocab/data-16.js?v=20260618-1
16	社会经济	49	decrease	/ˈdiːkriːs/ n. /dɪˈkriːs/ v.	n.	核心	减少		Regular exercise can significantly decrease the risk of heart disease.	经常锻炼可以显著降低患心脏病的风险。		https://www.leonwang.cc/ielts-vocab/data-16.js?v=20260618-1
16	社会经济	50	downsize	/ˈdaʊnsaɪz/	v.	低频	使精简；裁员		The automobile factory had to downsize its workforce due to falling sales.	由于销量下降，那家汽车厂不得不裁员。		https://www.leonwang.cc/ielts-vocab/data-16.js?v=20260618-1
16	社会经济	51	decline	/dɪˈklaɪn/	v./n.	核心	下降		The population of the village has been in steady decline as young people move away.	随着年轻人纷纷搬走，这个村庄的人口持续下降。	declination n. 倾斜；谢绝；搭配：decline steadily, moral decline	https://www.leonwang.cc/ielts-vocab/data-16.js?v=20260618-1
16	社会经济	52	diminish	/dɪˈmɪnɪʃ/	v.	高频	（使）减少；贬低		The pain in his knee gradually diminished after several days of rest.	休息了几天之后，他膝盖的疼痛逐渐减轻了。	diminution n. 减少	https://www.leonwang.cc/ielts-vocab/data-16.js?v=20260618-1
16	社会经济	53	reduce	/rɪˈdjuːs/	v.	核心	减少，减小		We need to reduce the amount of sugar we consume on a daily basis.	我们需要减少日常糖的摄入量。	reduction n. 减少	https://www.leonwang.cc/ielts-vocab/data-16.js?v=20260618-1
16	社会经济	54	increase	/ˈɪnkriːs/ n. /ɪnˈkriːs/ v.	n.	核心	增加		There has been a sharp increase in demand for electric cars recently.	最近对电动汽车的需求急剧增加。	increasing adj. 日益增加的	https://www.leonwang.cc/ielts-vocab/data-16.js?v=20260618-1
16	社会经济	55	increment	/ˈɪnkrɪmənt/	n.	低频	增加量；定期的加薪		The salary is £25,000, with annual increments of £600 for the first five years.	起薪为25000英镑，前五年每年加薪600英镑。	搭配：yearly/annual increment	https://www.leonwang.cc/ielts-vocab/data-16.js?v=20260618-1
16	社会经济	56	growth	/ɡrəʊθ/	n.	核心	增长；生长		Economic growth in the region is expected to reach 4% next year.	预计该地区明年的经济增长将达到4%。	搭配：considerable growth, gradual growth	https://www.leonwang.cc/ielts-vocab/data-16.js?v=20260618-1
16	社会经济	57	escalate	/ˈeskəleɪt/	v.	高频	（使）逐步升级，（使）不断恶化		The dispute between the two countries escalated into a full-scale war.	两国之间的争端逐步升级为一场全面战争。		https://www.leonwang.cc/ielts-vocab/data-16.js?v=20260618-1
16	社会经济	58	expand	/ɪkˈspænd/	v.	核心	扩充，扩大；扩展		The university plans to expand its library to make room for more students.	大学计划扩建图书馆，以便容纳更多学生。	expansive adj. 广阔的；扩张的；搭配：expand contact, expand influence	https://www.leonwang.cc/ielts-vocab/data-16.js?v=20260618-1
16	社会经济	59	influx	/ˈɪnflʌks/	n.	低频	流入，涌进		The town experienced a sudden influx of tourists during the music festival.	音乐节期间，小镇突然涌入了大量游客。	搭配：influx of capital	https://www.leonwang.cc/ielts-vocab/data-16.js?v=20260618-1
16	社会经济	60	affluent	/ˈæfluənt/	adj.	高频	富裕的，富足的	字根flu = 流 → affluent = 流向 → 富裕的	She grew up in an affluent family and never had to worry about money.	她在一个富裕的家庭长大，从不需要为钱发愁。		https://www.leonwang.cc/ielts-vocab/data-16.js?v=20260618-1
16	社会经济	61	enrich	/ɪnˈrɪtʃ/	v.	高频	使富有；充实		Reading can greatly enrich your knowledge and understanding of the world.	阅读可以极大地丰富你的知识和对世界的理解。	enrichment n. 丰富；搭配：enrich the brain/mind	https://www.leonwang.cc/ielts-vocab/data-16.js?v=20260618-1
16	社会经济	62	sufficient	/səˈfɪʃənt/	adj.	核心	足够的		Make sure you get sufficient sleep before the exam to perform well.	考试前要保证充足的睡眠，这样才会考出好成绩。	insufficient adj. 不足的	https://www.leonwang.cc/ielts-vocab/data-16.js?v=20260618-1
16	社会经济	63	adequate	/ˈædɪkwət/	adj.	核心	足够的；合格的		The company failed to provide adequate safety training for its employees.	该公司未能为员工提供足够的安全培训。	inadequate adj. 不够格的	https://www.leonwang.cc/ielts-vocab/data-16.js?v=20260618-1
16	社会经济	64	spare	/speə/	adj.	核心	多余的，空闲的 v. 剩余		In his spare time, he enjoys playing the guitar and painting.	空闲时间他喜欢弹吉他和画画。	搭配：spare no effort, spare time	https://www.leonwang.cc/ielts-vocab/data-16.js?v=20260618-1
16	社会经济	65	saving	/ˈseɪvɪŋ/	n.	核心	节约，节省		Buying in bulk can lead to significant savings over time.	批量购买久而久之可以节省不少钱。	save v. 拯救；节约；保存	https://www.leonwang.cc/ielts-vocab/data-16.js?v=20260618-1
16	社会经济	66	redundant	/rɪˈdʌndənt/	adj.	高频	多余的；被裁减的		Several positions in the company became redundant after the merger.	合并后，公司里有几个职位变得多余了。	redundancy n. 裁员；搭配：a redundant worker	https://www.leonwang.cc/ielts-vocab/data-16.js?v=20260618-1
16	社会经济	67	lack	/læk/	n.	核心	缺乏，不足 v. 缺少		A lack of communication is often the root cause of many relationship problems.	缺乏沟通往往是许多关系问题的根源。	搭配：lack of	https://www.leonwang.cc/ielts-vocab/data-16.js?v=20260618-1
16	社会经济	68	company	/ˈkʌmpəni/	n.	核心	公司；陪伴；剧团		She enjoys working for a multinational company with offices all over the world.	她喜欢在一家全球各地都设有办事处的跨国公司工作。	accompany v. 陪伴；搭配：keep sb. company	https://www.leonwang.cc/ielts-vocab/data-16.js?v=20260618-1
16	社会经济	69	firm	/fɜːm/	n.	核心	公司 adj. 坚定的；坚固的		After graduating, he joined a law firm in the city centre.	毕业后，他加入了市中心的一家律师事务所。	搭配：firm faith	https://www.leonwang.cc/ielts-vocab/data-16.js?v=20260618-1
16	社会经济	70	enterprise	/ˈentəpraɪz/	n.	核心	企业；事业		She started her own enterprise at the age of 25 and it grew rapidly.	她25岁时创办了自己的企业，企业发展很迅速。	entrepreneur n. 企业家；搭配：build/manage/run an enterprise	https://www.leonwang.cc/ielts-vocab/data-16.js?v=20260618-1
16	社会经济	71	agent	/ˈeɪdʒənt/	n.	高频	代理人，代理商		A real estate agent can help you find a suitable house more quickly.	房地产经纪人能帮你更快地找到合适的房子。	搭配：sole agent	https://www.leonwang.cc/ielts-vocab/data-16.js?v=20260618-1
16	社会经济	72	entity	/ˈentəti/	n.	低频	实体，独立存在物		After the restructuring, the two departments became a single legal entity.	重组后，这两个部门成为了一个独立的法人实体。	搭配：a business entity, an economic entity	https://www.leonwang.cc/ielts-vocab/data-16.js?v=20260618-1
16	社会经济	73	invest	/ɪnˈvest/	v.	核心	投资；投入		The government decided to invest heavily in renewable energy projects.	政府决定大举投资可再生能源项目。	investment n. 投资；investor n. 投资者；搭配：invest in sth.	https://www.leonwang.cc/ielts-vocab/data-16.js?v=20260618-1
16	社会经济	74	input	/ˈɪnpʊt/	n.	核心	输入信息；投入物		The teacher asked the students for their input on the new project topic.	老师向学生征求他们对新课题的意见。	output n. 输出量，产量	https://www.leonwang.cc/ielts-vocab/data-16.js?v=20260618-1
16	社会经济	75	product	/ˈprɒdʌkt/	n.	核心	产品；产物		The company launched a new product aimed at the younger generation.	公司推出了一款面向年轻一代的新产品。	production, productive, produce	https://www.leonwang.cc/ielts-vocab/data-16.js?v=20260618-1
16	社会经济	76	acquisition	/ˌækwɪˈzɪʃən/	n.	高频	获得；（对公司的）并购		The acquisition of language skills requires both practice and patience.	语言技能的获得需要练习和耐心。	搭配：the acquisition of a fortune	https://www.leonwang.cc/ielts-vocab/data-16.js?v=20260618-1
16	社会经济	77	goods	/ɡʊdz/	n.	核心	商品，货物		The shop sells a wide range of goods, from clothing to electronics.	这家商店出售从服装到电子产品的各种商品。		https://www.leonwang.cc/ielts-vocab/data-16.js?v=20260618-1
16	社会经济	78	cargo	/ˈkɑːɡəʊ/	n.	高频	货物		A large cargo ship unloaded its containers at the port early this morning.	一艘大型货船今天一早在港口卸下了集装箱。		https://www.leonwang.cc/ielts-vocab/data-16.js?v=20260618-1
16	社会经济	79	insure	/ɪnˈʃʊə/	v.	核心	确保；给......上保险		It is wise to insure your house against fire and flood damage.	给房屋投保火灾和洪水险是明智的做法。	insurance n. 保险	https://www.leonwang.cc/ielts-vocab/data-16.js?v=20260618-1
16	社会经济	80	guarantee	/ˌɡærənˈtiː/	v.	核心	担保；确保 n. 保证；保修单		The washing machine comes with a three-year guarantee covering all parts and labour.	这台洗衣机有三年的保修期，涵盖所有部件和人工。	搭配：a bank guarantee, a credit guarantee	https://www.leonwang.cc/ielts-vocab/data-16.js?v=20260618-1
16	社会经济	81	reliable	/rɪˈlaɪəbl/	adj.	核心	可靠的，可信赖的		We need someone who is reliable to handle this important task.	我们需要一个可靠的人来处理这项重要任务。		https://www.leonwang.cc/ielts-vocab/data-16.js?v=20260618-1
16	社会经济	82	negotiation	/nɪˌɡəʊʃiˈeɪʃən/	n.	核心	谈判，协商		After several rounds of negotiation, the two sides finally reached an agreement.	经过几轮谈判，双方最终达成了协议。	negotiate v.	https://www.leonwang.cc/ielts-vocab/data-16.js?v=20260618-1
16	社会经济	83	attend	/əˈtend/	v.	核心	参加，出席		Over 200 guests attended the wedding ceremony at the city hall.	超过200位宾客参加了在市政厅举行的婚礼。	attendance n.	https://www.leonwang.cc/ielts-vocab/data-16.js?v=20260618-1
16	社会经济	84	absent	/ˈæbsənt/	adj.	核心	不在场的，缺席的；心不在焉的		He was absent from work for three days due to a high fever.	他因发高烧三天没有上班。	absence n.；absent-minded adj.；搭配：be absent from	https://www.leonwang.cc/ielts-vocab/data-16.js?v=20260618-1
16	社会经济	85	sale	/seɪl/	n.	核心	卖，销售；销售额		The store is having a big summer sale with discounts of up to 50%.	这家商店正在进行夏季大减价，折扣高达五折。	salesman, sell, seller	https://www.leonwang.cc/ielts-vocab/data-16.js?v=20260618-1
16	社会经济	86	wholesale	/ˈhəʊlseɪl/	n.	高频	批发		They buy fresh vegetables at wholesale prices and sell them at the local market.	他们以批发价购入新鲜蔬菜，然后在当地市场出售。		https://www.leonwang.cc/ielts-vocab/data-16.js?v=20260618-1
16	社会经济	87	auction	/ˈɔːkʃən/	v./n.	高频	拍卖		The famous painting was sold at an auction for over ten million dollars.	那幅名画在一次拍卖中以超过一千万美元的价格成交。	搭配：auction price, put sth. up for auction	https://www.leonwang.cc/ielts-vocab/data-16.js?v=20260618-1
16	社会经济	88	bid	/bɪd/	v./n.	高频	出价；投标		Several companies have made bids to construct the new bridge.	好几家公司已投标承建这座新桥。	bidder n.	https://www.leonwang.cc/ielts-vocab/data-16.js?v=20260618-1
16	社会经济	89	deal	/diːl/	v.	核心	买卖；[～with] 处理 n. 协议；大量		We made a deal with the supplier that lowered our production costs.	我们和供应商达成了协议，降低了生产成本。	搭配：make a deal with, a good/great deal of	https://www.leonwang.cc/ielts-vocab/data-16.js?v=20260618-1
16	社会经济	90	transaction	/trænˈzækʃən/	n.	核心	（一笔）交易，业务	trans（跨越）+ action → 交易	Online transactions have become a common way to do business.	线上交易已成为常见的商业方式。		https://www.leonwang.cc/ielts-vocab/data-16.js?v=20260618-1
16	社会经济	91	turnover	/ˈtɜːnˌəʊvə/	n.	高频	（人员）流动率；营业额		The company has a high staff turnover because of poor working conditions.	由于工作条件差，这家公司的员工流动率很高。		https://www.leonwang.cc/ielts-vocab/data-16.js?v=20260618-1
16	社会经济	92	dump	/dʌmp/	v.	高频	丢弃，倾倒；倾销		It is illegal to dump industrial waste into the river.	向河里倾倒工业废料是违法的。	搭配：dump into	https://www.leonwang.cc/ielts-vocab/data-16.js?v=20260618-1
16	社会经济	93	export	/ɪkˈspɔːt/ v. /ˈekspɔːt/ n.	v.	核心	出口 n. 出口；出口商品		This country exports a large volume of coffee beans to Europe each year.	这个国家每年向欧洲出口大量的咖啡豆。	搭配：export from, export to, bulk exports	https://www.leonwang.cc/ielts-vocab/data-16.js?v=20260618-1
16	社会经济	94	import	/ɪmˈpɔːt/ v. /ˈɪmpɔːt/ n.	v.	核心	进口 n. 进口；进口商品		The country imports most of its oil from neighbouring regions.	该国大部分石油是从邻近地区进口的。	搭配：import from, import duty	https://www.leonwang.cc/ielts-vocab/data-16.js?v=20260618-1
16	社会经济	95	quota	/ˈkwəʊtə/	n.	高频	限额，配额；定额		The government has set a quota on the number of immigrants allowed each year.	政府对每年允许的移民人数设定了配额。	搭配：above quota, an export/import quota	https://www.leonwang.cc/ielts-vocab/data-16.js?v=20260618-1
16	社会经济	96	share	/ʃeə/	n.	核心	股份，股票；一份 v. 分享；分担		He bought some shares in a technology company that has been growing fast.	他买了一家一直快速增长的科技公司的一些股票。	搭配：buy/hold shares, market share	https://www.leonwang.cc/ielts-vocab/data-16.js?v=20260618-1
16	社会经济	97	benefit	/ˈbenɪfɪt/	n.	核心	益处 v. 有利于；获益		Regular exercise benefits not only the body but also the mind.	经常锻炼不仅对身体有益，对心智也有好处。	beneficial adj.；搭配：benefit from	https://www.leonwang.cc/ielts-vocab/data-16.js?v=20260618-1
16	社会经济	98	interest	/ˈɪntrɪst/	n.	核心	兴趣；利益；利息 v. 使感兴趣		The bank offers a higher interest rate for long-term savings accounts.	银行对长期储蓄账户提供更高的利率。		https://www.leonwang.cc/ielts-vocab/data-16.js?v=20260618-1
16	社会经济	99	dividend	/ˈdɪvɪdend/	n.	低频	股息，红利		The company paid its shareholders a generous dividend this year.	今年公司向股东支付了丰厚的红利。	搭配：pay dividends	https://www.leonwang.cc/ielts-vocab/data-16.js?v=20260618-1
16	社会经济	100	stock	/stɒk/	n.	核心	股本；股票；库存		Investors closely monitor the stock market for any signs of change.	投资者密切监视股市，留意任何变化的迹象。	stockbroker, stockholder	https://www.leonwang.cc/ielts-vocab/data-16.js?v=20260618-1
16	社会经济	101	account	/əˈkaʊnt/	n.	核心	账户；解释		She opened a savings account at the bank to put aside money for a holiday.	她在银行开了一个储蓄账户，为度假存钱。	accountable, accounting；搭配：account balance, on account	https://www.leonwang.cc/ielts-vocab/data-16.js?v=20260618-1
16	社会经济	102	deposit	/dɪˈpɒzɪt/	n.	核心	存款；押金		They paid a 20% deposit and will pay the rest when the work is completed.	他们支付了20%的押金，其余部分等完工后再付。	搭配：bank deposits	https://www.leonwang.cc/ielts-vocab/data-16.js?v=20260618-1
16	社会经济	103	instalment	/ɪnˈstɔːlmənt/	n.	高频	（分期付款的）一期付款		She bought the sofa in monthly instalments so it wouldn't break the bank.	她按月分期付款买了沙发，这样就不会花太多钱。	也作 installment	https://www.leonwang.cc/ielts-vocab/data-16.js?v=20260618-1
16	社会经济	104	cheque	/tʃek/	n.	高频	支票		He wrote a cheque for the full amount and handed it to the cashier.	他开了一张全额支票交给收银员。	也作 check；搭配：cash/write/sign a cheque, dishonour a cheque, a bad cheque	https://www.leonwang.cc/ielts-vocab/data-16.js?v=20260618-1
16	社会经济	105	cash	/kæʃ/	n.	核心	现金 v. 兑现（支票）		The small shop only accepts cash, so we had to find an ATM nearby.	那家小店只收现金，所以我们不得不在附近找一台自动取款机。	搭配：pay cash	https://www.leonwang.cc/ielts-vocab/data-16.js?v=20260618-1
16	社会经济	106	coin	/kɔɪn/	n.	核心	硬币 v. 铸币；创造（新词语）		The term "selfie" was coined in the early 2000s and quickly became popular.	“自拍”这个词在21世纪初被创造出来并迅速流行起来。	coiner n.	https://www.leonwang.cc/ielts-vocab/data-16.js?v=20260618-1
16	社会经济	107	shilling	/ˈʃɪlɪŋ/	n.	识记	先令		In the past, a shilling was a unit of currency used in Britain and several other countries.	过去，先令是英国及其他几个国家使用的一种货币单位。		https://www.leonwang.cc/ielts-vocab/data-16.js?v=20260618-1
16	社会经济	108	copper	/ˈkɒpə/	n.	低频	铜；[~s] 铜币；警察		Old copper coins discovered on the site provided clues about ancient trade.	在现场发现的老铜币为研究古代贸易提供了线索。	cop n. 警察	https://www.leonwang.cc/ielts-vocab/data-16.js?v=20260618-1
16	社会经济	109	treasure	/ˈtreʒə/	n.	高频	金银财宝；宝物		The pirates hid their treasure on a remote island in the Pacific Ocean.	海盗们把他们的财宝藏在了太平洋一个偏远的岛上。	treasury n. 财政部；搭配：a national treasure	https://www.leonwang.cc/ielts-vocab/data-16.js?v=20260618-1
16	社会经济	110	wealth	/welθ/	n.	核心	财富；丰富		The country's wealth is mainly based on its rich natural resources.	该国的财富主要来自其丰富的自然资源。	wealthy adj. 富有的；搭配：accumulate wealth	https://www.leonwang.cc/ielts-vocab/data-16.js?v=20260618-1
16	社会经济	111	estate	/ɪˈsteɪt/	n.	高频	地产；遗产		He inherited a large estate in the countryside from his grandfather.	他从祖父那里继承了乡下的一大片地产。	real estate	https://www.leonwang.cc/ielts-vocab/data-16.js?v=20260618-1
16	社会经济	112	possess	/pəˈzes/	v.	核心	占用，拥有；影响，控制	sed/sess = 坐	To succeed in this role, you need to possess both patience and creativity.	要胜任这个职位，你需要兼具耐心和创造力。	possessive, possession, possessor	https://www.leonwang.cc/ielts-vocab/data-16.js?v=20260618-1
16	社会经济	113	legacy	/ˈleɡəsi/	n.	高频	遗赠，遗产		The artist left a lasting legacy through her beautiful paintings.	这位艺术家通过她美丽的画作留下了永恒的遗产。		https://www.leonwang.cc/ielts-vocab/data-16.js?v=20260618-1
16	社会经济	114	descend	/dɪˈsend/	v.	高频	下降，下来		As the plane began to descend, the passengers fastened their seat belts.	飞机开始下降时，乘客们系好了安全带。		https://www.leonwang.cc/ielts-vocab/data-16.js?v=20260618-1
16	社会经济	115	worthy	/ˈwɜːði/	adj.	核心	有价值的；值得		This documentary is definitely worthy of your time; it is both informative and moving.	这部纪录片绝对值得你花时间看，既长知识又感人。	worthless adj.	https://www.leonwang.cc/ielts-vocab/data-16.js?v=20260618-1
16	社会经济	116	valuable	/ˈvæljuəbl/	adj.	核心	很值钱的，贵重的；很重要的		The experience you gain from volunteering abroad can be incredibly valuable.	从海外志愿服务中获得的经验可能非常宝贵。	value, valuation	https://www.leonwang.cc/ielts-vocab/data-16.js?v=20260618-1
16	社会经济	117	cheap	/tʃiːp/	adj.	核心	廉价的；质劣价低的		Cheap food is not always unhealthy, just as expensive food is not always good for you.	便宜的食物不一定不健康，昂贵的食物也不一定就对你身体好。		https://www.leonwang.cc/ielts-vocab/data-16.js?v=20260618-1
16	社会经济	118	incentive	/ɪnˈsentɪv/	n.	高频	刺激，激励		The company offers financial incentives to employees who exceed their targets.	公司向超额完成目标的员工提供经济奖励。	搭配：an incentive to, chief/main incentive	https://www.leonwang.cc/ielts-vocab/data-16.js?v=20260618-1
16	社会经济	119	accelerate	/əkˈseləreɪt/	v.	核心	（使）加速		The new high-speed railway will accelerate travel between the two cities.	新的高速铁路将缩短这两座城市之间的旅行时间。	decelerate v.	https://www.leonwang.cc/ielts-vocab/data-16.js?v=20260618-1
16	社会经济	120	prompt	/prɒmpt/	v.	核心	促使 adj. 迅速的		Rising prices prompted many consumers to look for cheaper alternatives.	价格上涨促使许多消费者寻找更便宜的替代品。	promptly adv.	https://www.leonwang.cc/ielts-vocab/data-16.js?v=20260618-1
16	社会经济	121	salary	/ˈsæləri/	n.	核心	工资，（尤指按月领的）薪水		The job offers a starting salary of £30,000 plus excellent benefits.	这份工作的起薪为3万英镑，外加优厚的福利。	搭配：get/receive a salary	https://www.leonwang.cc/ielts-vocab/data-16.js?v=20260618-1
16	社会经济	122	income	/ˈɪnkʌm/	n.	核心	收入		Many farmers rely on tourism as a second source of income.	许多农民依靠旅游业作为第二收入来源。	搭配：earn income	https://www.leonwang.cc/ielts-vocab/data-16.js?v=20260618-1
16	社会经济	123	wage	/weɪdʒ/	n.	核心	（通常指按周领的）工钱		The union demanded a minimum wage increase for all part-time workers.	工会要求为所有兼职工人提高最低工资。		https://www.leonwang.cc/ielts-vocab/data-16.js?v=20260618-1
16	社会经济	124	payment	/ˈpeɪmənt/	n.	核心	支付；支付的款项		You can make the payment by credit card or through the online banking system.	你可以通过信用卡或网上银行系统付款。	pay v.；搭配：demand prompt payment	https://www.leonwang.cc/ielts-vocab/data-16.js?v=20260618-1
16	社会经济	125	refund	/ˈriːfʌnd/ n. /rɪˈfʌnd/ v.	n.	核心	退款		We were given a full refund because the service did not meet our expectations.	因为服务没有达到预期，我们获得了全额退款。	搭配：claim a refund	https://www.leonwang.cc/ielts-vocab/data-16.js?v=20260618-1
16	社会经济	126	reimburse	/ˌriːɪmˈbɜːs/	v.	低频	赔偿，补偿		The company will reimburse all employees for work-related travel expenses.	公司将报销所有员工因公出差的费用。	reimbursement n.；搭配：reimburse sb. for sth.	https://www.leonwang.cc/ielts-vocab/data-16.js?v=20260618-1
16	社会经济	127	payroll	/ˈpeɪrəʊl/	n.	低频	工资名单		The company has 35 employees on the payroll, which is twice as many as last year.	公司在册员工有35人，是去年的两倍。	搭配：payroll tax	https://www.leonwang.cc/ielts-vocab/data-16.js?v=20260618-1
16	社会经济	128	remuneration	/rɪˌmjuːnəˈreɪʃən/	n.	低频	报酬		The position offers a competitive remuneration package that includes health insurance.	该职位提供有竞争力的薪酬待遇，包括健康保险。	remunerate v.；搭配：overall/average/net remuneration	https://www.leonwang.cc/ielts-vocab/data-16.js?v=20260618-1
16	社会经济	129	subsidy	/ˈsʌbsɪdi/	n.	高频	津贴，补贴		The government provides subsidies to farmers to help them survive difficult times.	政府向农民提供补贴，帮助他们渡过难关。	subsidise/subsidize v.	https://www.leonwang.cc/ielts-vocab/data-16.js?v=20260618-1
16	社会经济	130	earn	/ɜːn/	v.	核心	赚得；赢得；获得		After years of hard work, she finally earned the respect of her colleagues.	经过多年的努力，她终于赢得了同事们的尊重。	搭配：earn a living, earn admiration, earn fame	https://www.leonwang.cc/ielts-vocab/data-16.js?v=20260618-1
16	社会经济	131	undertaking	/ˌʌndəˈteɪkɪŋ/	n.	低频	任务，事业；许诺		Building the new stadium was a huge financial undertaking for the city.	建造新体育馆对这座城市来说是一项巨大的财政任务。	搭配：a written undertaking	https://www.leonwang.cc/ielts-vocab/data-16.js?v=20260618-1
16	社会经济	132	career	/kəˈrɪə/	n.	核心	职业，事业；职业生涯		She had a successful career as a lawyer before becoming a writer.	在成为作家之前，她当过律师，事业很成功。		https://www.leonwang.cc/ielts-vocab/data-16.js?v=20260618-1
16	社会经济	133	profession	/prəˈfeʃən/	n.	核心	职业		Teaching is a profession that requires a great deal of patience and dedication.	教书育人是一项需要极大耐心和奉献精神的职业。	professional, professor	https://www.leonwang.cc/ielts-vocab/data-16.js?v=20260618-1
16	社会经济	134	occupation	/ˌɒkjʊˈpeɪʃən/	n.	核心	占领；职业		Please write your name, age, and current occupation on the application form.	请在申请表上填写你的姓名、年龄和目前职业。	occupy, occupational；搭配：an occupation certificate	https://www.leonwang.cc/ielts-vocab/data-16.js?v=20260618-1
16	社会经济	135	job	/dʒɒb/	n.	核心	职业，工作		He is looking for a part-time job to earn some extra money for the summer.	他正在找兼职，以便夏天多挣点钱。	搭配：a routine job, a second job	https://www.leonwang.cc/ielts-vocab/data-16.js?v=20260618-1
16	社会经济	136	vocation	/vəʊˈkeɪʃən/	n.	低频	（认为特别适合自己的）职业；使命感		She found her true vocation in caring for the elderly at the community centre.	她在社区中心照料老人的工作里找到了自己真正的使命。	career（长期）；occupation（谋生）；job（普通）；vocation（天职）	https://www.leonwang.cc/ielts-vocab/data-16.js?v=20260618-1
16	社会经济	137	labour	/ˈleɪbə/	n.	核心	劳动，体力劳动		Farm workers often do heavy physical labour under the hot sun.	农场工人常常在烈日下从事繁重的体力劳动。	也作 labor	https://www.leonwang.cc/ielts-vocab/data-16.js?v=20260618-1
16	社会经济	138	workforce	/ˈwɜːkfɔːs/	n.	高频	劳动力；全体员工		The company plans to expand its workforce by 10% over the next three years.	公司计划在未来三年内将员工人数增加10%。		https://www.leonwang.cc/ielts-vocab/data-16.js?v=20260618-1
16	社会经济	139	workaholic	/ˌwɜːkəˈhɒlɪk/	n.	低频	工作狂		He is a workaholic who often stays in the office until late at night.	他是个工作狂，常常在办公室待到深夜。		https://www.leonwang.cc/ielts-vocab/data-16.js?v=20260618-1
16	社会经济	140	personnel	/ˌpɜːsəˈnel/	n.	高频	人员，职员；人事部门		All personnel are required to attend the safety training on Friday morning.	要求所有人员在周五上午参加安全培训。	搭配：personnel department	https://www.leonwang.cc/ielts-vocab/data-16.js?v=20260618-1
16	社会经济	141	clerk	/klɑːk/	n.	高频	店员；办事员；接待员		He started his career as a bank clerk and later became the branch manager.	他从银行职员做起，后来成为了分行经理。	搭配：an accounting clerk, an auditing clerk	https://www.leonwang.cc/ielts-vocab/data-16.js?v=20260618-1
16	社会经济	142	interview	/ˈɪntəvjuː/	n.	核心	面试；采访 v. 对......进行面试；采访		She prepared carefully for the job interview by researching the company in advance.	她为求职面试做了精心准备，提前研究了那家公司。	interviewer, interviewee	https://www.leonwang.cc/ielts-vocab/data-16.js?v=20260618-1
16	社会经济	143	resume	/ˈrezjʊmeɪ/	n.	核心	（求职用的）履历，简历；摘要		Before the interview, make sure your resume is up to date and error-free.	面试前，要确保简历是最新的且没有错误。		https://www.leonwang.cc/ielts-vocab/data-16.js?v=20260618-1
16	社会经济	144	recommend	/ˌrekəˈmend/	v.	核心	推荐，介绍；劝告，建议		I highly recommend this restaurant for anyone who loves authentic Chinese food.	我强烈向喜欢地道中餐的人推荐这家餐厅。	recommendation n.	https://www.leonwang.cc/ielts-vocab/data-16.js?v=20260618-1
16	社会经济	145	employ	/ɪmˈplɔɪ/	v.	核心	雇用；采用		The hotel employs over 200 staff during the busy summer months.	在繁忙的夏季，这家酒店雇佣了200多名员工。	employer, employee, employment, unemployment, employed, unemployed；搭配：be employed in	https://www.leonwang.cc/ielts-vocab/data-16.js?v=20260618-1
16	社会经济	146	hire	/ˈhaɪə/	v.	核心	雇用；租用 n. 租赁（业）		We decided to hire a car for the weekend so we could explore the countryside.	我们决定周末租一辆车，好去乡间游玩。	hireling	https://www.leonwang.cc/ielts-vocab/data-16.js?v=20260618-1
16	社会经济	147	fire	/ˈfaɪə/	v.	核心	解雇 n. 火		He was fired after repeatedly failing to meet his monthly sales targets.	他因为多次未完成月度销售目标被解雇了。		https://www.leonwang.cc/ielts-vocab/data-16.js?v=20260618-1
16	社会经济	148	lay-off	/ˈleɪɒf/	n.	高频	（因岗位不足的）解雇，裁员；歇工期		There were several lay-offs at the factory when demand for the product decreased.	产品需求下降时，工厂裁掉了部分员工。		https://www.leonwang.cc/ielts-vocab/data-16.js?v=20260618-1
16	社会经济	149	dismiss	/dɪsˈmɪs/	v.	高频	解雇；解散；（法官）驳回		The manager was forced to dismiss an employee who had been stealing company property.	经理不得不解雇了一名一直偷窃公司财物的员工。	dismission, dismissible, dismissal；搭配：dismiss the case, dismissal the court	https://www.leonwang.cc/ielts-vocab/data-16.js?v=20260618-1
16	社会经济	150	discharge	/dɪsˈtʃɑːdʒ/ v. /ˈdɪstʃɑːdʒ/ n.	v.	低频	解雇		He was discharged from the army for medical reasons after the training accident.	在训练事故之后，他因健康原因被军队除役了。		https://www.leonwang.cc/ielts-vocab/data-16.js?v=20260618-1
16	社会经济	151	resign	/rɪˈzaɪn/	v.	核心	辞去，辞职		After ten years with the company, she decided to resign and travel around the world.	在那家公司工作了十年后，她决定辞职去环游世界。	resignation n.；搭配：resign from	https://www.leonwang.cc/ielts-vocab/data-16.js?v=20260618-1
16	社会经济	152	sack	/sæk/	n.	高频	大口袋 v. 开除		He got the sack after a serious argument with his supervisor.	与主管发生激烈争吵之后，他被开除了。		https://www.leonwang.cc/ielts-vocab/data-16.js?v=20260618-1
16	社会经济	153	retire	/rɪˈtaɪə/	v.	核心	（使）退休		My grandfather plans to retire next year and spend more time in his garden.	我祖父计划明年退休，多花点时间在他的花园里。	retired, retirement	https://www.leonwang.cc/ielts-vocab/data-16.js?v=20260618-1
16	社会经济	154	result	/rɪˈzʌlt/	n.	核心	后果，结果 v. 导致		The fire resulted in the destruction of the entire building.	火灾导致了整幢大楼的毁坏。	搭配：as a result of, result from, result in	https://www.leonwang.cc/ielts-vocab/data-16.js?v=20260618-1
16	社会经济	155	failure	/ˈfeɪljə/	n.	核心	失败；失败的人/事		His first attempt at starting a business ended in failure, but he learned a lot.	他第一次创业以失败告终，但他学到了很多东西。	fail v.；搭配：end in failure	https://www.leonwang.cc/ielts-vocab/data-16.js?v=20260618-1
16	社会经济	156	abortion	/əˈbɔːʃən/	n.	低频	人工流产；（计划等）中途失败		The whole project proved to be an abortion and was stopped after six months.	整个项目中途失败了，六个月后就被叫停了。	搭配：have an abortion	https://www.leonwang.cc/ielts-vocab/data-16.js?v=20260618-1
16	社会经济	157	loss	/lɒs/	n.	核心	遗失；损失；亏损		The company reported a significant financial loss for the third quarter.	该公司报告称第三季度出现重大财务亏损。	lossless, loser；搭配：make up a loss, suffer a loss	https://www.leonwang.cc/ielts-vocab/data-16.js?v=20260618-1
16	社会经济	158	opportunity	/ˌɒpəˈtjuːnəti/	n.	核心	机会，时机		Studying abroad is a wonderful opportunity to experience a different culture.	出国留学是体验不同文化的绝佳机会。		https://www.leonwang.cc/ielts-vocab/data-16.js?v=20260618-1
16	社会经济	159	chance	/tʃɑːns/	n.	核心	机会；可能性		There is still a small chance that the weather will clear up before the match.	仍然有一线希望在比赛前天气会放晴。	搭配：by chance, take a chance	https://www.leonwang.cc/ielts-vocab/data-16.js?v=20260618-1
16	社会经济	160	choose	/tʃuːz/	v.	核心	选择		You are free to choose whichever course of study you are most interested in.	你可以自由选择你最感兴趣的课程。	choice n.；搭配：as you choose	https://www.leonwang.cc/ielts-vocab/data-16.js?v=20260618-1
16	社会经济	161	change	/tʃeɪndʒ/	n.	核心	改变		Moving to a new city was a big change, but she adapted quickly.	搬到新城市是一个巨大的改变，但她很快就适应了。	changeable adj.	https://www.leonwang.cc/ielts-vocab/data-16.js?v=20260618-1
16	社会经济	162	solve	/sɒlv/	v.	核心	解答；解决		Scientists are working hard to solve some of the world's biggest problems.	科学家们正在努力解决世界上一些最重大的问题。	solution n.；搭配：solve a puzzle	https://www.leonwang.cc/ielts-vocab/data-16.js?v=20260618-1
16	社会经济	163	develop	/dɪˈveləp/	v.	核心	发展；开发		The city has developed rapidly over the past twenty years.	过去二十年里，这座城市发展得很迅速。	development, developed, developing；搭配：a developing/developed country	https://www.leonwang.cc/ielts-vocab/data-16.js?v=20260618-1
16	社会经济	164	sustainable	/səˈsteɪnəbl/	adj.	核心	可持续的		Many companies are now trying to use more sustainable methods of production.	许多公司现今正在尝试使用更可持续的生产方法。	搭配：sustainable development	https://www.leonwang.cc/ielts-vocab/data-16.js?v=20260618-1
16	社会经济	165	improve	/ɪmˈpruːv/	v.	核心	改善，改进		Taking notes during lectures can significantly improve your memory of the material.	听课时记笔记可以显著提高你对材料的记忆。	improvement n.	https://www.leonwang.cc/ielts-vocab/data-16.js?v=20260618-1
16	社会经济	166	manage	/ˈmænɪdʒ/	v.	核心	管理；设法做到		She manages a team of 20 people in the marketing department.	她管理着市场营销部一个20人的团队。	management, manager	https://www.leonwang.cc/ielts-vocab/data-16.js?v=20260618-1
16	社会经济	167	regulate	/ˈreɡjʊleɪt/	v.	高频	管理；调整		New laws have been passed to regulate the use of personal data online.	已通过新的法律来规范网上个人数据的使用。		https://www.leonwang.cc/ielts-vocab/data-16.js?v=20260618-1
16	社会经济	168	sanction	/ˈsæŋkʃən/	n.	高频	批准；制裁 v. 批准；对......实施制裁		The UN imposed economic sanctions on the country to force a change of policy.	联合国对该国实施经济制裁，以迫使其改变政策。	搭配：apply/impose a sanction	https://www.leonwang.cc/ielts-vocab/data-16.js?v=20260618-1
16	社会经济	169	coordinate	/kəʊˈɔːdɪneɪt/ v. /kəʊˈɔːdɪnət/ n.	v.	核心	调和，协调		Our team leader coordinates the efforts of all departments to meet tight deadlines.	我们组长协调所有部门的努力，以赶上紧迫的截止日期。	coordinator n.	https://www.leonwang.cc/ielts-vocab/data-16.js?v=20260618-1
16	社会经济	170	cooperate	/kəʊˈɒpəreɪt/	v.	核心	合作，协作		If everyone cooperates, we can finish cleaning the park before noon.	如果大家齐心协力，我们中午前就能把公园打扫干净。	cooperation n.；搭配：cooperate with	https://www.leonwang.cc/ielts-vocab/data-16.js?v=20260618-1
16	社会经济	171	collaborate	/kəˈlæbəreɪt/	v.	高频	合作	col（一起）+ laborate（工作）→ 合作	The two universities have been collaborating on medical research since 2008.	这两所大学自2008年以来一直在医学研究上开展合作。		https://www.leonwang.cc/ielts-vocab/data-16.js?v=20260618-1
17	法律法规	1	law	/lɔː/	n.	核心	法律；规律；定理		Every citizen is expected to obey the law and respect the rights of others.	每个公民都应遵守法律并尊重他人的权利。	lawyer n. 律师；搭配：enact a law 通过法律	https://www.leonwang.cc/ielts-vocab/data-17.js?v=20260618-1
17	法律法规	2	legal	/lɪɡəl/	adj.	核心	法律的；合法的		It is not legal to drive a car without a valid licence.	没有有效驾照开车是不合法的。	反义词：illegal	https://www.leonwang.cc/ielts-vocab/data-17.js?v=20260618-1
17	法律法规	3	rule	/ruːl/	n.	核心	规则 v. 统治		One basic rule of the library is to keep quiet at all times.	图书馆的一条基本规则是随时保持安静。		https://www.leonwang.cc/ielts-vocab/data-17.js?v=20260618-1
17	法律法规	4	regulation	/ˌreɡjɪˈleɪʃən/	n.	核心	规则，规定；管理		New safety regulations were introduced after the accident at the factory.	工厂发生事故后，出台了新的安全规定。	regulate v. 管理；调整；regular adj. 有规律的	https://www.leonwang.cc/ielts-vocab/data-17.js?v=20260618-1
17	法律法规	5	item	/ˈaɪtəm/	n.	核心	一项项目，条目		Please check each item on the list before you hand in the form.	交表之前请核对清单上的每一个项目。		https://www.leonwang.cc/ielts-vocab/data-17.js?v=20260618-1
17	法律法规	6	treaty	/ˈtrɪti/	n.	高频	条约；协议		The two countries signed a peace treaty to end the long conflict.	两国签署了一项和平条约以结束长期冲突。		https://www.leonwang.cc/ielts-vocab/data-17.js?v=20260618-1
17	法律法规	7	agreement	/əˈɡriːmənt/	n.	核心	协定；同意		After hours of discussion, they finally reached an agreement on the budget.	经过数小时的讨论，他们终于就预算达成了协议。	agree v.	https://www.leonwang.cc/ielts-vocab/data-17.js?v=20260618-1
17	法律法规	8	charter	/ˈtʃɑːtə/	n.	低频	宪章 v. 租，包（船、车、飞机等）		The organisation's charter clearly states its purpose and core values.	该组织的宪章明确阐述了其宗旨和核心价值观。	搭配：draft a charter 起草宪章	https://www.leonwang.cc/ielts-vocab/data-17.js?v=20260618-1
17	法律法规	9	protocol	/ˈprəʊtəkl/	n.	低频	议定书，协议；礼仪		Diplomatic protocol requires that the host greets the visiting leaders first.	外交礼仪要求主人先向来访的领导人致意。		https://www.leonwang.cc/ielts-vocab/data-17.js?v=20260618-1
17	法律法规	10	norm	/nɔːm/	n.	高频	标准；[-s] 行为准则，规范		Wearing a suit to a job interview is considered the norm in many industries.	在许多行业，穿西装参加求职面试被视为常规做法。	normal, abnormal；搭配：social norms 社会规范	https://www.leonwang.cc/ielts-vocab/data-17.js?v=20260618-1
17	法律法规	11	benchmark	/ˈbentʃmɑːk/	n.	低频	基准，水准点	bench（长凳）+ mark（标记）	This company's customer service sets the benchmark for the entire industry.	这家公司的客户服务为整个行业树立了标杆。		https://www.leonwang.cc/ielts-vocab/data-17.js?v=20260618-1
17	法律法规	12	criteria	/kraɪˈtɪəriə/	n.	核心	（复数）标准，准则		To qualify for the scholarship, students must meet three main criteria.	要获得奖学金资格，学生必须满足三个主要标准。		https://www.leonwang.cc/ielts-vocab/data-17.js?v=20260618-1
17	法律法规	13	standard	/ˈstændɪd/	n.	核心	标准		All products are tested to ensure they meet international safety standards.	所有产品都经过测试，以确保符合国际安全标准。	standardised, standardisation	https://www.leonwang.cc/ielts-vocab/data-17.js?v=20260618-1
17	法律法规	14	permit	/pəˈmɪt/	v.	核心	允许，准许		The museum does not permit visitors to take photographs inside the galleries.	博物馆不允许参观者在展厅内拍照。	permission, permissible	https://www.leonwang.cc/ielts-vocab/data-17.js?v=20260618-1
17	法律法规	15	allow	/əˈlaʊ/	v.	核心	允许，准许		The new timetable allows students more time for independent study.	新的课程表让学生有更多时间自学。	allowance；搭配：allow for 考虑到；allow sb. to do sth.	https://www.leonwang.cc/ielts-vocab/data-17.js?v=20260618-1
17	法律法规	16	admission	/ədˈmɪʃən/	n.	核心	承认；入场费；准许进入		Admission to the exhibition is free for children under 12 years old.	12岁以下儿童可免费参观该展览。		https://www.leonwang.cc/ielts-vocab/data-17.js?v=20260618-1
17	法律法规	17	perform	/pəˈfɔːm/	v.	核心	履行，执行		The team performed all the necessary tests before launching the software.	该团队在发布软件前执行了所有必要的测试。	performance	https://www.leonwang.cc/ielts-vocab/data-17.js?v=20260618-1
17	法律法规	18	enforce	/ɪnˈfɔːs/	v.	高频	强制执行，强行实施；迫使		Police officers are responsible for enforcing traffic laws on the roads.	警察负责在道路上执行交通法律。	enforcement；搭配：enforce sth. on sb.	https://www.leonwang.cc/ielts-vocab/data-17.js?v=20260618-1
17	法律法规	19	default	/dɪˈfɔːlt/	v.	高频	不支付，不履行； n. 违约；默认值		If you default on your loan payments, the bank may take legal action.	如果你拖欠贷款，银行可能会采取法律行动。	搭配：in default of 因缺少……	https://www.leonwang.cc/ielts-vocab/data-17.js?v=20260618-1
17	法律法规	20	reject	/rɪˈdʒekt/	v.	核心	拒绝接受；摒弃		The committee rejected the proposal because it lacked sufficient detail.	委员会否决了该提案，因为提案缺乏足够的细节。	rejection	https://www.leonwang.cc/ielts-vocab/data-17.js?v=20260618-1
17	法律法规	21	constraint	/kənˈstreɪnt/	n.	高频	约束，限制；克制		Budget constraints forced the school to cut some after-school programmes.	预算限制迫使学校削减了一些课外活动。		https://www.leonwang.cc/ielts-vocab/data-17.js?v=20260618-1
17	法律法规	22	official	/əˈfɪʃəl/	adj.	核心	正式的，官方的		We are still waiting for an official statement from the government.	我们仍在等待政府的官方声明。		https://www.leonwang.cc/ielts-vocab/data-17.js?v=20260618-1
17	法律法规	23	mandatory	/ˈmændətəri/	adj.	高频	法定的，强制的	mand = 命令	Wearing a helmet is mandatory for all cyclists in this city.	在这座城市，所有骑自行车的人都必须佩戴头盔。	mandate n./v. 授权，命令	https://www.leonwang.cc/ielts-vocab/data-17.js?v=20260618-1
17	法律法规	24	potent	/ˈpəʊtənt/	adj.	高频	很有效的，强有力的		This is a potent drug that should only be given under medical supervision.	这是一种强效药物，只能在医生监督下使用。	反义词：impotent	https://www.leonwang.cc/ielts-vocab/data-17.js?v=20260618-1
17	法律法规	25	bound	/baʊnd/	adj.	核心	[be ~ to] 一定会，很可能，有义务		You are bound by the agreement to complete the work by the end of the month.	根据协议，你有义务在月底前完成这项工作。		https://www.leonwang.cc/ielts-vocab/data-17.js?v=20260618-1
17	法律法规	26	obligation	/ˌɒblɪˈɡeɪʃən/	n.	核心	义务，责任		Parents have a legal obligation to ensure their children receive an education.	父母有法律义务确保子女接受教育。	oblige v. 迫使；帮忙	https://www.leonwang.cc/ielts-vocab/data-17.js?v=20260618-1
17	法律法规	27	court	/kɔːt/	n.	核心	法院；庭院		The witness was asked to appear in court to give evidence next week.	证人被要求下周出庭作证。	搭配：take sb. to court 将某人告上法庭	https://www.leonwang.cc/ielts-vocab/data-17.js?v=20260618-1
17	法律法规	28	supreme	/suːˈpriːm/	adj.	高频	最高的；最大的		The Supreme Court has the final authority to interpret the constitution.	最高法院拥有解释宪法的最终权力。	supremacy n. 至高无上；搭配：a supreme court 最高法院	https://www.leonwang.cc/ielts-vocab/data-17.js?v=20260618-1
17	法律法规	29	enact	/ɪˈnækt/	v.	高频	通过（法律）；表演		The parliament voted to enact a new environmental protection law.	议会投票通过了一项新的环境保护法。		https://www.leonwang.cc/ielts-vocab/data-17.js?v=20260618-1
17	法律法规	30	legislate	/ˈledʒɪsleɪt/	v.	高频	立法，制定法律		It is the responsibility of the congress to legislate on matters of national security.	就国家安全事务立法是国会的职责。	legislation n. 法律，法规	https://www.leonwang.cc/ielts-vocab/data-17.js?v=20260618-1
17	法律法规	31	equity	/ˈekwəti/	n.	高频	公平		The new policies aim to achieve greater equity in access to healthcare.	新政策旨在使医疗保健的获取更加公平。	equal adj. 平等的	https://www.leonwang.cc/ielts-vocab/data-17.js?v=20260618-1
17	法律法规	32	fair	/feə/	adj.	核心	公平的，公正的		The judge made sure that the trial was fair to both sides.	法官确保审判对双方都是公平的。	反义词：unfair	https://www.leonwang.cc/ielts-vocab/data-17.js?v=20260618-1
17	法律法规	33	just	/dʒʌst/	adj.	核心	公正的；正义的		A just society is one in which all people are treated equally under the law.	一个公正的社会是法律面前人人平等的社会。	unjust, justice, justify	https://www.leonwang.cc/ielts-vocab/data-17.js?v=20260618-1
17	法律法规	34	prejudice	/ˈpredʒʊdɪs/	n.	核心	偏见，成见		The campaign aims to fight prejudice and promote cultural understanding.	这场运动旨在消除偏见并促进文化理解。	搭配：prejudice against 对……的偏见	https://www.leonwang.cc/ielts-vocab/data-17.js?v=20260618-1
17	法律法规	35	discrimination	/dɪˌskrɪmɪˈneɪʃən/	n.	核心	歧视		Laws against gender discrimination have been in place for decades.	禁止性别歧视的法律已经存在几十年了。		https://www.leonwang.cc/ielts-vocab/data-17.js?v=20260618-1
17	法律法规	36	accuse	/əˈkjuːz/	v.	核心	控告，指责		She accused her neighbour of stealing her bicycle from the yard.	她指控邻居从院子里偷了她的自行车。	搭配：accuse sb. of sth. 指控某人做某事	https://www.leonwang.cc/ielts-vocab/data-17.js?v=20260618-1
17	法律法规	37	sue	/sjuː/	v.	核心	控告，提起诉讼		The actor decided to sue the magazine for publishing false stories about him.	那位演员决定控告那家杂志散布关于他的不实报道。	搭配：sue sb. for 因……起诉某人	https://www.leonwang.cc/ielts-vocab/data-17.js?v=20260618-1
17	法律法规	38	prosecute	/ˈprɒsɪkjuːt/	v.	高频	检举，起诉		The district attorney decided to prosecute the company for fraud.	地区检察官决定以欺诈罪起诉该公司。	prosecution n. 起诉；prosecutor n. 检察官；注意：persecute 迫害	https://www.leonwang.cc/ielts-vocab/data-17.js?v=20260618-1
17	法律法规	39	condemn	/kənˈdem/	v.	高频	谴责，指责		The international community strongly condemned the use of chemical weapons.	国际社会强烈谴责使用化学武器的行为。		https://www.leonwang.cc/ielts-vocab/data-17.js?v=20260618-1
17	法律法规	40	complain	/kəmˈpleɪn/	v.	核心	抱怨；投诉		Several customers complained about the slow service at the restaurant.	几位顾客投诉了那家餐厅上菜速度慢。	complaint n.；搭配：complain about, complain to	https://www.leonwang.cc/ielts-vocab/data-17.js?v=20260618-1
17	法律法规	41	boycott	/ˈbɔɪkɒt/	n./v.	高频	抵制，拒绝购买		Many consumers decided to boycott the company's products over environmental concerns.	出于对环境的担忧，许多消费者决定抵制该公司的产品。	词源：来自人名Boycott	https://www.leonwang.cc/ielts-vocab/data-17.js?v=20260618-1
17	法律法规	42	session	/ˈseʃən/	n.	核心	会议；会期		The court is now in session and will hear the first case of the day.	法庭现在开庭，将审理今天的第一个案件。		https://www.leonwang.cc/ielts-vocab/data-17.js?v=20260618-1
17	法律法规	43	mediate	/ˈmiːdieɪt/	v.	高频	斡旋，调解		A neutral third party was brought in to mediate between the two companies.	一个中立的第三方被请来调解两家公司之间的矛盾。	搭配：mediate between 在……之间调解	https://www.leonwang.cc/ielts-vocab/data-17.js?v=20260618-1
17	法律法规	44	plea	/pliː/	n.	低频	辩解理由，借口；请求		The defendant entered a plea of not guilty at the beginning of the trial.	审判开始时，被告提出了无罪抗辩。	搭配：make a plea for 为……恳求	https://www.leonwang.cc/ielts-vocab/data-17.js?v=20260618-1
17	法律法规	45	appeal	/əˈpiːl/	v./n.	核心	呼吁；申诉		The charity launched an appeal to raise money for the flood victims.	该慈善机构发起呼吁，为水灾灾民筹集资金。	搭配：lodge an appeal 提出上诉	https://www.leonwang.cc/ielts-vocab/data-17.js?v=20260618-1
17	法律法规	46	contradict	/ˌkɒntrəˈdɪkt/	v.	高频	反驳；与......矛盾		His later statement appeared to contradict what he had told the police earlier.	他后来的陈述似乎与他早前告诉警方的话相矛盾。	contradiction n. 矛盾	https://www.leonwang.cc/ielts-vocab/data-17.js?v=20260618-1
17	法律法规	47	persuade	/pəˈsweɪd/	v.	核心	说服；使相信		She managed to persuade her parents to let her study abroad for a year.	她成功说服了父母让她出国学习一年。	搭配：persuade sb. to do sth. 说服某人做某事	https://www.leonwang.cc/ielts-vocab/data-17.js?v=20260618-1
17	法律法规	48	controversy	/ˈkɒntrəvɜːsi/	n.	核心	争议；辩论		The new education policy has caused a lot of controversy among teachers and parents.	新教育政策在教师和家长中引起了很多争议。	controversial adj. 有争议的	https://www.leonwang.cc/ielts-vocab/data-17.js?v=20260618-1
17	法律法规	49	whisper	/ˈwɪspə/	v.	核心	低声说；私下谈论		They had to whisper in the library so as not to disturb other readers.	他们在图书馆不得不小声说话，以免打扰其他读者。		https://www.leonwang.cc/ielts-vocab/data-17.js?v=20260618-1
17	法律法规	50	mutter	/ˈmʌtə/	v.	高频	轻声低语；小声抱怨		He was muttering something under his breath as he walked away angrily.	他生气地走开时，嘴里小声嘀咕着什么。		https://www.leonwang.cc/ielts-vocab/data-17.js?v=20260618-1
17	法律法规	51	murmur	/ˈmɜːmə/	v.	高频	低声说 n. 咕哝，低语		A soft murmur of conversation filled the room before the speaker began.	演讲者开始讲话前，房间里充满了低低的交谈声。		https://www.leonwang.cc/ielts-vocab/data-17.js?v=20260618-1
17	法律法规	52	silent	/ˈsaɪlənt/	adj.	核心	沉默的；寂静无声的		The room fell silent as the judge entered and took her seat.	法官走进来就座时，整个房间瞬间安静了下来。	silence n. 沉默	https://www.leonwang.cc/ielts-vocab/data-17.js?v=20260618-1
17	法律法规	53	mute	/mjuːt/	adj.	高频	缄默的；哑的；无声的 n. 哑巴		He remained mute throughout the interview and refused to answer any questions.	整个采访过程中他一言不发，拒绝回答任何问题。		https://www.leonwang.cc/ielts-vocab/data-17.js?v=20260618-1
17	法律法规	54	investigate	/ɪnˈvestɪɡeɪt/	v.	核心	调查		The police are investigating the cause of the fire that destroyed the warehouse.	警方正在调查烧毁仓库的那场火灾的原因。	investigation n.；搭配：investigate into 调查	https://www.leonwang.cc/ielts-vocab/data-17.js?v=20260618-1
17	法律法规	55	witness	/ˈwɪtnəs/	n.	核心	目击者，见证人 v. 目击		A witness told the police that she had seen a man running from the scene.	一名目击者告诉警方，她看到一名男子从现场逃跑。	搭配：bear witness to 为……作证	https://www.leonwang.cc/ielts-vocab/data-17.js?v=20260618-1
17	法律法规	56	commit	/kəˈmɪt/	v.	核心	犯（罪），做（坏事）		He was sent to prison after being found guilty of committing a serious crime.	他被判犯有严重罪行后入狱服刑。	commitment n.；搭配：commit a crime 犯罪；commit suicide 自杀	https://www.leonwang.cc/ielts-vocab/data-17.js?v=20260618-1
17	法律法规	57	sin	/sɪn/	n.	高频	罪孽 v. 犯戒律		In many religions, stealing is considered a sin against the community.	在许多宗教中，偷窃被认为是一种对群体的罪过。		https://www.leonwang.cc/ielts-vocab/data-17.js?v=20260618-1
17	法律法规	58	crime	/kraɪm/	n.	核心	罪行；犯罪活动		The police are using new technology to fight crime in the city centre.	警方正在运用新技术打击市中心的犯罪活动。	criminal n. 罪犯 adj. 犯罪的；搭配：commit a crime	https://www.leonwang.cc/ielts-vocab/data-17.js?v=20260618-1
17	法律法规	59	vice	/vaɪs/	n.	低频	恶行；缺点		The novel explores the theme of virtue versus vice in modern society.	这部小说探讨了现代社会中美德与恶行的主题。	搭配：vice versa 反之亦然	https://www.leonwang.cc/ielts-vocab/data-17.js?v=20260618-1
17	法律法规	60	bribe	/braɪb/	n.	高频	贿赂 v. 向......行贿		The judge was arrested after he was caught accepting a bribe from a businessman.	那名法官因收受一名商人的贿赂被当场抓获后被捕。	bribery n. 贿赂行为	https://www.leonwang.cc/ielts-vocab/data-17.js?v=20260618-1
17	法律法规	61	rob	/rɒb/	v.	核心	抢劫；夺走		Two masked men attempted to rob the bank but were stopped by the security guards.	两名蒙面男子企图抢劫银行，但被保安人员拦住了。	robber n. 强盗；robbery n. 抢劫；搭配：rob sb. of sth. 抢走某人某物	https://www.leonwang.cc/ielts-vocab/data-17.js?v=20260618-1
17	法律法规	62	pirate	/paɪˈreɪt/	n.	高频	海盗；盗版者 v. 盗印，窃用		The film industry loses millions of dollars each year because of pirate copies.	电影业每年因盗版损失数百万美元。		https://www.leonwang.cc/ielts-vocab/data-17.js?v=20260618-1
17	法律法规	63	steal	/stiːl/	v.	核心	偷，窃取；剽窃		Someone broke into their house and stole all their electronic devices.	有人闯进了他们家，偷走了所有的电子设备。		https://www.leonwang.cc/ielts-vocab/data-17.js?v=20260618-1
17	法律法规	64	thief	/θiːf/	n.	核心	窃贼，偷窃犯		The thief was caught on camera taking a wallet from a customer's bag.	摄像头拍到了小偷从一位顾客的包里取走钱包。		https://www.leonwang.cc/ielts-vocab/data-17.js?v=20260618-1
17	法律法规	65	murder	/ˈmɜːdə/	n./v.	核心	谋杀		The detective has spent months trying to solve the murder of the wealthy businessman.	侦探花了几个月的时间试图侦破那起富商谋杀案。	murderer n. 谋杀犯	https://www.leonwang.cc/ielts-vocab/data-17.js?v=20260618-1
17	法律法规	66	suicide	/ˈsuːɪsaɪd/	n.	高频	自杀		The hotline provides support for anyone experiencing thoughts of suicide.	这条热线为任何有轻生念头的人提供支持。		https://www.leonwang.cc/ielts-vocab/data-17.js?v=20260618-1
17	法律法规	67	deceive	/dɪˈsiːv/	v.	高频	欺骗；蒙蔽，误导		He tried to deceive the elderly couple into giving him their bank details.	他试图欺骗那对老夫妇，让他们提供银行信息。	deceit n. 欺骗；搭配：deceive sb. into doing sth. 欺骗某人做某事	https://www.leonwang.cc/ielts-vocab/data-17.js?v=20260618-1
17	法律法规	68	cheat	/tʃiːt/	v.	核心	欺骗；作弊 n. 作弊者		Students who cheat in the exam will be disqualified from the course.	考试作弊的学生将被取消课程资格。	cheater n.；搭配：cheat on sb. 对某人不忠	https://www.leonwang.cc/ielts-vocab/data-17.js?v=20260618-1
17	法律法规	69	fraud	/frɔːd/	n.	高频	骗子；赝品；欺诈		The man was sentenced to prison for committing credit card fraud.	那名男子因实施信用卡欺诈被判入狱。		https://www.leonwang.cc/ielts-vocab/data-17.js?v=20260618-1
17	法律法规	70	liar	/ˈlaɪə/	n.	高频	说谎的人		Nobody believed him anymore because they had discovered he was a liar.	再也没有人相信他了，因为他们发现他是个说谎的人。	lie v. 说谎	https://www.leonwang.cc/ielts-vocab/data-17.js?v=20260618-1
17	法律法规	71	trap	/træp/	n.	高频	陷阱；诡计 v. 诱骗		The salesman used a clever trap to make customers pay more than they should.	那个推销员用了一个巧妙的圈套，让顾客花了比应花更多的钱。		https://www.leonwang.cc/ielts-vocab/data-17.js?v=20260618-1
17	法律法规	72	trick	/trɪk/	n.	核心	诡计 v. 哄骗		The children played a harmless trick on their teacher on April Fools' Day.	愚人节那天，孩子们对老师搞了一个无伤大雅的恶作剧。	tricky adj. 棘手的；搭配：play a trick on sb. 捉弄某人	https://www.leonwang.cc/ielts-vocab/data-17.js?v=20260618-1
17	法律法规	73	pretend	/prɪˈtend/	v.	核心	假装；假扮		She pretended to be interested in the lecture, but her mind was wandering.	她假装对讲座很感兴趣，但其实思绪已经飘远了。	搭配：pretend to do sth., pretend sickness 装病	https://www.leonwang.cc/ielts-vocab/data-17.js?v=20260618-1
17	法律法规	74	fool	/fuːl/	n.	核心	蠢人，傻子 v. 欺骗		He was fooled by a fake investment scheme and lost his entire savings.	他被一个虚假的投资计划欺骗，失去了全部积蓄。	foolish adj. 愚蠢的；搭配：make a fool of sb. 愚弄某人	https://www.leonwang.cc/ielts-vocab/data-17.js?v=20260618-1
17	法律法规	75	stigma	/ˈstɪɡmə/	n.	低频	耻辱，污名		In some cultures, there is still a stigma attached to mental health problems.	在一些文化中，心理健康问题仍然带有污名。		https://www.leonwang.cc/ielts-vocab/data-17.js?v=20260618-1
17	法律法规	76	confess	/kənˈfes/	v.	高频	供认；忏悔		After hours of questioning, the suspect finally confessed to the theft.	经过数小时的审问，嫌疑人终于供认了盗窃行为。	confession n. 供认，忏悔	https://www.leonwang.cc/ielts-vocab/data-17.js?v=20260618-1
17	法律法规	77	conform	/kənˈfɔːm/	v.	高频	遵守；顺从；相符合		All new buildings must conform to the latest fire safety standards.	所有新建筑都必须符合最新的消防安全标准。	搭配：conform to/with 遵守，符合	https://www.leonwang.cc/ielts-vocab/data-17.js?v=20260618-1
17	法律法规	78	reconcile	/ˈrekənsaɪl/	v.	高频	使和解；调和		It was difficult to reconcile his version of the story with the facts.	很难把他对事情的说法和事实调和起来。	搭配：be reconciled with sb. 与某人和解	https://www.leonwang.cc/ielts-vocab/data-17.js?v=20260618-1
17	法律法规	79	obey	/əʊˈbeɪ/	v.	核心	服从，顺从		Drivers are expected to obey all traffic signs and speed limits.	司机应当遵守所有交通标志和车速限制。	obedient adj. 顺从的	https://www.leonwang.cc/ielts-vocab/data-17.js?v=20260618-1
17	法律法规	80	succumb	/səˈkʌm/	v.	低频	屈服，屈从		He finally succumbed to the pressure from his colleagues and changed his decision.	他最终屈服于同事的压力，改变了自己的决定。	搭配：succumb to 屈服于……	https://www.leonwang.cc/ielts-vocab/data-17.js?v=20260618-1
17	法律法规	81	penalty	/ˈpenlti/	n.	核心	惩罚，处罚		The penalty for driving without insurance can be a heavy fine or even imprisonment.	无保险驾驶的处罚可能是巨额罚款甚至监禁。	搭配：on penalty of 否则受……之罚	https://www.leonwang.cc/ielts-vocab/data-17.js?v=20260618-1
17	法律法规	82	fine	/faɪn/	n.	核心	罚款 adj. 美好的		He had to pay a fine of fifty dollars for parking in a restricted area.	他因为在禁停区停车，不得不缴纳50美元罚款。		https://www.leonwang.cc/ielts-vocab/data-17.js?v=20260618-1
17	法律法规	83	mortgage	/ˈmɔːɡɪdʒ/	v.	高频	抵押（房屋、土地）借款 n. 房屋抵押贷款		They took out a 25-year mortgage to buy their first home.	他们申请了一笔25年期的抵押贷款来购买第一套住房。		https://www.leonwang.cc/ielts-vocab/data-17.js?v=20260618-1
17	法律法规	84	ownership	/ˈəʊnəʃɪp/	n.	核心	所有权，物主身份		The company transferred the ownership of the land to the local council.	公司把这块土地的所有权转让给了地方议会。	own v. 拥有；owner n. 主人	https://www.leonwang.cc/ielts-vocab/data-17.js?v=20260618-1
17	法律法规	85	copyright	/ˈkɒpiraɪt/	n.	高频	版权		You need permission from the author because the book is protected by copyright.	你需要获得作者的许可，因为这本书受版权保护。		https://www.leonwang.cc/ielts-vocab/data-17.js?v=20260618-1
17	法律法规	86	privilege	/ˈprɪvəlɪdʒ/	n.	高频	特权		Having access to clean water should not be a privilege; it is a basic human right.	获得干净饮用水不应该是一种特权，而是一项基本人权。		https://www.leonwang.cc/ielts-vocab/data-17.js?v=20260618-1
17	法律法规	87	accredit	/əˈkredɪt/	v.	低频	把......归于；委任		The discovery of the new species was accredited to a team of Chinese researchers.	这个新物种的发现被归功于一个中国研究团队。		https://www.leonwang.cc/ielts-vocab/data-17.js?v=20260618-1
17	法律法规	88	clue	/kluː/	n.	核心	线索；提示		The detective searched the apartment carefully for any clue that might solve the case.	侦探仔细搜查了那间公寓，寻找任何可能破案的线索。	词源：clew（线团）	https://www.leonwang.cc/ielts-vocab/data-17.js?v=20260618-1
17	法律法规	89	access	/ˈækses/	n.	核心	通路，入径；使用机会		The new ramp provides easy access for people in wheelchairs.	新建的坡道为坐轮椅的人提供了方便的通道。	accessible adj. 可进入的；搭配：have/gain/get access to 可以使用或进入	https://www.leonwang.cc/ielts-vocab/data-17.js?v=20260618-1
17	法律法规	90	anonymous	/əˈnɒnɪməs/	adj.	高频	匿名的	onym = 名字	The charity received an anonymous donation of one million dollars last week.	上周该慈善机构收到了一笔一百万美元的匿名捐款。		https://www.leonwang.cc/ielts-vocab/data-17.js?v=20260618-1
17	法律法规	91	false	/fɔːls/	adj.	核心	不正确的；虚假的；伪造的		He was arrested for using a false passport to enter the country.	他因为使用假护照入境而被逮捕。	falsehood n. 虚假；谎言	https://www.leonwang.cc/ielts-vocab/data-17.js?v=20260618-1
17	法律法规	92	genuine	/ˈdʒenjuːɪn/	adj.	核心	真诚的；真正的		The expert confirmed that the painting was a genuine work by Van Gogh.	专家证实了这幅画是梵高的真迹。		https://www.leonwang.cc/ielts-vocab/data-17.js?v=20260618-1
17	法律法规	93	procedure	/prəˈsiːdʒə/	n.	核心	手续；程序		The staff will explain the procedure for applying for a visa.	工作人员会说明申请签证的程序。		https://www.leonwang.cc/ielts-vocab/data-17.js?v=20260618-1
17	法律法规	94	routine	/ruːˈtiːn/	n.	核心	例行公事；常规 adj. 惯例的		Checking emails first thing in the morning has become part of his daily routine.	早上第一件事就是查看邮件，这已成为他日常惯例的一部分。		https://www.leonwang.cc/ielts-vocab/data-17.js?v=20260618-1
17	法律法规	95	consequence	/ˈkɒnsɪkwəns/	n.	核心	后果		The company ignored safety warnings, and now it is facing serious financial consequences.	那家公司忽视了安全警告，现在正面临严重的经济后果。	consequent adj. 随之发生的；搭配：in consequence 结果	https://www.leonwang.cc/ielts-vocab/data-17.js?v=20260618-1
17	法律法规	96	demand	/dɪˈmænd/	v.	核心	要求；需要 n. 需求		Consumers are demanding more environmentally friendly products from manufacturers.	消费者正要求制造商提供更环保的产品。	demanding adj. 要求高的；搭配：demand for 对……的需求	https://www.leonwang.cc/ielts-vocab/data-17.js?v=20260618-1
17	法律法规	97	request	/rɪˈkwest/	n./v.	核心	要求，请求		They sent a request to the library to extend the borrowing period for another week.	他们向图书馆发出请求，把借阅期限再延长一周。		https://www.leonwang.cc/ielts-vocab/data-17.js?v=20260618-1
17	法律法规	98	require	/rɪˈkwaɪə/	v.	核心	需要；命令，规定		The job requires excellent communication skills and the ability to work in a team.	这份工作要求出色的沟通技巧和团队合作能力。	requirement n. 要求	https://www.leonwang.cc/ielts-vocab/data-17.js?v=20260618-1
17	法律法规	99	petition	/pɪˈtɪʃn/	v.	高频	请求 n. 请愿书；上诉	pet = 寻求	Over 10,000 people signed the petition calling for the recycling centre to stay open.	超过一万人签署了请愿书，要求回收中心继续开放。		https://www.leonwang.cc/ielts-vocab/data-17.js?v=20260618-1
17	法律法规	100	command	/kəˈmænd/	v.	核心	命令；指挥 n. 命令；控制；运用能力		The officer commanded the soldiers to stand still and wait for further orders.	军官命令士兵们站在原地不动，等待下一步命令。	commander n. 指挥官；搭配：have a good command of 精通……	https://www.leonwang.cc/ielts-vocab/data-17.js?v=20260618-1
17	法律法规	101	instruct	/ɪnˈstrʌkt/	v.	核心	指导，讲授；通知；命令		The safety guide instructs passengers on what to do in case of an emergency.	安全指南指导乘客在紧急情况下应该怎么做。	instruction n. 指示，教导	https://www.leonwang.cc/ielts-vocab/data-17.js?v=20260618-1
18	沙场争锋	1	violence	/ˈvaɪələns/	n.	核心	暴力		The government called for an end to the violence after days of street clashes.	在持续数日的街头冲突后，政府呼吁结束暴力行为。	violent adj. 猛烈的；暴力的	https://www.leonwang.cc/ielts-vocab/data-18.js?v=20260618-1
18	沙场争锋	2	conflict	/ˈkɒnflɪkt/	n.	核心	斗争，冲突 / v. 冲突		There is often a conflict between the desire for freedom and the need for security.	对自由的渴望与对安全的需求之间常常存在冲突。	搭配：a conflict of interest 利益冲突	https://www.leonwang.cc/ielts-vocab/data-18.js?v=20260618-1
18	沙场争锋	3	raid	/reɪd/	n./v.	高频	突袭；突然搜查		The police carried out a dawn raid on the suspected drug house.	警方对那处可疑的毒窝进行了一次拂晓突袭。	搭配：carry out a raid 实施突然袭击	https://www.leonwang.cc/ielts-vocab/data-18.js?v=20260618-1
18	沙场争锋	4	enormity	/ɪˈnɔːməti/	n.	低频	巨大；滔天大罪		The enormity of the task ahead felt overwhelming to the small team.	前方任务的艰巨性让这个小团队感到难以招架。	搭配：the enormity of the task 任务的艰巨性	https://www.leonwang.cc/ielts-vocab/data-18.js?v=20260618-1
18	沙场争锋	5	campaign	/kæmˈpeɪn/	n.	核心	战役；（社会、政治）运动 v. 参加（或领导）运动		They launched a national campaign to raise awareness of mental health issues.	他们发起了一场全国性的运动，以提高人们对心理健康问题的认识。	搭配：organise a campaign 组织一场运动	https://www.leonwang.cc/ielts-vocab/data-18.js?v=20260618-1
18	沙场争锋	6	battle	/ˈbætl/	n.	核心	战斗，战役 v. 与......战斗		The soldiers fought a fierce battle to defend the city from the invaders.	士兵们为保卫城市免遭入侵者攻击而进行了一场激烈的战斗。		https://www.leonwang.cc/ielts-vocab/data-18.js?v=20260618-1
18	沙场争锋	7	struggle	/ˈstrʌɡl/	v./n.	核心	挣扎；奋力；奋斗		Many families in the region still struggle to get enough food each day.	该地区的许多家庭每天仍难以获得足够的食物。	搭配：struggle against 与......抗争	https://www.leonwang.cc/ielts-vocab/data-18.js?v=20260618-1
18	沙场争锋	8	explosion	/ɪkˈspləʊʒn/	n.	核心	爆发；迸发；爆炸；激增		The explosion at the chemical plant could be heard several miles away.	化工厂的爆炸声在几英里外都能听到。	explode v. 爆炸；explosive adj. 爆炸性的；搭配：a population explosion 人口激增	https://www.leonwang.cc/ielts-vocab/data-18.js?v=20260618-1
18	沙场争锋	9	bombard	/bɒmˈbɑːd/	v.	高频	轰击，轰炸；连珠炮般质问（或批评）		Reporters bombarded the spokesperson with questions about the scandal.	记者们连珠炮般地向发言人提出了有关该丑闻的问题。		https://www.leonwang.cc/ielts-vocab/data-18.js?v=20260618-1
18	沙场争锋	10	bomb	/bɒm/	n.	核心	炸弹 v. 轰炸		The bomb threat forced the evacuation of the entire shopping centre.	炸弹威胁迫使整个购物中心的人员疏散。	搭配：set off a bomb 引爆炸弹	https://www.leonwang.cc/ielts-vocab/data-18.js?v=20260618-1
18	沙场争锋	11	blast	/blɑːst/	n.	核心	爆炸 v. 炸毁		The builders used explosives to blast a tunnel through the solid rock.	建筑工人用炸药在坚硬的岩石中炸出了一条隧道。		https://www.leonwang.cc/ielts-vocab/data-18.js?v=20260618-1
18	沙场争锋	12	burst	/bɜːst/	v.	核心	(使)爆裂；（使）胀开 n. 迸发；爆裂		The children burst into laughter when the clown tripped over his own feet.	当小丑被自己的脚绊倒时，孩子们爆发出一阵大笑。	搭配：go burst 破产；burst on 突然在......出现	https://www.leonwang.cc/ielts-vocab/data-18.js?v=20260618-1
18	沙场争锋	13	spark	/spɑːk/	n.	高频	火花，火星		A single spark from the campfire flew into the dry grass and started a wildfire.	篝火的一个小火花溅入干草丛，引发了一场野火。	sparkle v. 闪闪发光，闪耀；聪明活泼	https://www.leonwang.cc/ielts-vocab/data-18.js?v=20260618-1
18	沙场争锋	14	twinkle	/ˈtwɪŋkl/	n./v.	高频	闪烁，闪耀		We could see the lights of the harbour twinkling in the distance.	我们可以看见港湾的灯光在远处闪烁。		https://www.leonwang.cc/ielts-vocab/data-18.js?v=20260618-1
18	沙场争锋	15	glitter	/ˈɡlɪtə(r)/	v.	高频	闪闪发光，闪烁		Her diamond ring glittered under the bright lights of the ballroom.	她的钻石戒指在舞厅明亮的灯光下闪闪发光。	glittery adj. 闪闪发亮的	https://www.leonwang.cc/ielts-vocab/data-18.js?v=20260618-1
18	沙场争锋	16	glow	/ɡləʊ/	v.	高频	发出微弱稳定的光 n. 微弱稳定的光		The red maple leaves seemed to glow in the golden afternoon sunlight.	红色的枫叶在金色的午后阳光里闪耀着光芒。		https://www.leonwang.cc/ielts-vocab/data-18.js?v=20260618-1
18	沙场争锋	17	blade	/bleɪd/	n.	高频	刃，锋；（螺旋桨的）叶片		Be careful not to cut your fingers on the sharp blade of the kitchen knife.	小心别被菜刀的利刃割伤手指。		https://www.leonwang.cc/ielts-vocab/data-18.js?v=20260618-1
18	沙场争锋	18	sword	/sɔːd/	n.	高频	刀，剑		Fame can be a double-edged sword that brings both admiration and criticism.	名声可能是一把双刃剑，既带来仰慕也带来批评。	搭配：draw a sword 拔剑	https://www.leonwang.cc/ielts-vocab/data-18.js?v=20260618-1
18	沙场争锋	19	ax	/æks/	n.	高频	斧子		He used a sharp ax to chop firewood for the winter stove.	他用一把锋利的斧子为冬天的炉子劈柴火。		https://www.leonwang.cc/ielts-vocab/data-18.js?v=20260618-1
18	沙场争锋	20	hammer	/ˈhæmə(r)/	n.	高频	锤，榔头 v. 用锤击		She used a hammer to drive the nail firmly into the wooden board.	她用一把锤子把钉子牢牢地钉进木板里。	搭配：hammer sth. into sb. 向某人反复强调某种思想观点等	https://www.leonwang.cc/ielts-vocab/data-18.js?v=20260618-1
18	沙场争锋	21	bow	/bəʊ/	n.	高频	弓；蝴蝶结		In the past, hunters relied on a bow and arrows to catch wild animals.	在过去，猎人依靠弓箭来捕捉野生动物。		https://www.leonwang.cc/ielts-vocab/data-18.js?v=20260618-1
18	沙场争锋	22	arrow	/ˈærəʊ/	n.	高频	箭；箭头		The archer aimed an arrow carefully at the target in the centre of the field.	弓箭手小心地把箭瞄准场地中央的靶子。	搭配：aim an arrow at 把箭瞄准	https://www.leonwang.cc/ielts-vocab/data-18.js?v=20260618-1
18	沙场争锋	23	spear	/spɪə(r)/	n.	高频	矛；标枪 v. 用尖物刺穿		The museum displays a beautifully decorated spear from the ancient tribe.	博物馆展出了一支来自古老部落的装饰精美的长矛。		https://www.leonwang.cc/ielts-vocab/data-18.js?v=20260618-1
18	沙场争锋	24	helmet	/ˈhelmɪt/	n.	核心	头盔，防护帽		It is essential to wear a helmet when riding a motorcycle for your own safety.	骑摩托车时为了自身安全，必须佩戴头盔。		https://www.leonwang.cc/ielts-vocab/data-18.js?v=20260618-1
18	沙场争锋	25	shield	/ʃiːld/	n.	高频	盾；防护物 v. 保护		The thick ozone layer acts as a natural shield against harmful ultraviolet rays.	厚厚的臭氧层充挡有害紫外线的天然防护物。	搭配：a shield against 抵挡......的防护物	https://www.leonwang.cc/ielts-vocab/data-18.js?v=20260618-1
18	沙场争锋	26	equip	/ɪˈkwɪp/	v.	核心	配备，装备		The laboratory is now fully equipped with the latest research instruments.	该实验室现在配备了最新的研究仪器。	equipment n. 设备；搭配：be equipped with 装备有	https://www.leonwang.cc/ielts-vocab/data-18.js?v=20260618-1
18	沙场争锋	27	prepare	/prɪˈpeə(r)/	v.	核心	使预备好；为......做准备		Students should start to prepare for the final examination several weeks in advance.	学生应该提前几周就开始为期末考试做准备。	preparation n. 准备；搭配：prepare for 为......做准备	https://www.leonwang.cc/ielts-vocab/data-18.js?v=20260618-1
18	沙场争锋	28	provide	/prəˈvaɪd/	v.	核心	供给，提供		This program provides young people with valuable skills for the job market.	这个项目为年轻人提供了对就业市场很有价值的技能。	provision n. 供应；搭配：provide sb. with sth. 为某人提供某物	https://www.leonwang.cc/ielts-vocab/data-18.js?v=20260618-1
18	沙场争锋	29	deploy	/dɪˈplɔɪ/	v.	高频	部署		The government decided to deploy additional police officers to the troubled area.	政府决定向动乱地区增派警察。	deployment n. 部署	https://www.leonwang.cc/ielts-vocab/data-18.js?v=20260618-1
18	沙场争锋	30	hit	/hɪt/	v.	核心	击，打；碰撞；打击 n. 击，打；击中		The small car was seriously damaged when it was hit by a speeding truck.	那辆小轿车被一辆超速的卡车撞上，受损严重。	搭配：hit a level 达到一个水平	https://www.leonwang.cc/ielts-vocab/data-18.js?v=20260618-1
18	沙场争锋	31	beat	/biːt/	v.	核心	打；打败；（心脏等）跳动 n. 节拍；击鼓声		She managed to beat her biggest rival in the final and won the gold medal.	她在决赛中击败了最大的对手，赢得了金牌。	搭配：beat a record 打破纪录	https://www.leonwang.cc/ielts-vocab/data-18.js?v=20260618-1
18	沙场争锋	32	strike	/straɪk/	v.	核心	打，击；突击；罢工 n. 罢工；打击		The workers decided to go on strike to demand higher pay and better conditions.	工人们决定举行罢工，要求提高工资和改善条件。	搭配：strike against 为反对而罢工	https://www.leonwang.cc/ielts-vocab/data-18.js?v=20260618-1
18	沙场争锋	33	punch	/pʌntʃ/	n.	核心	打孔机；重拳击打 v. 给......打孔；拳打		He punched the bag hard with his right hand during the boxing training session.	在拳击训练课上，他右手猛击沙袋。	搭配：punch in/out 上/下班打卡	https://www.leonwang.cc/ielts-vocab/data-18.js?v=20260618-1
18	沙场争锋	34	chop	/tʃɒp/	v.	核心	切碎（食物）；劈（木头）		She chopped the carrots into small pieces before adding them to the soup.	她把胡萝卜切成小块，然后加到汤里。	搭配：chop away 砍掉，切掉	https://www.leonwang.cc/ielts-vocab/data-18.js?v=20260618-1
18	沙场争锋	35	stab	/stæb/	v./n.	高频	（用刀等）刺，戳		He felt a sudden sharp pain as if a needle had stabbed his finger.	他突然感到一阵剧痛，仿佛有根针扎了他的手指。	搭配：stab at（用刀等）刺	https://www.leonwang.cc/ielts-vocab/data-18.js?v=20260618-1
18	沙场争锋	36	dilemma	/dɪˈlemə/	n.	高频	（进退两难的）困境		She faced a real dilemma when both job offers arrived on the same day.	当两份工作机会在同一天到来时，她陷入了真正的两难境地。		https://www.leonwang.cc/ielts-vocab/data-18.js?v=20260618-1
18	沙场争锋	37	plight	/plaɪt/	n.	低频	困境；誓约		The news report focused on the plight of families who lost their homes in the flood.	这则新闻报道聚焦于那些在洪水中失去家园的家庭的困境。		https://www.leonwang.cc/ielts-vocab/data-18.js?v=20260618-1
18	沙场争锋	38	pitfall	/ˈpɪtfɔːl/	n.	低频	陷阱；危险，困难		One common pitfall of learning a new language is giving up too quickly.	学习一门新语言的一个常见陷阱就是太快放弃。		https://www.leonwang.cc/ielts-vocab/data-18.js?v=20260618-1
18	沙场争锋	39	conspiracy	/kənˈspɪrəsi/	n.	高频	阴谋，密谋，合谋		The group was arrested for their conspiracy to overthrow the government.	这群人因密谋推翻政府而被捕。	conspire v. 密谋	https://www.leonwang.cc/ielts-vocab/data-18.js?v=20260618-1
18	沙场争锋	40	destitute	/ˈdestɪtjuːt/	adj.	低频	赤贫的，一无所有的；缺乏的		The charity provides shelter for destitute families who have nowhere else to go.	这家慈善机构为无处可去的赤贫家庭提供住宿。	搭配：be destitute of 缺乏	https://www.leonwang.cc/ielts-vocab/data-18.js?v=20260618-1
18	沙场争锋	41	famine	/ˈfæmɪn/	n.	核心	饥荒		Crop failures and conflict led to a severe famine in the region.	粮食歉收和冲突导致该地区发生了严重的饥荒。		https://www.leonwang.cc/ielts-vocab/data-18.js?v=20260618-1
18	沙场争锋	42	starve	/stɑːv/	v.	核心	（使）挨饿，饿死		Millions of people were at risk of starving because of the prolonged drought.	由于长期干旱，数百万人面临饿死的危险。	starvation n. 饿死，极度饥饿	https://www.leonwang.cc/ielts-vocab/data-18.js?v=20260618-1
18	沙场争锋	43	deprive	/dɪˈpraɪv/	v.	高频	剥夺		Nobody should be deprived of the opportunity to receive a basic education.	任何人都不应被剥夺接受基础教育的机会。	deprivation n. 剥夺；搭配：deprive sb. of sth. 剥夺某人的某事物	https://www.leonwang.cc/ielts-vocab/data-18.js?v=20260618-1
18	沙场争锋	44	seize	/siːz/	v.	核心	抓住；夺取		He seized the chance to study abroad when the scholarship was offered to him.	当获得奖学金的机会来临时，他抓住了这个出国学习的机会。	搭配：seize a moment 抓住时机	https://www.leonwang.cc/ielts-vocab/data-18.js?v=20260618-1
18	沙场争锋	45	pursue	/pəˈsjuː/	v.	核心	追赶；追查；追求		After university, she decided to pursue a career in environmental science.	大学毕业后，她决定从事环境科学方面的工作。	pursuit n. 追赶；追求	https://www.leonwang.cc/ielts-vocab/data-18.js?v=20260618-1
18	沙场争锋	46	attack	/əˈtæk/	v./n.	核心	攻击，进攻		The soldiers launched a surprise attack on the enemy camp at dawn.	士兵们在拂晓时分对敌营发动了突然袭击。		https://www.leonwang.cc/ielts-vocab/data-18.js?v=20260618-1
18	沙场争锋	47	offend	/əˈfend/	v.	高频	冒犯；犯罪；违反		I hope my words did not offend you; I was only trying to be honest.	我希望我的话没有冒犯到你，我只是想坦诚一些。	offender n. 罪犯；搭配：offend against 违反	https://www.leonwang.cc/ielts-vocab/data-18.js?v=20260618-1
18	沙场争锋	48	aggressive	/əˈɡresɪv/	adj.	核心	侵略的；好斗的；积极进取的		An aggressive marketing strategy helped the new brand become popular quickly.	一个积极进取的营销策略帮助这个新品牌迅速流行起来。	aggressiveness n. 好斗；aggress v. 挑衅	https://www.leonwang.cc/ielts-vocab/data-18.js?v=20260618-1
18	沙场争锋	49	invade	/ɪnˈveɪd/	v.	核心	入侵，侵略；侵扰		The virus can invade healthy cells and cause serious illness.	这种病毒可以侵入健康细胞并导致严重疾病。	invasion n. 侵犯；invader n. 侵略者；搭配：invade privacy 侵犯隐私	https://www.leonwang.cc/ielts-vocab/data-18.js?v=20260618-1
18	沙场争锋	50	trespass	/ˈtrespəs/	v.	低频	非法侵入 n. 罪过；非法侵入		The sign on the gate clearly warned people not to trespass on private property.	大门上的牌子明确警告人们不得擅自进入私人领地。		https://www.leonwang.cc/ielts-vocab/data-18.js?v=20260618-1
18	沙场争锋	51	threat	/θret/	n.	核心	威胁，恐吓		The rising sea level poses a serious threat to many coastal communities.	不断上升的海平面对许多沿海社区构成了严重威胁。	threaten v. 威胁，恐吓	https://www.leonwang.cc/ielts-vocab/data-18.js?v=20260618-1
18	沙场争锋	52	intrude	/ɪnˈtruːd/	v.	高频	闯入，侵入；侵扰		I felt I was intruding on their private conversation and decided to leave the room.	我觉得自己打扰了他们的私人谈话，于是决定离开房间。		https://www.leonwang.cc/ielts-vocab/data-18.js?v=20260618-1
18	沙场争锋	53	violate	/ˈvaɪəleɪt/	v.	核心	违反，违背；侵犯；搅扰		The company was heavily fined for violating environmental protection laws.	那家公司因违反环境保护法被处以巨额罚款。	violation n. 违反；搭配：violate a law 犯法	https://www.leonwang.cc/ielts-vocab/data-18.js?v=20260618-1
18	沙场争锋	54	assault	/əˈsɔːlt/	n.	高频	猛攻；（身体）侵犯 v. 袭击		He was charged with assault after the fight outside the nightclub.	夜总会外的斗殴事件后，他被控犯有人身侵犯。	搭配：an assault on/against 对......的（人身）侵犯	https://www.leonwang.cc/ielts-vocab/data-18.js?v=20260618-1
18	沙场争锋	55	challenge	/ˈtʃælɪndʒ/	n.	核心	挑战 v. 向......挑战		Moving to a new city was a big challenge, but she adapted quickly.	搬到新城市是一个巨大的挑战，但她很快就适应了。	challenging adj. 有挑战性的；搭配：face a challenge 面对挑战	https://www.leonwang.cc/ielts-vocab/data-18.js?v=20260618-1
18	沙场争锋	56	siege	/siːdʒ/	n.	高频	包围，围攻		The castle was under siege for several months before the defenders finally surrendered.	城堡被围困了几个月，守军才最终投降。		https://www.leonwang.cc/ielts-vocab/data-18.js?v=20260618-1
18	沙场争锋	57	surround	/səˈraʊnd/	v.	核心	包围；环绕		The beautiful garden is surrounded by a tall wooden fence for privacy.	那座美丽的花园被一道高高的木篱笆围着，以保护隐私。	surroundings n. 环境；搭配：be surrounded by 被......包围	https://www.leonwang.cc/ielts-vocab/data-18.js?v=20260618-1
18	沙场争锋	58	enclose	/ɪnˈkləʊz/	v.	高频	围住，包围；把......封入信封		Please remember to enclose a recent photograph with your application form.	请记住在申请表里附上一张近照。	搭配：enclose sth. with a letter 随信附上某物	https://www.leonwang.cc/ielts-vocab/data-18.js?v=20260618-1
18	沙场争锋	59	pause	/pɔːz/	n./v.	核心	暂停，停顿		He paused at the top of the hill to enjoy the wonderful view of the valley.	他在山顶停下来欣赏山谷的美景。	搭配：come to a pause 暂停	https://www.leonwang.cc/ielts-vocab/data-18.js?v=20260618-1
18	沙场争锋	60	halt	/hɔːlt/	v.	核心	（使）停止，（使）停住 n. 停止，停住		All construction work was halted because of the heavy snowstorm.	由于特大暴风雪，所有施工都停止了。		https://www.leonwang.cc/ielts-vocab/data-18.js?v=20260618-1
18	沙场争锋	61	cease	/siːs/	v.	核心	终止，停止		The two sides agreed to cease all military operations with immediate effect.	双方同意立即停止一切军事行动。	搭配：cease fire 停火	https://www.leonwang.cc/ielts-vocab/data-18.js?v=20260618-1
18	沙场争锋	62	oppose	/əˈpəʊz/	v.	核心	反对，抵制		Many local residents strongly oppose the building of a new factory near the river.	许多当地居民强烈反对在河边建一座新工厂。	opponent n. 对手；opposite adj. 相反的	https://www.leonwang.cc/ielts-vocab/data-18.js?v=20260618-1
18	沙场争锋	63	oppress	/əˈpres/	v.	高频	压迫，压制；使压抑		The people were oppressed by the military rule for many years.	人民被军事统治压迫了许多年。	oppressive adj. 压制的	https://www.leonwang.cc/ielts-vocab/data-18.js?v=20260618-1
18	沙场争锋	64	counter	/ˈkaʊntə(r)/	v.	核心	抵消；反击，反驳 adv. 相反地 n. 柜台		She countered every argument he made with strong evidence from her research.	她用自己研究的有力证据反驳了他提出的每一个论点。		https://www.leonwang.cc/ielts-vocab/data-18.js?v=20260618-1
18	沙场争锋	65	deter	/dɪˈtɜː(r)/	v.	高频	阻止，威慑住		Strict punishment may deter some people from committing minor crimes.	严厉的惩罚可能会阻止一些人犯轻罪。	搭配：deter sb. from doing sth. 阻止某人做某事	https://www.leonwang.cc/ielts-vocab/data-18.js?v=20260618-1
18	沙场争锋	66	forbid	/fəˈbɪd/	v.	核心	禁止；阻止		The school forbids students from using mobile phones during class hours.	学校禁止学生在课堂时间使用手机。	搭配：forbid sb. from doing sth. 禁止某人做某事	https://www.leonwang.cc/ielts-vocab/data-18.js?v=20260618-1
18	沙场争锋	67	prohibit	/prəˈhɪbɪt/	v.	核心	禁止，不允许		International law prohibits the use of chemical weapons under any circumstances.	国际法禁止在任何情况下使用化学武器。	prohibition n. 禁止；搭配：prohibit sb. from doing sth. 禁止某人做某事	https://www.leonwang.cc/ielts-vocab/data-18.js?v=20260618-1
18	沙场争锋	68	prevent	/prɪˈvent/	v.	核心	预防，防止；阻止，阻碍		Regular exercise and a healthy diet can help prevent many common diseases.	经常锻炼和健康饮食有助于预防许多常见疾病。	prevention n. 预防	https://www.leonwang.cc/ielts-vocab/data-18.js?v=20260618-1
18	沙场争锋	69	revolt	/rɪˈvəʊlt/	n./v.	高频	叛乱；反抗		The harsh treatment of the workers eventually led to a widespread revolt.	对工人的残酷对待最终引发了一场广泛的起义。	搭配：rise in revolt 发生叛乱	https://www.leonwang.cc/ielts-vocab/data-18.js?v=20260618-1
18	沙场争锋	70	betray	/bɪˈtreɪ/	v.	核心	背叛，出卖；（无意中）泄露		He felt deeply hurt when he realised his best friend had betrayed his trust.	当他意识到最好的朋友背叛了他的信任时，他感到深受伤害。	betrayal n. 背叛；搭配：betray one's country 背叛祖国	https://www.leonwang.cc/ielts-vocab/data-18.js?v=20260618-1
18	沙场争锋	71	treason	/ˈtriːzn/	n.	低频	叛国罪，通敌罪		The general was found guilty of treason for passing sensitive information to the enemy.	那名将军因向敌方传递敏感情报而被判叛国罪。		https://www.leonwang.cc/ielts-vocab/data-18.js?v=20260618-1
18	沙场争锋	72	rebel	/ˈrebl/	n.	高频	反叛者 / v. 造反；反抗		A group of rebels took control of the radio station and broadcast their demands.	一伙反叛者控制了广播电台，播报了他们的要求。	rebellion n. 造反；搭配：rebel against sth. 反对某事	https://www.leonwang.cc/ielts-vocab/data-18.js?v=20260618-1
18	沙场争锋	73	traitor	/ˈtreɪtə(r)/	n.	高频	叛徒，卖国贼		During the war, anyone caught working with the enemy was labelled a traitor.	战争期间，任何被发现为敌方效力的人都被称为卖国贼。		https://www.leonwang.cc/ielts-vocab/data-18.js?v=20260618-1
18	沙场争锋	74	patriot	/ˈpætriət/	n.	高频	爱国者		He is remembered as a true patriot who devoted his life to his country.	他被人们铭记为一位真正的爱国者，将一生奉献给了祖国。	patriotism n. 爱国主义	https://www.leonwang.cc/ielts-vocab/data-18.js?v=20260618-1
18	沙场争锋	75	blame	/bleɪm/	v.	核心	责备，指责 n. 责任		It is not fair to blame the entire team for the mistake of one person.	把一个人的错误归咎于整个团队是不公平的。	搭配：blame sth. on sb. 把某事归咎于某人	https://www.leonwang.cc/ielts-vocab/data-18.js?v=20260618-1
18	沙场争锋	76	reproach	/rɪˈprəʊtʃ/	n.	低频	责备，指责		His behaviour during the ceremony was beyond reproach and earned him much respect.	他在典礼上的举止无可挑剔，为他赢得了许多尊重。	搭配：bring reproach on oneself 让自己丢脸	https://www.leonwang.cc/ielts-vocab/data-18.js?v=20260618-1
18	沙场争锋	77	evidence	/ˈevɪdəns/	n.	核心	证据；根据		There is not enough evidence to prove that he was at the crime scene.	没有足够的证据证明他当时在犯罪现场。	evident adj. 明显的；搭配：written evidence 书面证据	https://www.leonwang.cc/ielts-vocab/data-18.js?v=20260618-1
18	沙场争锋	78	proof	/pruːf/	n.	核心	证明，证据		Can you show me any proof that this handbag really belongs to you?	你能给我出示任何证明这个手提包是你的的证据吗？	prove v. 证明	https://www.leonwang.cc/ielts-vocab/data-18.js?v=20260618-1
18	沙场争锋	79	terror	/ˈterə(r)/	n.	核心	恐惧，恐慌		The sound of the explosion filled the crowd with shock and terror.	爆炸声让众人充满了震惊和恐惧。	terrorist n. 恐怖分子；搭配：in terror 惊慌地	https://www.leonwang.cc/ielts-vocab/data-18.js?v=20260618-1
18	沙场争锋	80	terrible	/ˈterəbl/	adj.	核心	可怕的，糟糕的；极严重的		That earthquake was a terrible disaster and destroyed thousands of homes.	那场地震是一个可怕的灾难，摧毁了成千上万座房屋。		https://www.leonwang.cc/ielts-vocab/data-18.js?v=20260618-1
18	沙场争锋	81	terrific	/təˈrɪfɪk/	adj.	高频	极好的；很大的，很强的		You did a terrific job on the presentation; everyone was very impressed.	你的演示做得非常出色，每个人都很佩服。		https://www.leonwang.cc/ielts-vocab/data-18.js?v=20260618-1
18	沙场争锋	82	horrible	/ˈhɒrəbl/	adj.	核心	可怕的，恐怖的		A horrible accident happened here yesterday and the road is still closed.	昨天这里发生了一起可怕的事故，道路仍然封闭。	horror n. 恐怖	https://www.leonwang.cc/ielts-vocab/data-18.js?v=20260618-1
18	沙场争锋	83	alarm	/əˈlɑːm/	n.	核心	惊恐，忧虑；警报；警报器		As soon as they heard the fire alarm, they calmly left the building.	他们一听到火警，就冷静地离开了大楼。	搭配：raise an alarm 发出警报	https://www.leonwang.cc/ielts-vocab/data-18.js?v=20260618-1
18	沙场争锋	84	tension	/ˈtenʃn/	n.	核心	紧张；拉紧状态		International tension increased after the two countries recalled their ambassadors.	两国互相召回大使后，国际紧张局势加剧了。	tense adj. 绷紧的；搭配：ease the tension 缓和紧张局势	https://www.leonwang.cc/ielts-vocab/data-18.js?v=20260618-1
18	沙场争锋	85	turbulent	/ˈtɜːbjələnt/	adj.	高频	动荡的，混乱的；汹涌的		The country went through a turbulent period of social change in the early 1960s.	该国在20世纪60年代初经历了一个动荡的社会变革时期。	turbulence n. 骚乱；搭配：a turbulent period 动荡的时期	https://www.leonwang.cc/ielts-vocab/data-18.js?v=20260618-1
18	沙场争锋	86	turmoil	/ˈtɜːmɔɪl/	n.	高频	混乱，骚乱		The sudden resignation of the prime minister threw the country into political turmoil.	总理的突然辞职使该国陷入了政治混乱。		https://www.leonwang.cc/ielts-vocab/data-18.js?v=20260618-1
18	沙场争锋	87	scenario	/sɪˈnɑːriəʊ/	n.	高频	可能发生的情况；剧情梗概		Let's imagine a worst-case scenario where the project fails completely.	让我们设想一下项目彻底失败的最坏情况。		https://www.leonwang.cc/ielts-vocab/data-18.js?v=20260618-1
18	沙场争锋	88	occasion	/əˈkeɪʒn/	n.	核心	场合；时机，机会		I only wear this suit on special occasions like weddings and graduations.	我只在像婚礼和毕业典礼这样的特殊场合穿这套西装。	occasionally adv. 偶尔；搭配：on occasion 有时	https://www.leonwang.cc/ielts-vocab/data-18.js?v=20260618-1
18	沙场争锋	89	dread	/dred/	v.	高频	极为害怕，非常担心 n. 恐惧		She dreads going to the dentist because of a bad experience she had as a child.	她非常害怕看牙医，因为她小时候有过一次糟糕的经历。	dreadful adj. 可怕的	https://www.leonwang.cc/ielts-vocab/data-18.js?v=20260618-1
18	沙场争锋	90	frighten	/ˈfraɪtn/	v.	核心	使害怕，使惊恐		The loud thunder frightened the little girl and she hid under the blanket.	巨大的雷声吓坏了小女孩，她躲到了毯子底下。	fright n. 惊骇；搭配：be frightened at 害怕	https://www.leonwang.cc/ielts-vocab/data-18.js?v=20260618-1
18	沙场争锋	91	limit	/ˈlɪmɪt/	n.	核心	限度；界限 v. 限制		We need to limit the amount of sugar we eat every day for better health.	为了改善健康，我们需要限制每天的糖摄入量。	limited adj. 有限的；limitation n. 限制	https://www.leonwang.cc/ielts-vocab/data-18.js?v=20260618-1
18	沙场争锋	92	boundary	/ˈbaʊndri/	n.	核心	分界线，边界；界限		A narrow river forms the natural boundary between the two countries.	一条狭窄的河流构成了两国之间的天然分界线。	搭配：within the boundary of 在......范围内	https://www.leonwang.cc/ielts-vocab/data-18.js?v=20260618-1
18	沙场争锋	93	compete	/kəmˈpiːt/	v.	核心	竞争；参加（比赛）		Athletes from over 40 nations will compete for medals at the championship.	来自40多个国家的运动员将在锦标赛上争夺奖牌。	competition n. 竞争；competent adj. 有能力的	https://www.leonwang.cc/ielts-vocab/data-18.js?v=20260618-1
18	沙场争锋	94	contest	/ˈkɒntest/	v.	高频	争取赢得；争辩 / n. 竞争；比赛		Ten outstanding writers are now contesting the first prize in the short story competition.	十位优秀作家正在角逐短篇小说比赛的一等奖。	contestant n. 参赛者	https://www.leonwang.cc/ielts-vocab/data-18.js?v=20260618-1
18	沙场争锋	95	contend	/kənˈtend/	v.	高频	竞争；争辩，主张		The lawyer contended that his client was innocent and should be released immediately.	律师主张他的当事人是清白的，应立即获释。		https://www.leonwang.cc/ielts-vocab/data-18.js?v=20260618-1
18	沙场争锋	96	rival	/ˈraɪvl/	n.	核心	竞争者，对手 v. 与......匹敌		The two football teams have been fierce rivals for more than twenty years.	两支足球队二十多年来一直是彼此的劲敌。	rivalry n. 竞争；搭配：defeat one's rival 击败某人的对手	https://www.leonwang.cc/ielts-vocab/data-18.js?v=20260618-1
18	沙场争锋	97	competitor	/kəmˈpetɪtə(r)/	n.	核心	竞争者，对手		In the smartphone market, the company's main competitor has just released a new product.	在智能手机市场，该公司的主要竞争对手刚刚发布了一款新产品。	compete v. 竞争	https://www.leonwang.cc/ielts-vocab/data-18.js?v=20260618-1
18	沙场争锋	98	enemy	/ˈenəmi/	n.	核心	敌人，仇敌；敌兵，敌军		During the war, it was difficult to tell who was a friend and who was an enemy.	战争期间，很难分辨谁是朋友，谁是敌人。		https://www.leonwang.cc/ielts-vocab/data-18.js?v=20260618-1
18	沙场争锋	99	strategy	/ˈstrætədʒi/	n.	核心	策略；战略		The company will need to develop a new marketing strategy to reach younger customers.	该公司需要制定新的营销策略来吸引年轻客户。	strategic adj. 战略上的；strategist n. 战略家	https://www.leonwang.cc/ielts-vocab/data-18.js?v=20260618-1
18	沙场争锋	100	tactic	/ˈtæktɪk/	n.	高频	策略，战术		Lowering prices is a common sales tactic used by many large supermarkets.	降价是许多大型超市常用的销售策略。	搭配：win by surprise tactics 出奇制胜	https://www.leonwang.cc/ielts-vocab/data-18.js?v=20260618-1
18	沙场争锋	101	manoeuvre	/məˈnuːvə(r)/	n.	低频	策略，巧计；军事演习		The army is conducting military manoeuvres on the plain this week.	本周军队正在那片平原上进行军事演习。		https://www.leonwang.cc/ielts-vocab/data-18.js?v=20260618-1
18	沙场争锋	102	blueprint	/ˈbluːprɪnt/	n.	高频	蓝图；行动计划		The engineers carefully studied the blueprint before beginning construction.	工程师们在开始施工前仔细研究了蓝图。		https://www.leonwang.cc/ielts-vocab/data-18.js?v=20260618-1
18	沙场争锋	103	refute	/rɪˈfjuːt/	v.	高频	反驳，驳斥；否认		The scientist was able to refute the old theory with new experimental data.	这位科学家用新的实验数据驳斥了旧理论。	搭配：refute sb.'s argument 驳斥某人的论点	https://www.leonwang.cc/ielts-vocab/data-18.js?v=20260618-1
18	沙场争锋	104	warn	/wɔːn/	v.	核心	警告；告诫		The weather station has warned local residents about the coming typhoon.	气象站已经警告当地居民即将有台风来袭。	warning n. 警告；搭配：warn sb. of the danger 警告某人有危险	https://www.leonwang.cc/ielts-vocab/data-18.js?v=20260618-1
18	沙场争锋	105	might	/maɪt/	n.	高频	力量，威力		The old castle was built to show the military might of the ancient empire.	这座古堡是为了展示古老帝国的军事威力而建造的。		https://www.leonwang.cc/ielts-vocab/data-18.js?v=20260618-1
18	沙场争锋	106	force	/fɔːs/	n.	核心	力量；武力 v. 强迫，迫使		The new safety regulation will come into force at the beginning of next month.	新的安全法规将于下月初开始生效。	搭配：come into force 开始生效	https://www.leonwang.cc/ielts-vocab/data-18.js?v=20260618-1
18	沙场争锋	107	reinforce	/ˌriːɪnˈfɔːs/	v.	核心	增援；增强，加强；加固		This new study reinforces the belief that regular exercise improves mental health.	这项新研究进一步证实了经常锻炼能改善心理健康的观点。	搭配：reinforce supply 增加供应	https://www.leonwang.cc/ielts-vocab/data-18.js?v=20260618-1
18	沙场争锋	108	compel	/kəmˈpel/	v.	高频	强迫，迫使		The heavy rain compelled us to cancel the picnic and stay at home.	大雨迫使我们取消了野餐，待在家里。		https://www.leonwang.cc/ielts-vocab/data-18.js?v=20260618-1
18	沙场争锋	109	impair	/ɪmˈpeə(r)/	v.	高频	削弱；妨碍		Lack of sleep can seriously impair a driver's ability to react quickly.	缺乏睡眠会严重削弱司机快速反应的能力。		https://www.leonwang.cc/ielts-vocab/data-18.js?v=20260618-1
18	沙场争锋	110	oblige	/əˈblaɪdʒ/	v.	高频	迫使，强迫；帮忙		The law obliges companies to provide a safe working environment for employees.	法律强制公司为员工提供安全的工作环境。	obligation n. 义务，责任	https://www.leonwang.cc/ielts-vocab/data-18.js?v=20260618-1
18	沙场争锋	111	mitigate	/ˈmɪtɪɡeɪt/	v.	高频	减轻，缓和		The government took steps to mitigate the impact of the drought on farmers.	政府采取措施减轻干旱对农民的影响。	mitigation n. 缓和	https://www.leonwang.cc/ielts-vocab/data-18.js?v=20260618-1
18	沙场争锋	112	order	/ˈɔːdə(r)/	n.	核心	次序；整齐 v. 命令		The officer ordered the soldiers to stand in a straight line at attention.	军官命令士兵们站成一条直线立正。	disorder n. 混乱；orderly adj. 整洁的	https://www.leonwang.cc/ielts-vocab/data-18.js?v=20260618-1
18	沙场争锋	113	protest	/ˈprəʊtest/	n.	核心	抗议；申明 v. 抗议；申辩		Hundreds of students gathered in the square to protest against the tuition increase.	数百名学生聚集在广场上抗议学费上涨。	搭配：protest against 抗议，反对	https://www.leonwang.cc/ielts-vocab/data-18.js?v=20260618-1
18	沙场争锋	114	comfort	/ˈkʌmfət/	n.	核心	安慰；舒适 v. 安慰，抚慰		After the sad news, she sought comfort by talking with her closest friend.	听到那个悲伤的消息后，她通过与最好的朋友交谈来寻求安慰。	comfortable adj. 舒适的；搭配：seek comfort 寻求安慰	https://www.leonwang.cc/ielts-vocab/data-18.js?v=20260618-1
18	沙场争锋	115	event	/ɪˈvent/	n.	核心	事件，大事；公开活动		The charity event at the park raised thousands of dollars for children in need.	公园里举办的慈善活动为有需要的儿童筹集了数千美元。	搭配：celebrate an event 庆祝某一个事件	https://www.leonwang.cc/ielts-vocab/data-18.js?v=20260618-1
18	沙场争锋	116	casualty	/ˈkæʒuəlti/	n.	高频	伤亡人员		The hospital received dozens of casualties after the terrible train crash.	在发生可怕的火车相撞事故后，医院接收了数十名伤病员。		https://www.leonwang.cc/ielts-vocab/data-18.js?v=20260618-1
18	沙场争锋	117	bury	/ˈberi/	v.	高频	埋葬		She buried herself in her work to forget the pain of losing her brother.	她埋头工作以忘记失去兄弟的痛苦。	搭配：bury oneself in 专心致志于	https://www.leonwang.cc/ielts-vocab/data-18.js?v=20260618-1
18	沙场争锋	118	funeral	/ˈfjuːnərəl/	n.	核心	葬礼		Many friends and relatives attended the funeral to pay their last respects.	许多亲友参加了葬礼，致以最后的敬意。		https://www.leonwang.cc/ielts-vocab/data-18.js?v=20260618-1
18	沙场争锋	119	grave	/ɡreɪv/	n.	核心	坟墓		Every year, people place flowers on the grave of the unknown soldier.	每年，人们都会在无名战士的墓前献上鲜花。		https://www.leonwang.cc/ielts-vocab/data-18.js?v=20260618-1
18	沙场争锋	120	tomb	/tuːm/	n.	高频	坟墓		Archaeologists discovered many ancient treasures inside the pharaoh's tomb.	考古学家在法老墓里发现了许多古代珍宝。		https://www.leonwang.cc/ielts-vocab/data-18.js?v=20260618-1
18	沙场争锋	121	hell	/hel/	n.	核心	地狱		Survivors described the earthquake zone as a living hell with no water or electricity.	幸存者把地震区描述为一个既没有水也没有电的人间地狱。	搭配：go to hell 下地狱	https://www.leonwang.cc/ielts-vocab/data-18.js?v=20260618-1
18	沙场争锋	122	maritime	/ˈmærɪtaɪm/	adj.	低频	海事的，海的		The country has a long maritime history and one of the biggest ports in the world.	这个国家有着悠久的海洋历史和一个世界最大的港口。	搭配：maritime court 海事法庭	https://www.leonwang.cc/ielts-vocab/data-18.js?v=20260618-1
18	沙场争锋	123	naval	/ˈneɪvl/	adj.	核心	海军的		He joined the naval forces when he was eighteen and spent ten years at sea.	他十八岁加入海军，在海上度过了十年。	navy n. 海军	https://www.leonwang.cc/ielts-vocab/data-18.js?v=20260618-1
18	沙场争锋	124	fleet	/fliːt/	n.	高频	舰队		The company owns a fleet of delivery trucks that operate across the entire region.	该公司拥有一支覆盖整个地区的送货车队。		https://www.leonwang.cc/ielts-vocab/data-18.js?v=20260618-1
18	沙场争锋	125	troop	/truːp/	n.	核心	部队		The troops marched through the city centre during the National Day parade.	国庆阅兵时，部队列队穿过市中心。		https://www.leonwang.cc/ielts-vocab/data-18.js?v=20260618-1
18	沙场争锋	126	landing	/ˈlændɪŋ/	n.	高频	着陆		The pilot made a smooth landing despite the strong wind and heavy rain.	尽管风雨很大，驾驶员还是进行了一次平稳的着陆。	搭配：a landing field 降落场	https://www.leonwang.cc/ielts-vocab/data-18.js?v=20260618-1
18	沙场争锋	127	hover	/ˈhɒvə(r)/	v.	高频	悬停		The seagull hovered in the air for a moment before diving to catch a fish.	那只海鸥在空中悬停了一会儿，然后俯冲去捕鱼。		https://www.leonwang.cc/ielts-vocab/data-18.js?v=20260618-1
18	沙场争锋	128	proceed	/prəˈsiːd/	v.	核心	继续进行		After a short break, the meeting proceeded as planned and lasted another hour.	短暂休息后，会议按计划继续进行，又持续了一个小时。	搭配：proceed with 继续进行	https://www.leonwang.cc/ielts-vocab/data-18.js?v=20260618-1
18	沙场争锋	129	progress	/ˈprəʊɡres/	n./v.	核心	前进；进步		The construction of the new bridge is finally making good progress after some delays.	经过一些延误后，新桥的建设终于进展顺利。	progressive adj. 进步的；搭配：make progress 取得进步	https://www.leonwang.cc/ielts-vocab/data-18.js?v=20260618-1
18	沙场争锋	130	military	/ˈmɪlətri/	adj.	核心	军事的，军用的		All young men in the country must complete one year of military service.	该国所有年轻男子都必须完成一年的兵役。	搭配：military service 兵役	https://www.leonwang.cc/ielts-vocab/data-18.js?v=20260618-1
18	沙场争锋	131	nuclear	/ˈnjuːkliə(r)/	adj.	核心	原子核的；核能的；核武器的		Many people prefer to live in a nuclear family rather than a large extended one.	许多人更喜欢生活在核心家庭里，而不是一个大家庭。	搭配：a nuclear family 核心家庭；nuclear energy 核能	https://www.leonwang.cc/ielts-vocab/data-18.js?v=20260618-1
18	沙场争锋	132	poison	/ˈpɔɪzn/	n.	核心	毒物，毒药 v. 毒害		The leaves of this plant contain a strong poison that can be deadly if swallowed.	这种植物的叶子含有剧毒，吞食可能致命。	poisonous adj. 有毒的	https://www.leonwang.cc/ielts-vocab/data-18.js?v=20260618-1
18	沙场争锋	133	devastate	/ˈdevəsteɪt/	v.	高频	毁坏，摧毁		The whole village was devastated by the flood, and rebuilding will take years.	整个村庄都被洪水摧毁了，重建将需要好几年。	devastation n. 破坏；devastating adj. 毁灭性的	https://www.leonwang.cc/ielts-vocab/data-18.js?v=20260618-1
18	沙场争锋	134	risk	/rɪsk/	n.	核心	危险，风险 v. 冒着......的危险		If you invest all your money in one company, you run the risk of losing everything.	如果你把所有的钱都投到一家公司，你就有失去一切的风险。	搭配：at risk 有危险	https://www.leonwang.cc/ielts-vocab/data-18.js?v=20260618-1
18	沙场争锋	135	adventure	/ədˈventʃə(r)/	n.	核心	冒险，冒险经历		Their journey through the Amazon rainforest was the greatest adventure of their lives.	他们穿越亚马逊雨林的旅程是他们一生中最伟大的冒险。		https://www.leonwang.cc/ielts-vocab/data-18.js?v=20260618-1
18	沙场争锋	136	peril	/ˈperəl/	n.	低频	重大危险；险情		The explorers faced great perils, from freezing temperatures to attacks by wild animals.	探险者们面临了巨大的危险，从冰点以下的气温到野兽的袭击。	搭配：at one's (own) peril 自担风险	https://www.leonwang.cc/ielts-vocab/data-18.js?v=20260618-1
18	沙场争锋	137	catastrophe	/kəˈtæstrəfi/	n.	高频	重大灾难，大祸		The oil spill was an environmental catastrophe that killed thousands of seabirds.	那场石油泄漏是一次环境灾难，导致数以千计的海鸟死亡。		https://www.leonwang.cc/ielts-vocab/data-18.js?v=20260618-1
18	沙场争锋	138	collapse	/kəˈlæps/	n./v.	核心	倒塌；崩溃		The roof collapsed under the weight of the heavy snow, trapping several people inside.	屋顶在大雪的重压下坍塌了，有好几个人被困在里面。		https://www.leonwang.cc/ielts-vocab/data-18.js?v=20260618-1
18	沙场争锋	139	torture	/ˈtɔːtʃə(r)/	n.	核心	拷问；痛苦，折磨 v. 拷问；使痛苦		She was in complete torture with a severe toothache and could not sleep at all.	她因严重的牙痛而饱受折磨，完全睡不着。	搭配：severe torture 严刑拷打	https://www.leonwang.cc/ielts-vocab/data-18.js?v=20260618-1
18	沙场争锋	140	humiliate	/hjuːˈmɪlieɪt/	v.	高频	羞辱，使蒙羞		He felt humiliated when the boss criticised him sharply in front of his colleagues.	当老板在同事面前严厉批评他时，他感到非常羞辱。		https://www.leonwang.cc/ielts-vocab/data-18.js?v=20260618-1
18	沙场争锋	141	damage	/ˈdæmɪdʒ/	n./v.	核心	损害；伤害		The storm caused serious damage to the crops and many trees were blown down.	暴风雨给庄稼造成了严重损害，许多树被吹倒了。	搭配：do damage to 损害	https://www.leonwang.cc/ielts-vocab/data-18.js?v=20260618-1
18	沙场争锋	142	harmful	/ˈhɑːmfl/	adj.	核心	有害的		Too much direct sunlight can be harmful to your skin, especially at midday.	过多的阳光直射对你的皮肤有害，尤其是在正午时分。	harm n. 害处	https://www.leonwang.cc/ielts-vocab/data-18.js?v=20260618-1
18	沙场争锋	143	mislead	/ˌmɪsˈliːd/	v.	核心	误导，欺骗，使误入歧途		The advertisement was found to mislead consumers about the health benefits of the drink.	这则广告被发现就这款饮料的健康益处误导了消费者。	搭配：mislead sb. into doing sth. 误导某人做某事	https://www.leonwang.cc/ielts-vocab/data-18.js?v=20260618-1
18	沙场争锋	144	disturb	/dɪˈstɜːb/	v.	核心	打扰；使焦虑；弄乱		Please do not disturb the baby; she has just fallen asleep after a long cry.	请别打扰宝宝，她大哭一场后刚刚睡着了。	disturbance n. 干扰；骚乱	https://www.leonwang.cc/ielts-vocab/data-18.js?v=20260618-1
18	沙场争锋	145	interfere	/ˌɪntəˈfɪə(r)/	v.	核心	干涉；妨碍		No country has the right to interfere in the internal affairs of another country.	任何国家都无权干涉他国内政。	interference n. 干涉；搭配：interfere in 干涉；interfere with 干扰	https://www.leonwang.cc/ielts-vocab/data-18.js?v=20260618-1
18	沙场争锋	146	interrupt	/ˌɪntəˈrʌpt/	v.	核心	打断；中断		I'm sorry to interrupt your conversation, but we need to leave immediately.	很抱歉打断你们的谈话，但我们需要马上离开。	interruption n. 中断	https://www.leonwang.cc/ielts-vocab/data-18.js?v=20260618-1
18	沙场争锋	147	retreat	/rɪˈtriːt/	n./v.	核心	撤退；退避		When the enemy forces advanced, the general ordered his troops to retreat safely.	当敌军推进时，将军命令部队安全撤退。		https://www.leonwang.cc/ielts-vocab/data-18.js?v=20260618-1
18	沙场争锋	148	shrink	/ʃrɪŋk/	v.	核心	退缩；收缩，缩水；（使）减少		This wool sweater will shrink if you wash it in hot water.	这件羊毛衫若用热水洗会缩水。	搭配：shrink back 退缩，畏缩	https://www.leonwang.cc/ielts-vocab/data-18.js?v=20260618-1
18	沙场争锋	149	withdraw	/wɪðˈdrɔː/	v.	核心	收回；（使）撤退；提（款）		She went to the bank to withdraw some cash before her trip.	她在旅行前去银行取了一些现金。		https://www.leonwang.cc/ielts-vocab/data-18.js?v=20260618-1
18	沙场争锋	150	withstand	/wɪðˈstænd/	v.	核心	承受，顶住，经受住		The bridge is designed to withstand strong winds and powerful earthquakes.	这座桥的设计能承受强风和强烈地震。	搭配：withstand severe tests 经得住严峻的考验	https://www.leonwang.cc/ielts-vocab/data-18.js?v=20260618-1
18	沙场争锋	151	compromise	/ˈkɒmprəmaɪz/	v.	核心	妥协		In any healthy relationship, both partners need to learn to compromise sometimes.	在任何健康的关系中，双方有时都需要学会妥协。	搭配：compromise with sb. on sth. 在某方面与某人妥协	https://www.leonwang.cc/ielts-vocab/data-18.js?v=20260618-1
18	沙场争锋	152	surrender	/səˈrendə(r)/	n./v.	核心	投降；（被迫）放弃		After three days without food and water, the trapped soldiers decided to surrender.	在三天没有食物和水之后，被困的士兵们决定投降。	搭配：surrender oneself to 向......投降	https://www.leonwang.cc/ielts-vocab/data-18.js?v=20260618-1
18	沙场争锋	153	escape	/ɪˈskeɪp/	n./v.	核心	逃跑；逃脱；逃避		The deer somehow managed to escape from the cage and ran back into the forest.	那头鹿不知怎的设法从笼子里逃了出来，跑回了森林。	搭配：escape danger 避免危险	https://www.leonwang.cc/ielts-vocab/data-18.js?v=20260618-1
18	沙场争锋	154	avoid	/əˈvɔɪd/	v.	核心	避免；躲开		To avoid catching a cold, wash your hands often and dress warmly in winter.	为了避免感冒，冬天要勤洗手并穿得暖和。	搭配：avoid punishment 逃避惩罚	https://www.leonwang.cc/ielts-vocab/data-18.js?v=20260618-1
18	沙场争锋	155	quit	/kwɪt/	v.	核心	放弃，停止；辞去；离开		He decided to quit his job and go back to university to study law.	他决定辞掉工作，回到大学去学习法律。	搭配：quit office 离职	https://www.leonwang.cc/ielts-vocab/data-18.js?v=20260618-1
18	沙场争锋	156	abandon	/əˈbændən/	v.	核心	放弃；抛弃，丢弃		They had to abandon their car on the highway when it ran out of petrol.	当车子的汽油用光时，他们不得不把车弃置在高速公路上。	搭配：abandon oneself to 沉湎于	https://www.leonwang.cc/ielts-vocab/data-18.js?v=20260618-1
18	沙场争锋	157	forgo	/fɔːˈɡəʊ/	v.	低频	放弃		He decided to forgo a holiday this year so he could save enough money for a new car.	他决定今年放弃度假，以便攒够钱买一辆新车。		https://www.leonwang.cc/ielts-vocab/data-18.js?v=20260618-1
18	沙场争锋	158	discard	/dɪsˈkɑːd/	v.	高频	丢弃，抛弃		Before starting the experiment, make sure to discard all old and expired materials.	实验开始前，务必丢弃所有旧的和过期的材料。		https://www.leonwang.cc/ielts-vocab/data-18.js?v=20260618-1
18	沙场争锋	159	rid	/rɪd/	adj.	高频	摆脱，丢弃		Regular cleaning will help you get rid of dust and keep the room fresh.	定期清洁将有助于你摆脱灰尘，保持房间清新。		https://www.leonwang.cc/ielts-vocab/data-18.js?v=20260618-1
18	沙场争锋	160	defend	/dɪˈfend/	v.	核心	防御，保护；为......辩护		The soldiers fought bravely to defend their homeland from the invading army.	士兵们英勇作战，保卫祖国免受侵略军的侵犯。	defence/defense n. 防御；defendant n. 被告；搭配：defend against 防御	https://www.leonwang.cc/ielts-vocab/data-18.js?v=20260618-1
18	沙场争锋	161	safeguard	/ˈseɪfɡɑːd/	v.	高频	保护，保卫 n. 保护措施		New technologies are being developed to safeguard personal data from hackers.	正在开发新技术，以保护个人数据免受黑客攻击。	搭配：safeguard sb.'s interests 保护某人的利益	https://www.leonwang.cc/ielts-vocab/data-18.js?v=20260618-1
18	沙场争锋	162	defeat	/dɪˈfiːt/	v.	核心	战胜，击败 n. 失败		Although they played well, the basketball team was finally defeated by a narrow margin.	尽管表现不错，但篮球队最终还是以微弱比分落败。		https://www.leonwang.cc/ielts-vocab/data-18.js?v=20260618-1
18	沙场争锋	163	resist	/rɪˈzɪst/	v.	核心	抵制，反对；抵御；忍住		It was difficult to resist the temptation to eat the entire box of chocolates.	很难忍住一下子吃掉整盒巧克力的诱惑。	resistance n. 反对；resistant adj. 反对的	https://www.leonwang.cc/ielts-vocab/data-18.js?v=20260618-1
18	沙场争锋	164	capture	/ˈkæptʃə(r)/	n.	核心	战利品 v. 捕获；夺得		The police finally managed to capture the escaped prisoner after a three-day search.	经过三天的追捕，警方终于捕获了那名逃犯。	搭配：capture sb.'s heart 捕获某人的芳心	https://www.leonwang.cc/ielts-vocab/data-18.js?v=20260618-1
18	沙场争锋	165	victory	/ˈvɪktəri/	n.	核心	胜利，成功		After months of hard training, the team celebrated their amazing victory.	经过数月的艰苦训练，这支队伍庆祝了他们非凡的胜利。	victorious adj. 胜利的	https://www.leonwang.cc/ielts-vocab/data-18.js?v=20260618-1
18	沙场争锋	166	triumph	/ˈtraɪʌmf/	n.	高频	伟大胜利，非凡的成功 v. 获得胜利		The agreement was a major triumph for international diplomacy and peace efforts.	这项协议是国际外交与和平努力的一次重大胜利。	搭配：achieve great triumphs 取得巨大的成就	https://www.leonwang.cc/ielts-vocab/data-18.js?v=20260618-1
18	沙场争锋	167	conquer	/ˈkɒŋkə(r)/	v.	核心	征服；克服，战胜		With years of practice, she finally managed to conquer her fear of public speaking.	经过多年的练习，她终于克服了对公开演讲的恐惧。	conquest n. 占领；搭配：conquer shyness 克服羞怯心理	https://www.leonwang.cc/ielts-vocab/data-18.js?v=20260618-1
18	沙场争锋	168	monument	/ˈmɒnjumənt/	n.	核心	纪念碑；历史遗迹；典范		A monument was built in the square to honour those who lost their lives in the war.	广场上矗立着一座纪念碑，以纪念在战争中丧生的人们。	搭配：the Monument to the People's Heroes 人民英雄纪念碑	https://www.leonwang.cc/ielts-vocab/data-18.js?v=20260618-1
18	沙场争锋	169	tablet	/ˈtæblət/	n.	高频	碑，匾；药片		The doctor told him to take one tablet twice a day after meals for a week.	医生告诉他一天两次，每次一片，饭后服用，持续一周。	搭配：a memorial tablet 纪念碑（或匾）	https://www.leonwang.cc/ielts-vocab/data-18.js?v=20260618-1
18	沙场争锋	170	statue	/ˈstætʃuː/	n.	核心	雕像，塑像		The Statue of Liberty was a gift from France to the United States in the 19th century.	自由女神像是法国在19世纪送给美国的礼物。		https://www.leonwang.cc/ielts-vocab/data-18.js?v=20260618-1
18	沙场争锋	171	medal	/ˈmedl/	n.	核心	勋章，奖章		She was awarded a gold medal for her outstanding performance in the swimming competition.	她因在游泳比赛中的出色表现被授予了一枚金牌。	搭配：award sb. a medal 授予某人奖章	https://www.leonwang.cc/ielts-vocab/data-18.js?v=20260618-1
18	沙场争锋	172	honour	/ˈɒnə(r)/	n.	核心	尊敬，敬意；荣誉 v. 尊敬		It is a great honour to be invited to speak at this important international conference.	受邀在这次重要的国际会议上发言是一个极大的荣誉。	honourable adj. 可敬的	https://www.leonwang.cc/ielts-vocab/data-18.js?v=20260618-1
18	沙场争锋	173	glorious	/ˈɡlɔːriəs/	adj.	核心	光荣的，荣耀的		The soldiers were welcomed home with a glorious celebration after their safe return.	士兵们平安归来后，受到了光荣和隆重的欢迎。	glory n. 光荣	https://www.leonwang.cc/ielts-vocab/data-18.js?v=20260618-1
18	沙场争锋	174	contribute	/kənˈtrɪbjuːt/	v.	核心	捐献；（为......）作贡献；撰稿		Everyone should contribute what they can to help protect the natural environment.	每个人都应尽自己的一份力，为保护自然环境作出贡献。	contribution n. 贡献；搭配：contribute to 为......作贡献	https://www.leonwang.cc/ielts-vocab/data-18.js?v=20260618-1
18	沙场争锋	175	devote	/dɪˈvəʊt/	v.	核心	献身；投入		She devoted herself completely to the care of sick and injured animals.	她全身心地投入到照顾生病和受伤的动物的工作中。	devotion n. 献身；搭配：devote sth. to 把时间、精力等用于	https://www.leonwang.cc/ielts-vocab/data-18.js?v=20260618-1
18	沙场争锋	176	owe	/əʊ/	v.	核心	欠；应把......归功于；欠（情），感激		I owe my success largely to the support and encouragement of my family.	我的成功很大程度上要归功于家人的支持和鼓励。		https://www.leonwang.cc/ielts-vocab/data-18.js?v=20260618-1
18	沙场争锋	177	patrol	/pəˈtrəʊl/	n./v.	核心	巡逻，巡查		Security guards patrol inside the museum every hour during the night.	夜间保安每小时在博物馆内巡逻一次。	搭配：on patrol 在巡逻的	https://www.leonwang.cc/ielts-vocab/data-18.js?v=20260618-1
18	沙场争锋	178	guard	/ɡɑːd/	n.	核心	卫兵，警卫员 v. 看守；守卫		Two armed guards stood at the palace gate and checked every visitor carefully.	两名武装警卫站在宫殿门口，仔细检查每一位来访者。	guardian n. 保卫者；监护人	https://www.leonwang.cc/ielts-vocab/data-18.js?v=20260618-1
18	沙场争锋	179	camouflage	/ˈkæməflɑːʒ/	v./n.	高频	伪装		The soldiers used branches and leaves to camouflage their vehicle in the forest.	士兵们用树枝和树叶伪装森林里的车辆。	搭配：protection camouflage 防护伪装	https://www.leonwang.cc/ielts-vocab/data-18.js?v=20260618-1
18	沙场争锋	180	obstacle	/ˈɒbstəkl/	n.	核心	障碍；障碍物		Lack of confidence is often the biggest obstacle to achieving your dreams.	缺乏信心往往是实现梦想的最大障碍。	搭配：clear away obstacles 排除障碍	https://www.leonwang.cc/ielts-vocab/data-18.js?v=20260618-1
18	沙场争锋	181	burrow	/ˈbʌrəʊ/	n.	低频	地洞，地道 v. 掘地洞		The rabbit quickly disappeared into a burrow it had dug in the soft ground.	那只兔子迅速地消失在它松软土地里挖的一个地洞里。		https://www.leonwang.cc/ielts-vocab/data-18.js?v=20260618-1
18	沙场争锋	182	spy	/spaɪ/	n.	核心	同谋，特务 v. 搜集情报，从事间谍活动		They caught a foreign spy who had been stealing military secrets for months.	他们抓获了一名数月来一直在窃取军事机密的外国间谍。	搭配：spy on 窥探，暗中监视	https://www.leonwang.cc/ielts-vocab/data-18.js?v=20260618-1
18	沙场争锋	183	general	/ˈdʒenrəl/	n.	核心	将军 adj. 总的；一般性的		In general, people tend to feel happier when they spend time outdoors in nature.	一般来说，人们在户外与大自然相处时往往感觉更快乐。	generally adv. 一般地；搭配：in general 大体上	https://www.leonwang.cc/ielts-vocab/data-18.js?v=20260618-1
18	沙场争锋	184	soldier	/ˈsəʊldʒə(r)/	n.	核心	战士，士兵		The young soldier was awarded a medal for his bravery in the battle.	那名年轻士兵因在战斗中的英勇表现被授予了一枚奖章。	搭配：command soldiers 指挥士兵	https://www.leonwang.cc/ielts-vocab/data-18.js?v=20260618-1
18	沙场争锋	185	veteran	/ˈvetərən/	n.	高频	老兵；老手		The veteran teacher was respected by everyone for her 30 years of experience.	那位资深教师因三十年的教学经验而受到所有人的尊敬。		https://www.leonwang.cc/ielts-vocab/data-18.js?v=20260618-1
18	沙场争锋	186	scout	/skaʊt/	n.	高频	侦察员，侦察机 v. 侦察，搜寻		Their mission was to scout the area ahead and report any sign of the enemy.	他们的任务是侦察前方区域，报告敌人的任何行踪。	搭配：scout about for 到处寻找	https://www.leonwang.cc/ielts-vocab/data-18.js?v=20260618-1
19	社会角色	1	pioneer		n.	核心	先驱，开创者		She is considered a pioneer in the field of modern nursing.	她被认为是现代护理领域的先驱。	搭配：a pioneer of ......的先驱	https://www.leonwang.cc/ielts-vocab/data-19.js?v=20260618-1
19	社会角色	2	prophet		n.	高频	先知；预言家		The prophet predicted that there would be seven years of terrible drought.	那位先知预言将会有七年的大旱。		https://www.leonwang.cc/ielts-vocab/data-19.js?v=20260618-1
19	社会角色	3	herald		n.	低频	使者，传令官；先驱，预兆 / v. 预告；宣布		The first swallow is often seen as a herald of spring.	第一只燕子常被看作春天的使者。	报纸名称：The New York Herald, The Sydney Morning Herald	https://www.leonwang.cc/ielts-vocab/data-19.js?v=20260618-1
19	社会角色	4	heir		n.	高频	后嗣；继承人		He is the only heir to the family's vast fortune.	他是家族庞大财产的唯一继承人。	heritage, inherit, inheritance	https://www.leonwang.cc/ielts-vocab/data-19.js?v=20260618-1
19	社会角色	5	successor		n.	高频	接替者，继任者		The board is still looking for a suitable successor to the managing director.	董事会仍在物色一位合适的总经理继任者。	successive	https://www.leonwang.cc/ielts-vocab/data-19.js?v=20260618-1
19	社会角色	6	generation		n.	核心	一代；一代人	gen = 生	This tradition has been passed down from generation to generation.	这个传统是一代一代传下来的。	genius, gene, regenerate	https://www.leonwang.cc/ielts-vocab/data-19.js?v=20260618-1
19	社会角色	7	surname		n.	核心	姓 / v. 给......起别名		Write your surname in capital letters in the first box.	将你的姓用大写字母写在第一个方框内。	family name, last name, given name	https://www.leonwang.cc/ielts-vocab/data-19.js?v=20260618-1
19	社会角色	8	gender		n.	核心	性别		The application form asks for your name, date of birth and gender.	申请表要求填写姓名、出生日期和性别。		https://www.leonwang.cc/ielts-vocab/data-19.js?v=20260618-1
19	社会角色	9	sex		n.	核心	性别；性行为		The school is open to all students regardless of sex, race or religion.	这所学校对所有学生开放，不论性别、种族或宗教信仰。	sexy, sexual	https://www.leonwang.cc/ielts-vocab/data-19.js?v=20260618-1
19	社会角色	10	female		adj.	核心	女子的；雌性的		We have three dogs, two females and one male.	我们有三只狗，两只母的，一只公的。		https://www.leonwang.cc/ielts-vocab/data-19.js?v=20260618-1
19	社会角色	11	male		adj.	核心	男子的；雄性的		A male voice called out her name from the back of the crowd.	一个男子的声音从人群后面喊了她的名字。		https://www.leonwang.cc/ielts-vocab/data-19.js?v=20260618-1
19	社会角色	12	couple		n.	核心	夫妻，情侣；两个，几个		I saw a young couple walking hand in hand along the beach.	我看到一对年轻情侣手牵手走在沙滩上。	搭配：a couple of 几个；go in couples 结伴而行	https://www.leonwang.cc/ielts-vocab/data-19.js?v=20260618-1
19	社会角色	13	spouse		n.	高频	配偶		This invitation allows you to bring your spouse or a close friend.	凭此请柬你可以携带配偶或一位密友。	词源：spendo → sponsalia → spouse	https://www.leonwang.cc/ielts-vocab/data-19.js?v=20260618-1
19	社会角色	14	husband		n.	核心	丈夫		She and her husband have been running a small café for twenty years.	她和丈夫经营一家小咖啡馆已经有二十年了。		https://www.leonwang.cc/ielts-vocab/data-19.js?v=20260618-1
19	社会角色	15	wife		n.	核心	妻子		He bought a beautiful ring for his wife on their wedding anniversary.	结婚纪念日他给妻子买了一枚漂亮的戒指。		https://www.leonwang.cc/ielts-vocab/data-19.js?v=20260618-1
19	社会角色	16	gay		adj.	核心	同性恋者（尤指男性）；快乐的；艳丽的		The children felt gay and excited when they saw the colourful balloons.	孩子们看到五颜六色的气球时感到又快乐又兴奋。		https://www.leonwang.cc/ielts-vocab/data-19.js?v=20260618-1
19	社会角色	17	lesbian		n.	高频	同性恋者（女性）		The film tells a moving love story between two young lesbian women.	这部电影讲述了两个年轻女同性恋者之间感人的爱情故事。		https://www.leonwang.cc/ielts-vocab/data-19.js?v=20260618-1
19	社会角色	18	niece		n.	核心	侄女；外甥女		My niece is coming to stay with us during the school holidays.	我的侄女要在学校假期期间来和我们住。		https://www.leonwang.cc/ielts-vocab/data-19.js?v=20260618-1
19	社会角色	19	nephew		n.	核心	侄子；外甥		He bought a toy train as a birthday gift for his little nephew.	他买了一个玩具火车作为送给小侄子的生日礼物。		https://www.leonwang.cc/ielts-vocab/data-19.js?v=20260618-1
19	社会角色	20	twin		n.	核心	双胞胎之一	twi- = 二	It is difficult to tell the twin sisters apart because they look exactly the same.	很难把这对双胞胎姐妹区分开，因为她们长得一模一样。	twice, twist, twig	https://www.leonwang.cc/ielts-vocab/data-19.js?v=20260618-1
19	社会角色	21	grandfather		n.	核心	祖父；外祖父		My grandfather fought in the navy during the Second World War.	我的祖父在第二次世界大战期间在海军服役。		https://www.leonwang.cc/ielts-vocab/data-19.js?v=20260618-1
19	社会角色	22	grandmother		n.	核心	祖母；外祖母		Every Sunday, we visit our grandmother and she cooks us a wonderful meal.	每个星期天我们都去看望祖母，她会给我们做一顿丰盛的饭菜。		https://www.leonwang.cc/ielts-vocab/data-19.js?v=20260618-1
19	社会角色	23	grandchild		n.	高频	孙子女；外孙子女		The old lady has five grandchildren and she loves them all equally.	那位老太太有五个孙辈，她对他们一视同仁地疼爱。		https://www.leonwang.cc/ielts-vocab/data-19.js?v=20260618-1
19	社会角色	24	grandson		n.	高频	孙子；外孙		He taught his grandson how to play chess when the boy was only six.	他在孙子才六岁时就教他下棋。		https://www.leonwang.cc/ielts-vocab/data-19.js?v=20260618-1
19	社会角色	25	granddaughter		n.	高频	孙女；外孙女		Her granddaughter gave her a handmade card on her 80th birthday.	她80岁生日时孙女送了她一张手工制作的贺卡。		https://www.leonwang.cc/ielts-vocab/data-19.js?v=20260618-1
19	社会角色	26	father-in-law		n.	高频	岳父；公公		He gets along very well with his father-in-law and they often go fishing together.	他和岳父相处得很好，两人经常一起去钓鱼。		https://www.leonwang.cc/ielts-vocab/data-19.js?v=20260618-1
19	社会角色	27	mother-in-law		n.	高频	岳母；婆婆		She was nervous about meeting her future mother-in-law for the first time.	她第一次见未来的婆婆时感到很紧张。		https://www.leonwang.cc/ielts-vocab/data-19.js?v=20260618-1
19	社会角色	28	sister-in-law		n.	高频	嫂子；弟媳；大/小姑子；大/小姨子		My sister-in-law is a great cook and she often invites us over for dinner.	我的嫂子是个很棒的厨师，她经常邀请我们去吃饭。		https://www.leonwang.cc/ielts-vocab/data-19.js?v=20260618-1
19	社会角色	29	brother-in-law		n.	高频	姐夫；妹夫；大伯/小叔；大/小舅子		He and his brother-in-law are planning to start a small business together.	他和姐夫正计划一起做点小生意。		https://www.leonwang.cc/ielts-vocab/data-19.js?v=20260618-1
19	社会角色	30	sibling		n.	核心	兄、弟、姐、妹		She has three siblings: an older brother and two younger sisters.	她有三个兄弟姐妹：一个哥哥和两个妹妹。		https://www.leonwang.cc/ielts-vocab/data-19.js?v=20260618-1
19	社会角色	31	cousin		n.	核心	堂（表）兄/弟/姐/妹		Every summer we used to spend a month at the seaside with our cousins.	从前每个夏天我们都和堂兄妹们到海边度过一个月。		https://www.leonwang.cc/ielts-vocab/data-19.js?v=20260618-1
19	社会角色	32	embryo		n.	低频	胚胎 / adj. 胚胎的；初期的		The project is still in its embryo stage and needs much more development.	该项目仍处于初期阶段，还需要更多的开发。		https://www.leonwang.cc/ielts-vocab/data-19.js?v=20260618-1
19	社会角色	33	infant		n.	高频	婴儿 / adj. 供婴儿用的		The infant was sleeping peacefully in its mother's arms.	婴儿在母亲的怀里安静地睡着。		https://www.leonwang.cc/ielts-vocab/data-19.js?v=20260618-1
19	社会角色	34	orphan		n.	高频	孤儿 / v. 使成为孤儿		The earthquake left many children orphaned and in urgent need of care.	地震使许多儿童成为孤儿，急需照料。		https://www.leonwang.cc/ielts-vocab/data-19.js?v=20260618-1
19	社会角色	35	juvenile		adj.	高频	少年的 / n. 少年		The government is taking steps to deal with the rise in juvenile crime.	政府正采取措施应对青少年犯罪上升的问题。	搭配：juvenile delinquency 青少年犯罪	https://www.leonwang.cc/ielts-vocab/data-19.js?v=20260618-1
19	社会角色	36	youngster		n.	高频	年轻人；少年		A group of youngsters were playing basketball in the park after school.	一群年轻人放学后在公园里打篮球。		https://www.leonwang.cc/ielts-vocab/data-19.js?v=20260618-1
19	社会角色	37	youth		n.	核心	青年时期；青春；青年		She spent her youth travelling around Europe and Asia.	她的青年时期是在欧洲和亚洲旅行度过的。	youthful	https://www.leonwang.cc/ielts-vocab/data-19.js?v=20260618-1
19	社会角色	38	adolescence		n.	核心	青春期		Adolescence is a period of rapid physical and emotional change.	青春期是一段身体和情绪都迅速变化的时期。	搭配：reach one's adolescence 进入青春期	https://www.leonwang.cc/ielts-vocab/data-19.js?v=20260618-1
19	社会角色	39	teenager		n.	核心	13至19岁的青少年		Most teenagers enjoy spending time with their friends and listening to music.	大多数青少年喜欢和朋友在一起、听音乐。		https://www.leonwang.cc/ielts-vocab/data-19.js?v=20260618-1
19	社会角色	40	gang		n.	高频	一帮，一伙（常指闹事青年）		The police finally arrested the gang that had been stealing cars in the area.	警方终于逮捕了在该地区偷车的那一伙人。	扩展：gangster 匪徒	https://www.leonwang.cc/ielts-vocab/data-19.js?v=20260618-1
19	社会角色	41	kin		n.	低频	家属，亲戚		All her kin gathered at the old family house for the reunion dinner.	她所有的亲戚都聚集在老宅里吃团圆饭。		https://www.leonwang.cc/ielts-vocab/data-19.js?v=20260618-1
19	社会角色	42	folk		n.	核心	人们；家属		The folk in this small village are known for their friendliness and hospitality.	这个小村庄里的人以友善好客闻名。		https://www.leonwang.cc/ielts-vocab/data-19.js?v=20260618-1
19	社会角色	43	relative		n.	核心	亲戚		She has many relatives living in Canada whom she visits every few years.	她有很多亲戚住在加拿大，她每过几年就会去探望他们。		https://www.leonwang.cc/ielts-vocab/data-19.js?v=20260618-1
19	社会角色	44	relation		n.	核心	亲戚		He is a distant relation of mine; we share the same great-grandparents.	他是我的一个远房亲戚，我们有共同的曾祖父母。	搭配：a close relative 近亲	https://www.leonwang.cc/ielts-vocab/data-19.js?v=20260618-1
19	社会角色	45	intimate		adj.	高频	亲密的；个人隐私的 / n. 密友，至交	inti（内部）+ mate（伙伴）	They have been intimate friends since they were in primary school.	他们从上小学起就是亲密的朋友。		https://www.leonwang.cc/ielts-vocab/data-19.js?v=20260618-1
19	社会角色	46	dear		adj.	核心	亲爱的		Dear friends, thank you for coming to celebrate this special day with us.	亲爱的朋友们，感谢你们来和我们一起庆祝这个特别的日子。		https://www.leonwang.cc/ielts-vocab/data-19.js?v=20260618-1
19	社会角色	47	darling		n.	核心	亲爱的（人）		She hugged her little daughter and said, "You are my darling."	她抱着小女儿说：“你是我的宝贝。”		https://www.leonwang.cc/ielts-vocab/data-19.js?v=20260618-1
19	社会角色	48	lover		n.	核心	爱好者；（婚外的）情人		He is a great lover of classical music and goes to concerts every month.	他是古典音乐的狂热爱好者，每个月都去听音乐会。	搭配：dream lover 梦中情人	https://www.leonwang.cc/ielts-vocab/data-19.js?v=20260618-1
19	社会角色	49	beloved		adj.	高频	深受喜爱的 / n. 爱人		The old teacher was much beloved by all his students for his kindness.	那位老教师因和蔼可亲而深受所有学生的爱戴。		https://www.leonwang.cc/ielts-vocab/data-19.js?v=20260618-1
19	社会角色	50	madam		n.	高频	夫人，女士		Can I help you with your luggage, madam?	夫人，需要我帮您拿行李吗？		https://www.leonwang.cc/ielts-vocab/data-19.js?v=20260618-1
19	社会角色	51	hostess		n.	高频	女主人		The hostess welcomed each guest warmly at the door of the party.	女主人在聚会门口热情地欢迎每一位客人。	搭配：an air hostess 空姐	https://www.leonwang.cc/ielts-vocab/data-19.js?v=20260618-1
19	社会角色	52	landlady		n.	高频	女房东；女地主		The landlady comes to collect the rent on the first day of each month.	女房东每个月的第一天来收房租。		https://www.leonwang.cc/ielts-vocab/data-19.js?v=20260618-1
19	社会角色	53	mistress		n.	低频	女主人；情妇		The dog immediately obeyed the voice of its mistress and sat down.	那条狗一听到女主人的声音就立刻坐下来。		https://www.leonwang.cc/ielts-vocab/data-19.js?v=20260618-1
19	社会角色	54	housewife		n.	核心	家庭主妇		Being a housewife is a full-time job that requires many different skills.	当家庭主妇是一份需要多种不同技能的全职工作。		https://www.leonwang.cc/ielts-vocab/data-19.js?v=20260618-1
19	社会角色	55	widow		n.	高频	寡妇		The widow continued to run the farm after her husband passed away.	丈夫去世后，那位寡妇继续经营着农场。	window（联想记忆）	https://www.leonwang.cc/ielts-vocab/data-19.js?v=20260618-1
19	社会角色	56	maid		n.	高频	女佣；少女		The maid was polishing the silver cutlery in the dining room.	女佣正在餐厅里擦拭银质餐具。		https://www.leonwang.cc/ielts-vocab/data-19.js?v=20260618-1
19	社会角色	57	maiden		n.	低频	少女		The young maiden walked through the forest singing a soft melody.	那位少女哼着轻柔的曲子穿过了森林。		https://www.leonwang.cc/ielts-vocab/data-19.js?v=20260618-1
19	社会角色	58	household		n.	核心	家庭，一户；家务		In the average household, electricity is used mainly for heating and cooking.	在普通家庭中，电主要用于取暖和做饭。	搭配：a low-income household 低收入家庭	https://www.leonwang.cc/ielts-vocab/data-19.js?v=20260618-1
19	社会角色	59	chore		n.	高频	家庭杂务；乏味的工作		Washing the dishes is easily her least favourite chore in the house.	洗碗很可能是她最不喜欢的家务活。	搭配：do the domestic chores 做家务	https://www.leonwang.cc/ielts-vocab/data-19.js?v=20260618-1
19	社会角色	60	host		n.	核心	主人		The host greeted us at the door and led us into the living room.	主人在门口招呼我们，然后带我们进了客厅。		https://www.leonwang.cc/ielts-vocab/data-19.js?v=20260618-1
19	社会角色	61	landlord		n.	核心	房东；地主		The landlord agreed to fix the broken water pipe by the end of the week.	房东答应在周末之前修好破裂的水管。		https://www.leonwang.cc/ielts-vocab/data-19.js?v=20260618-1
19	社会角色	62	guest		n.	核心	客人		The hotel welcomes guests from all over the world with warm service.	这家酒店以热情的服务欢迎来自世界各地的客人。		https://www.leonwang.cc/ielts-vocab/data-19.js?v=20260618-1
19	社会角色	63	customer		n.	核心	顾客		The shop assistant always smiles and says hello to every customer.	那个店员总是微笑着向每一位顾客问好。		https://www.leonwang.cc/ielts-vocab/data-19.js?v=20260618-1
19	社会角色	64	client		n.	核心	客户，委托人		The lawyer spent the morning preparing documents for a very important client.	律师花了一个上午为一位非常重要的客户准备文件。		https://www.leonwang.cc/ielts-vocab/data-19.js?v=20260618-1
19	社会角色	65	tenant		n.	高频	房客；租户		The tenants have to pay the electricity bill in addition to the monthly rent.	除了月租以外，房客还得付电费。		https://www.leonwang.cc/ielts-vocab/data-19.js?v=20260618-1
19	社会角色	66	encounter		v./n.	核心	遭遇；偶遇		During her trip she had a chance encounter with an old school friend.	旅途中她与一位老同学不期而遇。	搭配：a chance encounter 偶遇	https://www.leonwang.cc/ielts-vocab/data-19.js?v=20260618-1
19	社会角色	67	chase		v./n.	核心	追逐；追求		The police car was chasing the stolen vehicle down the highway.	警车正在高速公路上追赶那辆被盗车辆。		https://www.leonwang.cc/ielts-vocab/data-19.js?v=20260618-1
19	社会角色	68	appointment		n.	核心	约会；指派		I have a dentist appointment at 3 p.m. so I need to leave early.	我下午三点约了牙医，所以得早走。	搭配：make an appointment 预约	https://www.leonwang.cc/ielts-vocab/data-19.js?v=20260618-1
19	社会角色	69	accompany		v.	核心	陪伴；伴随	pan = 面包	She asked her brother to accompany her to the important job interview.	她请哥哥陪她去那场重要的求职面试。	companion n. 同伴；搭配：accompany sb. on the trip 陪某人旅行	https://www.leonwang.cc/ielts-vocab/data-19.js?v=20260618-1
19	社会角色	70	dependent		adj.	核心	依靠的，依赖的		The country's economy is heavily dependent on the export of oil.	该国经济严重依赖石油出口。	independent, interdependent；搭配：be dependent on 依赖于	https://www.leonwang.cc/ielts-vocab/data-19.js?v=20260618-1
19	社会角色	71	propose		v.	核心	提议；求婚		He planned to propose marriage to his girlfriend on top of the mountain at sunset.	他打算在日落时分在山顶上向女友求婚。	搭配：propose marriage 求婚	https://www.leonwang.cc/ielts-vocab/data-19.js?v=20260618-1
19	社会角色	72	engagement		n.	高频	婚约；约定		They announced their engagement at a family dinner last Sunday.	上周日，他们在家宴上宣布了订婚的消息。		https://www.leonwang.cc/ielts-vocab/data-19.js?v=20260618-1
19	社会角色	73	marry		v.	核心	结婚		They fell in love at university and decided to marry soon after graduation.	他们在大学里相爱，毕业后很快就决定结婚。		https://www.leonwang.cc/ielts-vocab/data-19.js?v=20260618-1
19	社会角色	74	marriage		n.	核心	婚姻		Their marriage was based on love, trust and respect for each other.	他们的婚姻建立在相爱、信任和相互尊重的基础上。		https://www.leonwang.cc/ielts-vocab/data-19.js?v=20260618-1
19	社会角色	75	married		adj.	核心	已婚的		She is married and has two young children who keep her very busy.	她已经结婚，有两个年幼的孩子，让她忙得不可开交。		https://www.leonwang.cc/ielts-vocab/data-19.js?v=20260618-1
19	社会角色	76	wedding		n.	核心	婚礼		More than 200 guests were invited to attend the grand wedding ceremony.	200多位宾客受邀参加了这场盛大的婚礼。	搭配：wedding anniversary 结婚纪念日；golden wedding 金婚	https://www.leonwang.cc/ielts-vocab/data-19.js?v=20260618-1
19	社会角色	77	honeymoon		n.	高频	蜜月		They spent their honeymoon on a small Greek island with white sandy beaches.	他们在一个有着白色沙滩的希腊小岛上度过了蜜月。	搭配：honeymoon suite 蜜月套房	https://www.leonwang.cc/ielts-vocab/data-19.js?v=20260618-1
19	社会角色	78	respective		adj.	高频	各自的，分别的		After the meeting, they all went back to their respective offices.	会后，他们都回到了各自的办公室。	respectively adv. 分别地	https://www.leonwang.cc/ielts-vocab/data-19.js?v=20260618-1
19	社会角色	79	each		det./pron.	核心	每个，各自		Each student was given a certificate for completing the course.	每个学生都收到了一张完成课程的证书。		https://www.leonwang.cc/ielts-vocab/data-19.js?v=20260618-1
19	社会角色	80	individual		n.	核心	个人，个体		The needs of the individual should not be ignored for the sake of the group.	不应该为了集体而忽视个人的需求。		https://www.leonwang.cc/ielts-vocab/data-19.js?v=20260618-1
19	社会角色	81	single		adj.	核心	单一的；单身的		Are you still single, or have you found a boyfriend yet?	你还是单身吗，还是已经找到男朋友了？		https://www.leonwang.cc/ielts-vocab/data-19.js?v=20260618-1
19	社会角色	82	sole		adj.	高频	仅有的，唯一的		He is the sole survivor of the plane crash that killed over forty people.	他是那起造成40多人遇难的飞机坠毁事故中唯一的幸存者。		https://www.leonwang.cc/ielts-vocab/data-19.js?v=20260618-1
19	社会角色	83	divorce		v./n.	核心	离婚；脱离		The couple divorced after just two years of marriage.	那对夫妻仅仅结婚两年就离婚了。	搭配：be divorced from 与......脱离	https://www.leonwang.cc/ielts-vocab/data-19.js?v=20260618-1
19	社会角色	84	separate		adj.	核心	分开的 / v. 分离		We have booked two separate rooms in the hotel for the weekend.	我们周末在酒店预订了两间分开的房间。	搭配：separate from 与......分离	https://www.leonwang.cc/ielts-vocab/data-19.js?v=20260618-1
19	社会角色	85	neighbourhood		n.	核心	街坊；居住区		There is a very friendly atmosphere in this neighbourhood; everyone says hello.	这个街区气氛非常友好，大家见面都互相打招呼。		https://www.leonwang.cc/ielts-vocab/data-19.js?v=20260618-1
19	社会角色	86	member		n.	核心	成员		She has been a member of the local history society for more than ten years.	她加入当地历史学会已经超过十年了。		https://www.leonwang.cc/ielts-vocab/data-19.js?v=20260618-1
19	社会角色	87	membership		n.	核心	成员资格		His membership in the club was cancelled because he broke the rules.	他因违反规定被取消了俱乐部会员资格。		https://www.leonwang.cc/ielts-vocab/data-19.js?v=20260618-1
19	社会角色	88	boss		n.	核心	老板		His boss praised him for finishing the difficult project ahead of time.	老板表扬了他提前完成了那个困难的项目。		https://www.leonwang.cc/ielts-vocab/data-19.js?v=20260618-1
19	社会角色	89	manager		n.	核心	经理		The new manager introduced several changes that greatly improved efficiency.	新经理引入了几项变革，大大提高了效率。		https://www.leonwang.cc/ielts-vocab/data-19.js?v=20260618-1
19	社会角色	90	supervisor		n.	高频	主管，监督人		Your supervisor will check the final report before it is sent to the client.	你的主管会在最终报告发给客户之前检查一遍。		https://www.leonwang.cc/ielts-vocab/data-19.js?v=20260618-1
19	社会角色	91	subordinate		n.	高频	下级，下属		A good manager always listens to the suggestions of his or her subordinates.	一名好经理总是会倾听下属的建议。		https://www.leonwang.cc/ielts-vocab/data-19.js?v=20260618-1
19	社会角色	92	partner		n.	核心	伙伴，搭档		She has been a loyal business partner for many years and I trust her completely.	她是我多年来忠实的业务伙伴，我完全信任她。		https://www.leonwang.cc/ielts-vocab/data-19.js?v=20260618-1
19	社会角色	93	mate		n.	核心	伙伴；伴侣		He and his mates go to the football match every Saturday afternoon.	他和他的伙伴们每周六下午都去看足球赛。		https://www.leonwang.cc/ielts-vocab/data-19.js?v=20260618-1
19	社会角色	94	colleague		n.	核心	同事		My colleague and I are working together on a sales report for the meeting.	我和同事正在合作为会议准备一份销售报告。		https://www.leonwang.cc/ielts-vocab/data-19.js?v=20260618-1
19	社会角色	95	comrade		n.	高频	同志；同事，伙伴		The old soldier often told stories about his brave comrades during the war.	那位老兵经常讲起他战争中勇敢的战友们的故事。		https://www.leonwang.cc/ielts-vocab/data-19.js?v=20260618-1
19	社会角色	96	acquaintance		n.	高频	相识的人；了解		He is not a close friend, just a business acquaintance I met at a conference.	他不是密友，只是我在一次会议上认识的一个生意上的熟人。		https://www.leonwang.cc/ielts-vocab/data-19.js?v=20260618-1
19	社会角色	97	friendship		n.	核心	友谊		True friendship is about supporting each other through both good and bad times.	真正的友谊在于无论顺境逆境都互相支持。		https://www.leonwang.cc/ielts-vocab/data-19.js?v=20260618-1
19	社会角色	98	affection		n.	核心	喜爱，感情		She shows great affection for her grandparents and visits them every week.	她对祖父母感情很深，每星期都去看望他们。		https://www.leonwang.cc/ielts-vocab/data-19.js?v=20260618-1
19	社会角色	99	stranger		n.	核心	陌生人		The little girl was told never to accept sweets from strangers.	那个小女孩被教导永远不要接受陌生人的糖果。	搭配：a stranger in a strange land 异乡异客	https://www.leonwang.cc/ielts-vocab/data-19.js?v=20260618-1
19	社会角色	100	apprentice		n.	高频	学徒		He started his career as an apprentice in a small garage before becoming a chief mechanic.	他职业生涯之初是在一家小修理厂当学徒，后来成了首席技师。		https://www.leonwang.cc/ielts-vocab/data-19.js?v=20260618-1
19	社会角色	101	deputy		n.	高频	代理人，副手		The deputy manager will take charge of the office while the manager is on leave.	经理休假期间，副经理将负责办公室事务。		https://www.leonwang.cc/ielts-vocab/data-19.js?v=20260618-1
19	社会角色	102	hero		n.	核心	男主角；英雄		The young man was considered a hero after he saved the child from the river.	那个年轻人从河里救出了孩子后，被人们视为英雄。		https://www.leonwang.cc/ielts-vocab/data-19.js?v=20260618-1
19	社会角色	103	heroine		n.	核心	女主角；女英雄		The heroine of the novel is a brave young woman who fights against social injustice.	小说的女主角是一个勇敢的年轻女子，她与社会的种种不公作斗争。		https://www.leonwang.cc/ielts-vocab/data-19.js?v=20260618-1
19	社会角色	104	proponent		n.	低频	拥护者		He is a leading proponent of free trade and economic globalisation.	他是自由贸易和经济全球化的主要倡导者。		https://www.leonwang.cc/ielts-vocab/data-19.js?v=20260618-1
19	社会角色	105	opponent		n.	核心	反对者		His opponent in the debate argued strongly against the new tax proposal.	对方在辩论中强烈反对新的税收提案。		https://www.leonwang.cc/ielts-vocab/data-19.js?v=20260618-1
19	社会角色	106	committee		n.	核心	委员会		The committee will meet next Monday to make a final decision on the project.	委员会将于下周一开会，就该项目作出最终决定。		https://www.leonwang.cc/ielts-vocab/data-19.js?v=20260618-1
19	社会角色	107	council		n.	核心	委员会；议会		The city council is responsible for maintaining public parks and roads.	市议会负责维护公园和道路。		https://www.leonwang.cc/ielts-vocab/data-19.js?v=20260618-1
19	社会角色	108	actor		n.	核心	演员		He dreamed of becoming an actor and finally made his first film at the age of 30.	他梦想成为一名演员，终于在30岁时出演了他的第一部电影。		https://www.leonwang.cc/ielts-vocab/data-19.js?v=20260618-1
19	社会角色	109	actress		n.	核心	女演员		The actress played the role of a strict but fair teacher in the movie.	那位女演员在电影中扮演了一个严格又公正的教师。		https://www.leonwang.cc/ielts-vocab/data-19.js?v=20260618-1
19	社会角色	110	delegate		n.	高频	代表 / v. 授权，委派	leg = 送；委派	Each country sent two delegates to the international trade conference.	每个国家派出了两名代表参加国际贸易会议。		https://www.leonwang.cc/ielts-vocab/data-19.js?v=20260618-1
19	社会角色	111	chancellor		n.	低频	总理；财政大臣		The German chancellor gave a speech about European cooperation at the summit.	德国总理在峰会上就欧洲合作发表了演讲。	词源：cancelli（斜格）	https://www.leonwang.cc/ielts-vocab/data-19.js?v=20260618-1
19	社会角色	112	specialist		n.	核心	专家；专科医生		If the pain continues, you should see a specialist for further examination.	如果疼痛持续，你应该去看专科医生做进一步检查。		https://www.leonwang.cc/ielts-vocab/data-19.js?v=20260618-1
19	社会角色	113	commander		n.	高频	指挥官		The commander ordered his troops to move forward and secure the bridge.	指挥官命令部队前进并确保桥梁安全。		https://www.leonwang.cc/ielts-vocab/data-19.js?v=20260618-1
19	社会角色	114	director		n.	核心	董事；导演；主任		The film director spent three years making this documentary about ocean life.	这位电影导演花了三年时间拍摄这部关于海洋生命的纪录片。		https://www.leonwang.cc/ielts-vocab/data-19.js?v=20260618-1
19	社会角色	115	consultant		n.	核心	顾问		The company hired a management consultant to improve its business strategy.	公司聘请了一位管理顾问来改进其业务策略。		https://www.leonwang.cc/ielts-vocab/data-19.js?v=20260618-1
19	社会角色	116	butcher		n.	高频	屠夫		The butcher recommended the best cut of beef for a Sunday roast.	屠夫推荐了最适合周日烧烤的一块上好牛肉。	搭配：a butcher's 肉铺	https://www.leonwang.cc/ielts-vocab/data-19.js?v=20260618-1
19	社会角色	117	groom		n.	高频	马夫；新郎		The groom looked extremely happy as he waited for his bride at the altar.	新郎在圣坛前等待新娘时，显得无比幸福。		https://www.leonwang.cc/ielts-vocab/data-19.js?v=20260618-1
19	社会角色	118	bridegroom		n.	低频	新郎		The bridegroom made a touching speech thanking both families for their support.	新郎发表了一段感人的讲话，感谢双方家庭的支持。		https://www.leonwang.cc/ielts-vocab/data-19.js?v=20260618-1
19	社会角色	119	bride		n.	高频	新娘		The bride wore a beautiful long white dress decorated with tiny flowers.	新娘穿着一件装饰着小花的漂亮白色长裙。		https://www.leonwang.cc/ielts-vocab/data-19.js?v=20260618-1
19	社会角色	120	hostage		n.	核心	人质		The kidnappers took the driver hostage and demanded a large sum of money.	绑匪劫持了司机，索要一大笔赎金。		https://www.leonwang.cc/ielts-vocab/data-19.js?v=20260618-1
19	社会角色	121	toil		n.	低频	苦工；辛勤劳作		After years of hard toil, the farmer finally turned the dry land into a green garden.	经过多年的辛苦劳作，这位农民终于把旱地变成了一座绿色园子。		https://www.leonwang.cc/ielts-vocab/data-19.js?v=20260618-1
19	社会角色	122	beggar		n.	高频	乞丐		There used to be many beggars on the streets, but now the city provides shelters for them.	过去街上有许多乞丐，但现在城市为他们提供了收容所。		https://www.leonwang.cc/ielts-vocab/data-19.js?v=20260618-1
19	社会角色	123	slave		n.	核心	奴隶		In many parts of the world, people fought hard to put an end to the slave trade.	在世界许多地方，人们进行了艰苦的斗争来结束奴隶贸易。		https://www.leonwang.cc/ielts-vocab/data-19.js?v=20260618-1
19	社会角色	124	coward		n.	高频	懦夫，胆小鬼		He called me a coward just because I refused to climb the high bridge.	仅仅因为我拒绝爬上那座高桥，他就说我是胆小鬼。		https://www.leonwang.cc/ielts-vocab/data-19.js?v=20260618-1
20	行为动作	1	act	/ækt/	v./n.	核心	行动；行为		To make a difference, you need to act instead of just talking about your plans.	要做出改变，你需要付诸行动，而不仅仅是空谈计划。	activity n. 活动；active adj. 活跃的；action n. 行动；interact v. 互相影响	https://www.leonwang.cc/ielts-vocab/data-20.js?v=20260618-1
20	行为动作	2	behave	/bɪˈheɪv/	v.	核心	表现；（机器等）运转		Children are expected to behave politely when visiting their grandparents.	看望祖父母时，孩子们应当表现得有礼貌。	behaviour n. 行为	https://www.leonwang.cc/ielts-vocab/data-20.js?v=20260618-1
20	行为动作	3	deed	/diːd/	n.	高频	行为；功绩；契约		His brave deed during the flood saved several lives and made him a local hero.	他在洪水中的英勇行为救了好几条人命，使他成了当地的英雄。		https://www.leonwang.cc/ielts-vocab/data-20.js?v=20260618-1
20	行为动作	4	accustom	/əˈkʌstəm/	v.	高频	使习惯（于）		It took her several months to accustom herself to the fast pace of city life.	她花了好几个月才习惯城市生活的快节奏。		https://www.leonwang.cc/ielts-vocab/data-20.js?v=20260618-1
20	行为动作	5	react	/riˈækt/	v.	核心	作出反应，反应		The public reacted angrily to the news of the planned tax increase.	公众对计划增税的消息反应愤怒。	reaction n. 反应；搭配：react to 对……作出反应	https://www.leonwang.cc/ielts-vocab/data-20.js?v=20260618-1
20	行为动作	6	respond	/rɪˈspɒnd/	v.	核心	回答；响应，作出反应		The company responded quickly to customer complaints and improved the service.	公司迅速回应了客户投诉并改善了服务。	response n. 反应，回应	https://www.leonwang.cc/ielts-vocab/data-20.js?v=20260618-1
20	行为动作	7	reflect	/rɪˈflekt/	v.	核心	反映；反射	flect/flex = 弯曲	The calm surface of the lake reflected the surrounding mountains like a mirror.	平静的湖面如镜子般倒映出周围的群山。	reflection n. 反射；倒影	https://www.leonwang.cc/ielts-vocab/data-20.js?v=20260618-1
20	行为动作	8	bear	/beə/	v.	核心	生（孩子）；容忍；承担（责任）		As a manager, you must be ready to bear the responsibility for your team's mistakes.	作为经理，你必须准备好为团队的错误承担责任。	搭配：bear responsibility for 对……负有责任	https://www.leonwang.cc/ielts-vocab/data-20.js?v=20260618-1
20	行为动作	9	adopt	/əˈdɒpt/	v.	核心	收养；采取，采用		Many companies are now adopting more flexible working policies for their staff.	许多公司现在都在为员工采取更灵活的工作政策。	adapt v. 适应	https://www.leonwang.cc/ielts-vocab/data-20.js?v=20260618-1
20	行为动作	10	nourish	/ˈnʌrɪʃ/	v.	高频	滋养，给……提供营养		A good breakfast can nourish your body and give you energy for the whole morning.	一顿营养丰富的早餐能滋养身体，为你提供一整个上午的能量。	nourishment n. 营养品；nourishing adj. 有营养的	https://www.leonwang.cc/ielts-vocab/data-20.js?v=20260618-1
20	行为动作	11	mow	/məʊ/	v.	低频	割，修剪 n. 干草堆		He spends every Saturday morning mowing the lawn and trimming the hedges.	他每个星期六早上都修剪草坪和树篱。	搭配：mow the lawn 修剪草坪	https://www.leonwang.cc/ielts-vocab/data-20.js?v=20260618-1
20	行为动作	12	support	/səˈpɔːt/	v.	核心	支撑；支持；供养 n. 支持；帮助		Friends and family should support each other through difficult times.	朋友和家人应该在困难时期互相支持。		https://www.leonwang.cc/ielts-vocab/data-20.js?v=20260618-1
20	行为动作	13	exhale	/eksˈheɪl/	v.	高频	呼气，呼出		Take a deep breath, hold it for a moment, and then exhale slowly.	深吸一口气，屏住片刻，然后慢慢呼出。	inhale v. 吸气	https://www.leonwang.cc/ielts-vocab/data-20.js?v=20260618-1
20	行为动作	14	intake	/ˈɪnteɪk/	n.	高频	吸入；摄取量；新招收者		Reducing your daily calorie intake can help you lose weight gradually.	减少每日的热量摄取有助于逐步减轻体重。	搭配：dietary intake 饮食摄取量	https://www.leonwang.cc/ielts-vocab/data-20.js?v=20260618-1
20	行为动作	15	revive	/rɪˈvaɪv/	v.	高频	（使）苏醒；（使）复兴，（使）复活	viv = 活	The heavy rain helped revive the dying plants in the garden.	那场大雨帮助花园里快要枯死的植物恢复了生机。	survive v. 幸存；vivid adj. 生动的	https://www.leonwang.cc/ielts-vocab/data-20.js?v=20260618-1
20	行为动作	16	survive	/səˈvaɪv/	v.	核心	幸存；生存		Only a few passengers survived the terrible plane crash in the mountains.	只有少数乘客在那场可怕的山区空难中幸存。		https://www.leonwang.cc/ielts-vocab/data-20.js?v=20260618-1
20	行为动作	17	glare	/ɡleə/	v.	高频	怒目而视；发出强光 n. 刺眼的光；怒视		She glared at the driver who had almost hit her at the crossing.	她怒视着那个几乎在十字路口撞到她的司机。		https://www.leonwang.cc/ielts-vocab/data-20.js?v=20260618-1
20	行为动作	18	glimpse	/ɡlɪmps/	v.	核心	瞥见 n. 一瞥		We caught a brief glimpse of the rare bird before it flew into the trees.	我们瞥见那只稀有的鸟一眼，它就飞进了树林。	搭配：get a glimpse of 瞥见	https://www.leonwang.cc/ielts-vocab/data-20.js?v=20260618-1
20	行为动作	19	glance	/ɡlɑːns/	v.	核心	瞥，迅速看一眼 n. 一瞥		She glanced at her watch and realised she was already ten minutes late.	她瞥了一眼手表，意识到自己已经迟到了十分钟。	搭配：at first glance 乍一看	https://www.leonwang.cc/ielts-vocab/data-20.js?v=20260618-1
20	行为动作	20	peep	/piːp/	v.	高频	窥视，偷看 n. 偷偷一瞥		The curious child peeped through the keyhole to see the birthday surprise.	好奇的孩子通过钥匙孔偷看，想看看生日惊喜。	peephole n. 窥视孔；文化：Peeping Tom 偷窥狂	https://www.leonwang.cc/ielts-vocab/data-20.js?v=20260618-1
20	行为动作	21	gaze	/ɡeɪz/	v.	核心	凝视，注视		They stood on the hilltop, gazing at the sunset spreading across the horizon.	他们站在山顶上，凝视着地平线上铺展开的落日。		https://www.leonwang.cc/ielts-vocab/data-20.js?v=20260618-1
20	行为动作	22	peer	/pɪə/	v.	高频	凝视，盯着看 n. 同等地位的人，同辈		She peered into the dark room but could not see anyone inside.	她朝漆黑的房间里仔细张望，但看不见里面有人。		https://www.leonwang.cc/ielts-vocab/data-20.js?v=20260618-1
20	行为动作	23	stare	/steə/	v.	核心	凝视，盯着看	sta = 站立	It is impolite to stare at strangers for too long.	长时间盯着陌生人看是不礼貌的。	搭配：stare at 凝视	https://www.leonwang.cc/ielts-vocab/data-20.js?v=20260618-1
20	行为动作	24	contemplate	/ˈkɒntəmpleɪt/	v.	高频	凝视；沉思；考虑		She sat in the park, contemplating whether to accept the job offer overseas.	她坐在公园里，反复考虑是否要接受那份海外工作。		https://www.leonwang.cc/ielts-vocab/data-20.js?v=20260618-1
20	行为动作	25	vow	/vaʊ/	n.	高频	誓约 v. 发誓		The couple exchanged vows in a beautiful ceremony by the sea.	那对新人在海边一场美丽的仪式上互换了誓约。		https://www.leonwang.cc/ielts-vocab/data-20.js?v=20260618-1
20	行为动作	26	oath	/əʊθ/	n.	高频	誓言；宣誓		All witnesses must take an oath before giving evidence in court.	所有证人在法庭上作证前都必须宣誓。	搭配：take/swear an oath 宣誓	https://www.leonwang.cc/ielts-vocab/data-20.js?v=20260618-1
20	行为动作	27	pledge	/pledʒ/	v.	核心	保证 n. 保证，誓言		The new leader pledged to reduce taxes and create more jobs for young people.	新领导人保证要减税并为年轻人创造更多工作岗位。		https://www.leonwang.cc/ielts-vocab/data-20.js?v=20260618-1
20	行为动作	28	whistle	/ˈwɪsəl/	n.	核心	口哨；哨子；汽笛声 v. 吹口哨；吹哨子		The referee blew the whistle to signal the end of the football match.	裁判吹响了哨子，示意足球比赛结束。		https://www.leonwang.cc/ielts-vocab/data-20.js?v=20260618-1
20	行为动作	29	reply	/rɪˈplaɪ/	v./n.	核心	回答，答复		I sent her a message yesterday, but she has not replied yet.	我昨天给她发了消息，但她还没有回复。		https://www.leonwang.cc/ielts-vocab/data-20.js?v=20260618-1
20	行为动作	30	notify	/ˈnəʊtɪfaɪ/	v.	核心	通知，告知		Please notify the office if your contact details have changed recently.	如果你的联系方式最近有变，请通知办公室。	notice n. 通知	https://www.leonwang.cc/ielts-vocab/data-20.js?v=20260618-1
20	行为动作	31	assert	/əˈsɜːt/	v.	高频	断言，坚称；坚持（自己）的主张		He continued to assert that he was innocent, despite the strong evidence against him.	尽管有强有力的证据对他不利，他仍坚称自己是清白的。		https://www.leonwang.cc/ielts-vocab/data-20.js?v=20260618-1
20	行为动作	32	explain	/ɪkˈspleɪn/	v.	核心	说明，解释		The teacher explained the difficult concept again until everyone understood.	老师又把那个难懂的概念解释了一遍，直到所有人都明白了。	explanation n. 解释	https://www.leonwang.cc/ielts-vocab/data-20.js?v=20260618-1
20	行为动作	33	quarrel	/ˈkwɒrəl/	v./n.	核心	吵架，争论		They had a minor quarrel about which film to watch, but soon made up.	他们为看哪部电影而小吵了一架，但很快就和好了。	搭配：quarrel with 跟……吵架	https://www.leonwang.cc/ielts-vocab/data-20.js?v=20260618-1
20	行为动作	34	dispute	/dɪˈspjuːt/	v./n.	核心	争论，辩论		The two companies are involved in a legal dispute over the patent.	这两家公司因专利问题卷入了一场法律纠纷。	搭配：a dispute against 与……的争议	https://www.leonwang.cc/ielts-vocab/data-20.js?v=20260618-1
20	行为动作	35	argument	/ˈɑːɡjʊmənt/	n.	核心	辩论，争论；论点，论据		She made a strong argument for starting the meeting earlier in the morning.	她提出了一个强有力的论点，主张早上早些开会。	argue v. 争论	https://www.leonwang.cc/ielts-vocab/data-20.js?v=20260618-1
20	行为动作	36	mention	/ˈmenʃən/	v./n.	核心	提及，说起		He mentioned your name during the conversation and said he admired your work.	他在谈话中提起了你的名字，并说他很钦佩你的工作。	搭配：at the mention of 一提起	https://www.leonwang.cc/ielts-vocab/data-20.js?v=20260618-1
20	行为动作	37	hurry	/ˈhʌri/	v.	核心	赶紧；催促 n. 匆忙		We need to hurry if we want to catch the last train home.	如果我们想赶上回家的末班车，就得赶紧了。		https://www.leonwang.cc/ielts-vocab/data-20.js?v=20260618-1
20	行为动作	38	hasten	/ˈheɪsən/	v.	高频	赶紧；促进		The bad weather hastened our decision to leave the campsite early.	恶劣的天气促使我们决定提早离开营地。	hasty adj. 匆忙的；haste n. 匆忙	https://www.leonwang.cc/ielts-vocab/data-20.js?v=20260618-1
20	行为动作	39	urge	/ɜːdʒ/	v.	核心	催促，敦促 n. 冲动		Doctors urge people to stop smoking in order to protect their lungs.	医生敦促人们戒烟以保护肺部健康。	urgent adj. 紧急的；搭配：urge sb. to do sth.	https://www.leonwang.cc/ielts-vocab/data-20.js?v=20260618-1
20	行为动作	40	scold	/skəʊld/	v.	高频	责骂，斥责		She gently scolded the child for drawing on the wall with crayons.	她轻声责备孩子在墙上乱画蜡笔。		https://www.leonwang.cc/ielts-vocab/data-20.js?v=20260618-1
20	行为动作	41	curse	/kɜːs/	v.	高频	诅咒；咒骂 n. 咒语；咒骂话		He cursed loudly when he dropped the heavy box on his foot.	当沉重的箱子砸到脚上时，他大声咒骂了一句。	搭配：be under a curse 被诅咒	https://www.leonwang.cc/ielts-vocab/data-20.js?v=20260618-1
20	行为动作	42	swear	/sweə/	v.	核心	诅咒，咒骂；发誓，保证		I swear that I will return the book to you by the end of the week.	我保证这个周末之前把书还给你。		https://www.leonwang.cc/ielts-vocab/data-20.js?v=20260618-1
20	行为动作	43	provoke	/prəˈvəʊk/	v.	高频	激怒，挑拨；引起		His rude comments provoked an angry reaction from the audience.	他粗鲁的评论引起了观众的愤怒反应。	thought-provoking adj. 发人深省的	https://www.leonwang.cc/ielts-vocab/data-20.js?v=20260618-1
20	行为动作	44	preach	/priːtʃ/	v.	高频	宣扬		He is always preaching the benefits of a simple and healthy lifestyle.	他总是宣扬简单健康生活方式的好处。	搭配：preach at/to sb. 对某人说教	https://www.leonwang.cc/ielts-vocab/data-20.js?v=20260618-1
20	行为动作	45	boast	/bəʊst/	v./n.	核心	自夸，吹嘘		He often boasts about his achievements, which makes his colleagues uncomfortable.	他经常吹嘘自己的成就，这让同事们感到不舒服。	boastful adj. 自夸的；搭配：boast about/of 夸耀	https://www.leonwang.cc/ielts-vocab/data-20.js?v=20260618-1
20	行为动作	46	tease	/tiːz/	v.	高频	取笑，嘲弄		The older students used to tease him about his small size, but he never minded.	以前高年级的学生常拿他的小个子开玩笑，但他从来不在意。		https://www.leonwang.cc/ielts-vocab/data-20.js?v=20260618-1
20	行为动作	47	mock	/mɒk/	v.	高频	嘲笑，嘲弄 adj. 模拟的；假装的		They mocked his accent, not realising how much it hurt his feelings.	他们嘲笑他的口音，没有意识到这有多伤他的感情。	搭配：a mock exam 模拟考试	https://www.leonwang.cc/ielts-vocab/data-20.js?v=20260618-1
20	行为动作	48	touch	/tʌtʃ/	v.	核心	触摸；触动 n. 触觉；接触		The story about the homeless dog deeply touched the hearts of the readers.	关于那条流浪狗的故事深深触动了读者的心。	搭配：get in touch with 与……取得联系	https://www.leonwang.cc/ielts-vocab/data-20.js?v=20260618-1
20	行为动作	49	hug	/hʌɡ/	v./n.	核心	拥抱		She ran to her father and gave him a warm hug after not seeing him for a year.	一年没见之后，她跑向父亲，给了他一个温暖的拥抱。		https://www.leonwang.cc/ielts-vocab/data-20.js?v=20260618-1
20	行为动作	50	tap	/tæp/	v.	核心	轻拍，轻叩；开发		He tapped me on the shoulder to get my attention during the lecture.	课堂上他轻轻拍了拍我的肩膀，想引起我的注意。		https://www.leonwang.cc/ielts-vocab/data-20.js?v=20260618-1
20	行为动作	51	clap	/klæp/	v.	核心	拍手；轻拍 n. 鼓掌		The audience clapped enthusiastically after the wonderful performance.	精彩的表演结束后，观众热烈地鼓掌。	搭配：clap hands 拍手	https://www.leonwang.cc/ielts-vocab/data-20.js?v=20260618-1
20	行为动作	52	applaud	/əˈplɔːd/	v.	核心	鼓掌；称赞，赞许		We all applaud the government's decision to invest more in clean energy.	我们所有人都对政府加大清洁能源投资的决定表示赞许。		https://www.leonwang.cc/ielts-vocab/data-20.js?v=20260618-1
20	行为动作	53	kneel	/niːl/	v.	高频	跪，跪下		He knelt down to tie the little girl's shoelaces so she wouldn't trip.	他跪下来给小女孩系好鞋带，以免她绊倒。		https://www.leonwang.cc/ielts-vocab/data-20.js?v=20260618-1
20	行为动作	54	catch	/kætʃ/	v.	核心	捉住；赶上；领会		I need to run to catch the bus; otherwise I'll be late for work.	我得跑着去赶公交车，否则上班要迟到了。		https://www.leonwang.cc/ielts-vocab/data-20.js?v=20260618-1
20	行为动作	55	overtake	/ˌəʊvəˈteɪk/	v.	核心	追上，超过；（情感等）压倒		It is dangerous to overtake another car on a narrow, winding road.	在狭窄蜿蜒的路上超车很危险。		https://www.leonwang.cc/ielts-vocab/data-20.js?v=20260618-1
20	行为动作	56	follow	/ˈfɒləʊ/	v.	核心	跟随；是……的必然结果；遵循		Please follow the safety instructions carefully while inside the factory.	在工厂内请仔细遵守安全指示。	搭配：follow suit 跟着做	https://www.leonwang.cc/ielts-vocab/data-20.js?v=20260618-1
20	行为动作	57	grip	/ɡrɪp/	v.	高频	紧握，抓牢 n. 紧握；理解		She gripped the railing tightly as she walked down the icy steps.	她走下结冰的台阶时紧紧抓住栏杆。	搭配：in the grip of 受……严重影响	https://www.leonwang.cc/ielts-vocab/data-20.js?v=20260618-1
20	行为动作	58	mess	/mes/	n.	核心	混乱，脏乱 v. 弄乱		The children left the playroom in a terrible mess before dinner.	晚饭前孩子们把游戏室弄得乱七八糟。	messy adj. 凌乱的；搭配：mess up 弄乱	https://www.leonwang.cc/ielts-vocab/data-20.js?v=20260618-1
20	行为动作	59	twist	/twɪst/	v.	核心	拧，扭；使缠绕 n. 拧，扭动		She twisted the wet towel to squeeze out the water before hanging it up.	她把湿毛巾拧干水，然后挂起来。		https://www.leonwang.cc/ielts-vocab/data-20.js?v=20260618-1
20	行为动作	60	scatter	/ˈskætə/	v.	核心	撒；（使）散开		The wind blew and scattered the dry leaves all over the garden.	风一吹，干树叶散落得满花园都是。		https://www.leonwang.cc/ielts-vocab/data-20.js?v=20260618-1
20	行为动作	61	snatch	/snætʃ/	v.	高频	一把抓住，迅速夺取		A thief on a motorcycle snatched her handbag and rode away at top speed.	一个骑摩托车的贼一把抢走她的手提包，飞快地逃走了。		https://www.leonwang.cc/ielts-vocab/data-20.js?v=20260618-1
20	行为动作	62	grab	/ɡræb/	v.	核心	抓住，攫取；（匆忙地）取		Before leaving, she grabbed a banana from the kitchen for a quick snack.	出门前，她匆忙从厨房拿了一根香蕉当零食。		https://www.leonwang.cc/ielts-vocab/data-20.js?v=20260618-1
20	行为动作	63	grasp	/ɡrɑːsp/	v.	核心	抓牢，握紧；完全理解，全面领会		It took her a while to grasp the complex rules of chess.	她花了一段时间才完全领会国际象棋复杂的规则。		https://www.leonwang.cc/ielts-vocab/data-20.js?v=20260618-1
20	行为动作	64	fold	/fəʊld/	v.	核心	折叠，对折		He folded the map carefully and put it back into his backpack.	他把地图小心折好，放回背包里。	foldable adj. 可折叠的；unfold v. 展开	https://www.leonwang.cc/ielts-vocab/data-20.js?v=20260618-1
20	行为动作	65	fasten	/ˈfæsən/	v.	核心	扣牢，系牢，缚紧		Please fasten your seat belt before the car starts moving.	在汽车开动前请系好你的安全带。		https://www.leonwang.cc/ielts-vocab/data-20.js?v=20260618-1
20	行为动作	66	loosen	/ˈluːsən/	v.	核心	解开，松开；放宽（限制等）		He loosened his tie after the long and tiring business meeting.	那场漫长而累人的商务会议后，他松开了领带。		https://www.leonwang.cc/ielts-vocab/data-20.js?v=20260618-1
20	行为动作	67	smash	/smæʃ/	v.	高频	打碎；（使）猛烈撞击；（打球时）扣球		The angry man picked up the vase and smashed it against the wall.	那个愤怒的男人拿起花瓶，把它朝墙上摔得粉碎。		https://www.leonwang.cc/ielts-vocab/data-20.js?v=20260618-1
20	行为动作	68	scratch	/skrætʃ/	v.	核心	擦破，刮坏；搔 n. 乱涂；划痕，擦伤		The kitten tried to scratch me, but its tiny claws did not hurt at all.	那只小猫想抓我，但它细小的爪子一点也不疼。		https://www.leonwang.cc/ielts-vocab/data-20.js?v=20260618-1
20	行为动作	69	wipe	/waɪp/	v.	核心	擦，擦净		She wiped the table with a clean cloth before setting the dishes.	她在摆放碗盘前用一块干净的布擦了擦桌子。	搭配：wipe away 擦掉	https://www.leonwang.cc/ielts-vocab/data-20.js?v=20260618-1
20	行为动作	70	scrape	/skreɪp/	v.	高频	刮掉；擦坏；勉强获得 n. 刮；擦伤		He had to scrape the ice off the car window on that freezing morning.	在那个寒冷的早晨，他不得不刮掉车窗上的冰。		https://www.leonwang.cc/ielts-vocab/data-20.js?v=20260618-1
20	行为动作	71	polish	/ˈpɒlɪʃ/	v.	高频	擦光，擦亮；使完美，改进		She spent the weekend polishing her essay until every word was perfect.	她花了整个周末润色她的论文，直到每个词都无可挑剔。		https://www.leonwang.cc/ielts-vocab/data-20.js?v=20260618-1
20	行为动作	72	peel	/piːl/	v.	核心	剥落；掉漆；脱皮		The paint on the old wooden windows is starting to peel off after years of rain.	经过多年的风吹雨打，旧木窗上的油漆开始剥落了。		https://www.leonwang.cc/ielts-vocab/data-20.js?v=20260618-1
20	行为动作	73	split	/splɪt/	v.	核心	（使）开裂；（使）分裂；（使）分开		The log split in half when he hit it hard with the heavy axe.	他用重斧猛劈，那根圆木裂成了两半。		https://www.leonwang.cc/ielts-vocab/data-20.js?v=20260618-1
20	行为动作	74	sway	/sweɪ/	v.	高频	（使）摇摆，（使）摆动，（使）摇晃		The tall trees swayed violently in the strong wind during the storm.	暴风雨中，高大的树木在狂风中剧烈地摇晃。		https://www.leonwang.cc/ielts-vocab/data-20.js?v=20260618-1
20	行为动作	75	shake	/ʃeɪk/	v.	核心	摇动，（使）颤动 n. 摇动，颤动		She shook the bottle of juice well before opening it.	她打开果汁瓶之前先好好摇了摇。	搭配：shake hands with 与……握手	https://www.leonwang.cc/ielts-vocab/data-20.js?v=20260618-1
20	行为动作	76	vibrate	/vaɪˈbreɪt/	v.	高频	（使）振动，（使）摇摆		The whole building began to vibrate as the heavy trucks rolled past outside.	当重型卡车从外面驶过时，整座大楼开始振动起来。	vibration n. 振动	https://www.leonwang.cc/ielts-vocab/data-20.js?v=20260618-1
20	行为动作	77	whirl	/wɜːl/	v.	低频	（使）回旋 n. 回旋		The autumn leaves were picked up by the wind and whirled through the air.	秋叶被风卷起，在空中回旋飞舞。		https://www.leonwang.cc/ielts-vocab/data-20.js?v=20260618-1
20	行为动作	78	rotate	/rəʊˈteɪt/	v.	核心	（使）旋转，（使）转动		The wheels of the bicycle rotate smoothly after I oiled the chain.	我给链条上了油之后，自行车的轮子转得很顺畅。		https://www.leonwang.cc/ielts-vocab/data-20.js?v=20260618-1
20	行为动作	79	reel	/riːl/	v.	低频	眩晕，混乱		After the accident, his mind reeled and he couldn't remember what had happened.	事故过后，他感到天旋地转，记不起发生了什么。		https://www.leonwang.cc/ielts-vocab/data-20.js?v=20260618-1
20	行为动作	80	shuffle	/ˈʃʌfəl/	v.	高频	洗（牌）；拖着脚走；搅乱……的次序 n. 洗牌		The old man shuffled slowly across the room with the help of a walking stick.	老人拄着手杖，拖着脚缓缓穿过房间。	reshuffle n. 改组	https://www.leonwang.cc/ielts-vocab/data-20.js?v=20260618-1
20	行为动作	81	collide	/kəˈlaɪd/	v.	高频	碰撞；抵触		The two cars collided at the intersection because one driver ignored the red light.	由于一名司机闯了红灯，两辆车在十字路口相撞了。	搭配：collide with 与……相撞	https://www.leonwang.cc/ielts-vocab/data-20.js?v=20260618-1
20	行为动作	82	contact	/ˈkɒntækt/	n./v.	核心	接触，联系		I have lost contact with most of my childhood friends over the years.	这些年来，我已经与大多数儿时朋友失去了联系。	搭配：be in contact with 与……有联系	https://www.leonwang.cc/ielts-vocab/data-20.js?v=20260618-1
20	行为动作	83	connect	/kəˈnekt/	v.	核心	（使）连接；（使）接通（电源等）		This road connects the two villages, making travel between them much easier.	这条路连接了两个村庄，使之间的往来方便了许多。	搭配：connect A to/with B	https://www.leonwang.cc/ielts-vocab/data-20.js?v=20260618-1
20	行为动作	84	combine	/kəmˈbaɪn/	v.	核心	（使）联合，（使）结合		If you combine red and blue paint, you will get a shade of purple.	如果你把红色和蓝色颜料混合，就会得到一种紫色。	combination n. 联合	https://www.leonwang.cc/ielts-vocab/data-20.js?v=20260618-1
20	行为动作	85	bond	/bɒnd/	v.	核心	与……黏合（或连接） n. 黏合；（感情的）纽带		Sharing difficult experiences can help people bond much more quickly.	共同经历困难可以让人与人之间更快地建立紧密的感情纽带。		https://www.leonwang.cc/ielts-vocab/data-20.js?v=20260618-1
20	行为动作	86	integrate	/ˈɪntɪɡreɪt/	v.	核心	（使）成为一体，（使）合并		The new students were quickly integrated into the school community.	新生很快融入了学校社区。	integration n. 整合；搭配：integrate A into/with B	https://www.leonwang.cc/ielts-vocab/data-20.js?v=20260618-1
20	行为动作	87	wrap	/ræp/	v.	核心	裹，包；用……缠绕		She wrapped a warm scarf around her neck before stepping out into the cold wind.	她走进寒风中之前，用一条暖和的围巾裹住了脖子。		https://www.leonwang.cc/ielts-vocab/data-20.js?v=20260618-1
20	行为动作	88	penetrate	/ˈpenɪtreɪt/	v.	高频	刺入，穿透；渗透；洞察		Sunlight could hardly penetrate the thick curtains in the old library.	阳光几乎无法穿透老图书馆里那些厚厚的窗帘。		https://www.leonwang.cc/ielts-vocab/data-20.js?v=20260618-1
20	行为动作	89	pierce	/pɪəs/	v.	高频	刺穿，刺破，穿透；使心如刀割		A sharp cry pierced the silence of the night and woke everyone up.	一声尖锐的喊叫划破了夜的寂静，把所有人都惊醒了。		https://www.leonwang.cc/ielts-vocab/data-20.js?v=20260618-1
20	行为动作	90	insert	v. /ɪnˈsɜːt/ n. /ˈɪnsɜːt/	v.	核心	插入，嵌入 n. 插入物		Insert your credit card into the machine and enter your password.	把你的信用卡插入机器并输入密码。	搭配：insert A in/into B	https://www.leonwang.cc/ielts-vocab/data-20.js?v=20260618-1
20	行为动作	91	tilt	/tɪlt/	v.	高频	（使）倾斜，（使）歪斜		She tilted her head to the side, listening carefully to the soft music.	她把头歪向一边，仔细聆听着柔和的音乐。	tile n. 瓦片	https://www.leonwang.cc/ielts-vocab/data-20.js?v=20260618-1
20	行为动作	92	tow	/təʊ/	v.	高频	拖，拉，牵引 n. 牵引		The broken-down truck was towed to the nearest repair shop.	那辆报废的卡车被拖到了最近的修理厂。		https://www.leonwang.cc/ielts-vocab/data-20.js?v=20260618-1
20	行为动作	93	trail	/treɪl/	v.	核心	（使）拖在后面；跟踪 n. 踪迹		The children trailed behind their teacher through the busy museum.	孩子们跟在老师后面，慢吞吞地穿过繁忙的博物馆。		https://www.leonwang.cc/ielts-vocab/data-20.js?v=20260618-1
20	行为动作	94	arrange	/əˈreɪndʒ/	v.	核心	安排，整理，使有条理		The travel agency arranged all the hotels and flights for our trip.	旅行社为我们的旅行安排了所有的酒店和航班。	arrangement n. 安排	https://www.leonwang.cc/ielts-vocab/data-20.js?v=20260618-1
20	行为动作	95	manipulate	/məˈnɪpjʊleɪt/	v.	高频	（熟练地）操作；操纵		He can skillfully manipulate various photo editing software to create amazing images.	他可以熟练操作多种照片编辑软件，创作出令人惊叹的图像。	manipulation n. 操作；操纵	https://www.leonwang.cc/ielts-vocab/data-20.js?v=20260618-1
20	行为动作	96	steer	/stɪə/	v.	核心	为（船）操舵，驾驶（船、车等）；操纵		She steered the car smoothly around the sharp bend in the road.	她驾驶汽车平稳地绕过了路上的一个急弯。	steering n. 转向装置	https://www.leonwang.cc/ielts-vocab/data-20.js?v=20260618-1
20	行为动作	97	baptise	/bæpˈtaɪz/	v.	低频	给……施行洗礼（或浸礼）		The baby was baptised in the small village church surrounded by family and friends.	婴儿在那座乡村小教堂里接受了洗礼，家人和朋友都围在身旁。	baptism n. 洗礼；也作 baptize	https://www.leonwang.cc/ielts-vocab/data-20.js?v=20260618-1
20	行为动作	98	bet	/bet/	v.	核心	下注，打赌；敢说 n. 打赌；赌注		I bet you can't finish that whole pizza by yourself in ten minutes.	我敢说你没法在十分钟内自己一个人吃完整个比萨。	搭配：You bet! 当然！	https://www.leonwang.cc/ielts-vocab/data-20.js?v=20260618-1
20	行为动作	99	stake	/steɪk/	n.	高频	赌注；桩 v. 以……打赌		There is a lot at stake in this project, and we cannot afford any mistakes.	这个项目事关重大，我们经不起任何差错。	搭配：at stake 有风险	https://www.leonwang.cc/ielts-vocab/data-20.js?v=20260618-1
20	行为动作	100	gamble	/ˈɡæmbəl/	v./n.	高频	赌博；冒险		He gambled all his savings on a single business deal and unfortunately lost everything.	他把所有积蓄都押在一笔生意上，结果不幸血本无归。	gambler n. 赌徒；搭配：take a gamble on sth.	https://www.leonwang.cc/ielts-vocab/data-20.js?v=20260618-1
20	行为动作	101	promise	/ˈprɒmɪs/	n.	核心	诺言 v. 承诺		You should not make a promise that you cannot keep.	你不该许下自己无法遵守的诺言。	promising adj. 有前途的；搭配：break/keep a promise	https://www.leonwang.cc/ielts-vocab/data-20.js?v=20260618-1
20	行为动作	102	attract	/əˈtrækt/	v.	核心	吸引；引起	tract = 拉	The new museum has attracted thousands of visitors since it opened last month.	新博物馆自上个月开放以来已经吸引了成千上万的参观者。	attraction n. 吸引；搭配：attract sb.'s attention	https://www.leonwang.cc/ielts-vocab/data-20.js?v=20260618-1
20	行为动作	103	obsess	/əbˈses/	v.	高频	（使）痴迷，（使）心神不宁		She became completely obsessed with the idea of travelling to space one day.	她变得一门心思全痴迷于有朝一日去太空旅行的念头。	搭配：be obsessed by/with 被……迷住	https://www.leonwang.cc/ielts-vocab/data-20.js?v=20260618-1
20	行为动作	104	mesmerise	/ˈmezməraɪz/	v.	低频	吸引，迷住		The children were mesmerised by the magician's incredible card tricks.	孩子们被魔术师不可思议的纸牌戏法给迷住了。	也作 mesmerize	https://www.leonwang.cc/ielts-vocab/data-20.js?v=20260618-1
20	行为动作	105	nightmare	/ˈnaɪtmeə/	n.	核心	噩梦，梦魇		Traffic in the city centre during rush hour is an absolute nightmare.	高峰时段市中心的交通简直就是一场噩梦。		https://www.leonwang.cc/ielts-vocab/data-20.js?v=20260618-1
20	行为动作	106	amaze	/əˈmeɪz/	v.	核心	使惊奇，使惊愣		The young pianist's performance amazed the audience, who gave her a standing ovation.	那位年轻钢琴家的演奏令观众惊叹不已，他们纷纷站起来鼓掌。	maze n. 迷宫	https://www.leonwang.cc/ielts-vocab/data-20.js?v=20260618-1
20	行为动作	107	marvel	/ˈmɑːvəl/	v.	高频	感到惊讶，大为赞叹 n. 奇迹		We stood on the Great Wall and marvelled at the breathtaking view.	我们站在长城上，对着那令人叹为观止的景色赞叹不已。	marvelous adj. 不可思议的	https://www.leonwang.cc/ielts-vocab/data-20.js?v=20260618-1
20	行为动作	108	astonish	/əˈstɒnɪʃ/	v.	核心	使惊讶		The news of their sudden engagement astonished even their closest friends.	他们突然订婚的消息甚至让最亲密的朋友也大吃一惊。	astound v. 使大吃一惊	https://www.leonwang.cc/ielts-vocab/data-20.js?v=20260618-1
20	行为动作	109	involve	/ɪnˈvɒlv/	v.	核心	（使）参加；牵涉		Please don't involve me in your personal argument; I want to stay neutral.	请不要把我卷入你们的私人争吵，我想保持中立。	搭配：be/get involved in sth. 参与某事	https://www.leonwang.cc/ielts-vocab/data-20.js?v=20260618-1
20	行为动作	110	annoy	/əˈnɔɪ/	v.	核心	使恼怒；打扰		The constant noise from the construction site really annoys the residents nearby.	建筑工地持续不断的噪音真的令附近居民十分恼怒。	annoyance n. 恼怒	https://www.leonwang.cc/ielts-vocab/data-20.js?v=20260618-1
20	行为动作	111	upset	/ʌpˈset/	v.	核心	使心烦意乱，使生气；搅乱；打翻		She was deeply upset by the cruel remarks her colleague made about her work.	同事对她工作的刻薄评论让她心情非常低落。		https://www.leonwang.cc/ielts-vocab/data-20.js?v=20260618-1
20	行为动作	112	bewilder	/bɪˈwɪldə/	v.	高频	使迷惑，使不知所措		The complicated course instructions bewildered the new students on their first day.	复杂的课程说明让新生们在第一天感到不知所措。		https://www.leonwang.cc/ielts-vocab/data-20.js?v=20260618-1
20	行为动作	113	irony	/ˈaɪrəni/	n.	高频	反话；有讽刺意味的情形		The irony of the situation is that the fire station itself burned down last night.	具有讽刺意味的是，消防站自己昨晚竟然被烧毁了。	ironic adj. 讽刺的	https://www.leonwang.cc/ielts-vocab/data-20.js?v=20260618-1
20	行为动作	114	indignity	/ɪnˈdɪɡnəti/	n.	低频	侮辱，轻蔑		Being forced to wait outside in the rain was an indignity he would not quickly forget.	被迫在雨中等候是对他的一种侮辱，他不会很快忘记。		https://www.leonwang.cc/ielts-vocab/data-20.js?v=20260618-1
20	行为动作	115	contempt	/kənˈtempt/	n.	高频	轻视，藐视		He has nothing but contempt for people who are cruel to animals.	他对虐待动物的人只有鄙视。	搭配：in contempt of 不把……放在眼里	https://www.leonwang.cc/ielts-vocab/data-20.js?v=20260618-1
20	行为动作	116	neglect	/nɪˈɡlekt/	v./n.	核心	忽视，忽略		He was so busy with work that he began to neglect his own health.	他工作太忙了，以至于开始忽视自己的健康。	overlook v. 忽视；搭配：neglect of 忽视	https://www.leonwang.cc/ielts-vocab/data-20.js?v=20260618-1
20	行为动作	117	disregard	/ˌdɪsrɪˈɡɑːd/	v.	高频	不顾，漠视 n. 忽视，漠视		The driver was fined for completely disregarding the traffic signals.	那名司机因完全无视交通信号而被罚款。	搭配：in disregard of 不顾	https://www.leonwang.cc/ielts-vocab/data-20.js?v=20260618-1
20	行为动作	118	ignorance	/ˈɪɡnərəns/	n.	核心	无知，愚昧		Prejudice is often the product of ignorance and fear.	偏见往往是无知和恐惧的产物。	搭配：be in ignorance of 对……全然不知	https://www.leonwang.cc/ielts-vocab/data-20.js?v=20260618-1
20	行为动作	119	bias	/ˈbaɪəs/	v.	核心	使有偏见，使偏心 n. 偏见，偏心		The newspaper article showed a clear bias against the new political party.	那篇报纸文章对新政党表现出了明显的偏见。	搭配：have a bias against 对……有偏见	https://www.leonwang.cc/ielts-vocab/data-20.js?v=20260618-1
20	行为动作	120	deviate	/ˈdiːvieɪt/	v.	高频	偏离，背离		We must not deviate from the original plan unless it is absolutely necessary.	除非万不得已，我们绝不能偏离最初的计划。	deviation n. 偏离	https://www.leonwang.cc/ielts-vocab/data-20.js?v=20260618-1
20	行为动作	121	expel	/ɪkˈspel/	v.	高频	驱逐；开除；排出		The student was expelled from the school for repeatedly breaking the rules.	那个学生因屡次违反校规被学校开除了。		https://www.leonwang.cc/ielts-vocab/data-20.js?v=20260618-1
20	行为动作	122	flee	/fliː/	v.	核心	逃避，逃离		When the fire alarm went off, everyone fled the building quickly and safely.	火警响起时，每个人都迅速而安全地逃离了大楼。		https://www.leonwang.cc/ielts-vocab/data-20.js?v=20260618-1
20	行为动作	123	bully	/ˈbʊli/	v.	核心	恐吓，欺凌 n. 恃强凌弱者		Schools should take strong measures to prevent older students from bullying the younger ones.	学校应采取有力措施防止高年级学生欺凌低年级同学。		https://www.leonwang.cc/ielts-vocab/data-20.js?v=20260618-1
20	行为动作	124	panic	/ˈpænɪk/	n.	核心	惊恐，惊慌 v.（使）惊恐，（使）惊慌	希腊神话中的潘（Pan）	She felt a moment of panic when she couldn't find her passport in her bag.	当她在包里找不到护照时，她感到一阵惊慌。		https://www.leonwang.cc/ielts-vocab/data-20.js?v=20260618-1
20	行为动作	125	terrify	/ˈterɪfaɪ/	v.	核心	使恐惧，使非常害怕		The idea of walking alone through the dark forest terrified the young boy.	要独自一人穿过那片漆黑的森林，这个念头让小男孩非常害怕。	terrifying adj. 可怕的	https://www.leonwang.cc/ielts-vocab/data-20.js?v=20260618-1
20	行为动作	126	revenge	/rɪˈvendʒ/	n.	高频	报仇，复仇 v. 向……报仇		He swore to take revenge on the people who had ruined his family business.	他发誓要向那些毁掉他家族生意的人报仇。	搭配：revenge oneself on sb. 向某人报仇	https://www.leonwang.cc/ielts-vocab/data-20.js?v=20260618-1
20	行为动作	127	kidnap	/ˈkɪdnæp/	v.	高频	绑架，劫持		The wealthy businessman was kidnapped and held for three days before being rescued.	那位富商被绑架并关押了三天才获救。		https://www.leonwang.cc/ielts-vocab/data-20.js?v=20260618-1
20	行为动作	128	hijack	/ˈhaɪdʒæk/	v.	高频	劫持（飞机或其他交通工具）		The criminals planned to hijack a truck loaded with valuable goods.	犯罪分子计划劫持一辆装满贵重货物的卡车。		https://www.leonwang.cc/ielts-vocab/data-20.js?v=20260618-1
20	行为动作	129	smuggle	/ˈsmʌɡl/	v.	高频	走私，偷运		He was arrested at the airport for trying to smuggle rare animals into the country.	他因试图向国内走私珍稀动物而在机场被捕。	smuggler n. 走私者	https://www.leonwang.cc/ielts-vocab/data-20.js?v=20260618-1
20	行为动作	130	convict	v. /kənˈvɪkt/ n. /ˈkɒnvɪkt/	v.	高频	定罪，宣判……有罪 n. 已决犯	vict/vinc = 征服	After a long trial, he was finally convicted of the crime and sent to prison.	经过漫长的审判，他终于被判有罪并送入监狱。		https://www.leonwang.cc/ielts-vocab/data-20.js?v=20260618-1
20	行为动作	131	strangle	/ˈstræŋɡəl/	v.	低频	扼杀，压制；勒死，扼死		Too many regulations may strangle small businesses and prevent them from growing.	过多的规章制度可能会扼杀小企业，阻止它们发展。		https://www.leonwang.cc/ielts-vocab/data-20.js?v=20260618-1
20	行为动作	132	massacre	/ˈmæsəkə/	n./v.	高频	残杀，屠杀		The history book described the terrible massacre that took place during the war.	历史书描述了那场战争中发生的可怕大屠杀。		https://www.leonwang.cc/ielts-vocab/data-20.js?v=20260618-1
20	行为动作	133	decimation	/ˌdesɪˈmeɪʃən/	n.	低频	大批杀死，大量毁灭；大大削弱		The disease caused a decimation of the local livestock, ruining many farmers.	这场疫病导致当地牲畜大批死亡，毁了许多农民的生计。		https://www.leonwang.cc/ielts-vocab/data-20.js?v=20260618-1
20	行为动作	134	intervene	/ˌɪntəˈviːn/	v.	高频	插话；干扰；干涉		The teacher had to intervene when the argument between the two students got out of control.	两名学生的争论失去控制时，老师不得不出面干预。		https://www.leonwang.cc/ielts-vocab/data-20.js?v=20260618-1
20	行为动作	135	impede	/ɪmˈpiːd/	v.	高频	妨碍，阻止	ped = 足	Heavy snowfall impeded the rescue team's progress through the mountains.	大雪阻碍了救援队在山中前进的进度。	impair v. 削弱；妨碍	https://www.leonwang.cc/ielts-vocab/data-20.js?v=20260618-1
20	行为动作	136	allure	/əˈljʊə/	v.	低频	吸引，引诱		The bright lights of the big city allure many young people from rural villages.	大城市的霓虹灯火吸引了许多来自农村的年轻人。	lure v. 引诱	https://www.leonwang.cc/ielts-vocab/data-20.js?v=20260618-1
20	行为动作	137	bait	/beɪt/	v.	低频	使上当发火 n. 诱饵；诱惑物		They used a piece of cheese as bait to catch the mouse.	他们用一小块奶酪作诱饵来捉老鼠。		https://www.leonwang.cc/ielts-vocab/data-20.js?v=20260618-1
20	行为动作	138	induce	/ɪnˈdjuːs/	v.	高频	引诱，劝说		Nothing could induce him to betray his close friend's secret.	什么都不能引诱他出卖密友的秘密。	inducement n. 引诱；搭配：induce sb. to do sth.	https://www.leonwang.cc/ielts-vocab/data-20.js?v=20260618-1
20	行为动作	139	tempt	/tempt/	v.	核心	引诱，诱惑；怂恿		The smell of freshly baked bread tempted her to go into the bakery.	新鲜出炉面包的香味引诱她走进了面包店。	temptation n. 诱惑；搭配：resist temptation 抵制诱惑	https://www.leonwang.cc/ielts-vocab/data-20.js?v=20260618-1
20	行为动作	140	designate	/ˈdezɪɡneɪt/	v.	高频	指明；选派，指派		The manager designated John to be in charge of the weekly team meeting.	经理指派约翰负责每周的团队会议。	appoint v. 指派	https://www.leonwang.cc/ielts-vocab/data-20.js?v=20260618-1
20	行为动作	141	assign	/əˈsaɪn/	v.	核心	布置；分配；指定；确定		The professor assigned a difficult essay to the students over the weekend.	教授在周末给学生布置了一篇很难的论文。	搭配：assign sth. to sb.	https://www.leonwang.cc/ielts-vocab/data-20.js?v=20260618-1
20	行为动作	142	distribute	/dɪˈstrɪbjuːt/	v.	核心	分发，分配		Volunteers helped to distribute food and water to the families after the flood.	洪水过后，志愿者帮助将食物和水分发给各家各户。	distribution n. 分发；搭配：distribute sth. among	https://www.leonwang.cc/ielts-vocab/data-20.js?v=20260618-1
20	行为动作	143	despatch	/dɪˈspætʃ/	v.	低频	派遣，调派；迅速处理		The headquarters despatched a team of experts to handle the emergency.	总部派遣了一个专家组去处理那起紧急事件。	也作 dispatch	https://www.leonwang.cc/ielts-vocab/data-20.js?v=20260618-1
20	行为动作	144	detach	/dɪˈtætʃ/	v.	高频	（使）分开，（使）分离；派遣		You can detach the hood from the jacket when the weather gets warmer.	天气转暖时，你可以把兜帽从夹克上拆下来。		https://www.leonwang.cc/ielts-vocab/data-20.js?v=20260618-1
20	行为动作	145	undo	/ʌnˈduː/	v.	核心	解开，打开；取消		He tried to undo the complicated knot in the rope, but it was too tight.	他努力去解绳子上那个复杂的结，但结太紧了。		https://www.leonwang.cc/ielts-vocab/data-20.js?v=20260618-1
20	行为动作	146	disguise	/dɪsˈɡaɪz/	v.	高频	掩饰；假扮，伪装 n. 假扮；伪装物		She disguised her voice on the phone to sound like an old woman.	她在电话里伪装了自己的声音，让自己听上去像个老太太。	搭配：in disguise 伪装的	https://www.leonwang.cc/ielts-vocab/data-20.js?v=20260618-1
20	行为动作	147	conceal	/kənˈsiːl/	v.	高频	隐藏，掩盖		He tried to conceal his disappointment when he didn't get the job.	当没有得到那份工作时，他努力掩饰自己的失望。		https://www.leonwang.cc/ielts-vocab/data-20.js?v=20260618-1
20	行为动作	148	refuse	/rɪˈfjuːz/	v.	核心	拒绝；回绝	fuse = 倾倒	She flatly refused to lend him any more money after he failed to repay her.	在他上次没有还钱之后，她断然拒绝再借给他任何钱。	refusal n. 拒绝	https://www.leonwang.cc/ielts-vocab/data-20.js?v=20260618-1
20	行为动作	149	exclude	/ɪkˈskluːd/	v.	核心	把……排除在外；拒绝	clud/clus = 关闭	The price of the holiday excludes the cost of travel insurance.	度假的价格不含旅行保险费。	exclusive adj. 独有的	https://www.leonwang.cc/ielts-vocab/data-20.js?v=20260618-1
20	行为动作	150	reverse	/rɪˈvɜːs/	v.	核心	颠倒，彻底改变；撤销 n. 相反的情况；反面 adj. 相反的		The president's new decision completely reversed the previous policy.	总统的新决定完全颠覆了之前的政策。	reversal n. 颠倒	https://www.leonwang.cc/ielts-vocab/data-20.js?v=20260618-1
20	行为动作	151	assure	/əˈʃʊə/	v.	核心	向……保证；保证；保险		I can assure you that the product will be delivered before Friday.	我可以向你保证，产品一定在星期五之前送到。	assurance n. 保证	https://www.leonwang.cc/ielts-vocab/data-20.js?v=20260618-1
20	行为动作	152	undertake	/ˌʌndəˈteɪk/	v.	核心	承担；许诺，保证		The construction company undertook to complete the bridge within two years.	那家建筑公司承诺在两年内建成那座桥。		https://www.leonwang.cc/ielts-vocab/data-20.js?v=20260618-1
20	行为动作	153	stipulate	/ˈstɪpjʊleɪt/	v.	低频	规定，明确要求；保证		The contract stipulates that the rent must be paid by the fifth of each month.	合同规定，房租必须在每月5号之前支付。	stipulation n. 规定	https://www.leonwang.cc/ielts-vocab/data-20.js?v=20260618-1
20	行为动作	154	convince	/kənˈvɪns/	v.	核心	使确信，使信服；说服		It took a long time to convince her parents that studying art was a good choice.	花了很长时间才说服她父母相信学艺术是个好选择。	convincing adj. 令人信服的；搭配：convince sb. of sth.	https://www.leonwang.cc/ielts-vocab/data-20.js?v=20260618-1
20	行为动作	155	reassure	/ˌriːəˈʃʊə/	v.	高频	使安心，使放心		The doctor reassured the patient that the operation was very simple and safe.	医生安慰病人说手术非常简单、安全。		https://www.leonwang.cc/ielts-vocab/data-20.js?v=20260618-1
20	行为动作	156	wish	/wɪʃ/	v.	核心	想要（某事发生） n. 希望		I wish you all the best in your future studies and career.	我祝你在未来的学习和事业中一切顺利。	搭配：make a wish 许愿	https://www.leonwang.cc/ielts-vocab/data-20.js?v=20260618-1
20	行为动作	157	aspire	/əˈspaɪə/	v.	高频	有志于，渴望	spir = 呼吸	Many young writers aspire to publish their first novel before the age of thirty.	许多年轻作家渴望在30岁之前出版自己的第一部小说。	搭配：aspire to do sth.	https://www.leonwang.cc/ielts-vocab/data-20.js?v=20260618-1
20	行为动作	158	desire	/dɪˈzaɪə/	n.	核心	愿望，欲望 v. 渴望，期望		His desire to learn foreign languages led him to travel to many different countries.	他学习外语的渴望促使他去了许多不同的国家旅行。		https://www.leonwang.cc/ielts-vocab/data-20.js?v=20260618-1
20	行为动作	159	yearn	/jɜːn/	v.	高频	渴望，向往		After months of living abroad, she began to yearn for her mother's home cooking.	在国外生活了几个月后，她开始向往母亲做的家常菜。	搭配：yearn for 渴望	https://www.leonwang.cc/ielts-vocab/data-20.js?v=20260618-1
20	行为动作	160	invoke	/ɪnˈvəʊk/	v.	低频	唤起（感情等）；向……祈求帮助；恳求		The speaker invoked the memory of the great leader to inspire the crowd.	演讲者唤起人们对于那位伟大领袖的回忆，以鼓舞人群。		https://www.leonwang.cc/ielts-vocab/data-20.js?v=20260618-1
20	行为动作	161	itch	/ɪtʃ/	v.	高频	发痒；渴望 n. 痒；渴望		He has been itching to try out his new mountain bike since he bought it.	自买回来起，他就一直心痒难耐地想试试他的新山地车。	搭配：itch for 渴望	https://www.leonwang.cc/ielts-vocab/data-20.js?v=20260618-1
20	行为动作	162	attempt	/əˈtempt/	v.	核心	尝试，试图 n. 尝试，企图		He made no attempt to hide his anger when he saw the mess in the kitchen.	当他看到厨房一片狼藉时，他丝毫不试图掩饰自己的怒气。	搭配：attempt to do sth.	https://www.leonwang.cc/ielts-vocab/data-20.js?v=20260618-1
20	行为动作	163	strive	/straɪv/	v.	核心	努力，奋斗		We must continue to strive for a more equal and peaceful world.	我们必须继续为一个更平等、更和平的世界而奋斗。	搭配：strive after/for 为……奋斗	https://www.leonwang.cc/ielts-vocab/data-20.js?v=20260618-1
20	行为动作	164	effort	/ˈefət/	n.	核心	努力；努力的成果		Your effort and determination are what really led to your success.	你的努力和决心才是真正导致你成功的原因。	搭配：make great efforts to do sth.	https://www.leonwang.cc/ielts-vocab/data-20.js?v=20260618-1
20	行为动作	165	fulfil	/fʊlˈfɪl/	v.	核心	履行，实现；完成；满足		He worked extremely hard to fulfil his dream of becoming a professional musician.	他极其努力地工作，以实现成为一名职业音乐家的梦想。	也作 fulfill	https://www.leonwang.cc/ielts-vocab/data-20.js?v=20260618-1
20	行为动作	166	range	/reɪndʒ/	v.	核心	（在一定幅度内）变动		Ticket prices range from 30 to 150 dollars, depending on the seat location.	票价根据座位位置从30美元到150美元不等。	ranger n. 护林员	https://www.leonwang.cc/ielts-vocab/data-20.js?v=20260618-1
20	行为动作	167	sort	/sɔːt/	n.	核心	种类，类别 v. 把……分类		What sort of music do you usually listen to when you are studying?	你学习时通常听哪种音乐？	搭配：sort of 有几分	https://www.leonwang.cc/ielts-vocab/data-20.js?v=20260618-1
20	行为动作	168	loom	/luːm/	v.	高频	（庞然大物或形状模糊之物）隐现；逼近 n. 织布机		A dark shape loomed out of the thick fog and turned out to be a large tree.	一个黑影在浓雾中隐约出现，原来是一棵大树。		https://www.leonwang.cc/ielts-vocab/data-20.js?v=20260618-1
20	行为动作	169	launch	/lɔːntʃ/	v.	核心	发射；发布，推出；发起（运动等）		The technology company is planning to launch its latest smartphone next month.	那家科技公司计划下个月发布其最新款的智能手机。		https://www.leonwang.cc/ielts-vocab/data-20.js?v=20260618-1
20	行为动作	170	commence	/kəˈmens/	v.	高频	开始，着手		The graduation ceremony will commence at nine o'clock sharp in the main hall.	毕业典礼将于九点整在主大厅开始。	commencement n. 开始	https://www.leonwang.cc/ielts-vocab/data-20.js?v=20260618-1
20	行为动作	171	dispose	/dɪˈspəʊz/	v.	高频	布置，安排	pos = 放	We need to dispose of these old newspapers and magazines properly.	我们需要把这些旧报纸和杂志妥善处理掉。	disposal n. 处理；搭配：dispose of sth. 处理某物	https://www.leonwang.cc/ielts-vocab/data-20.js?v=20260618-1
20	行为动作	172	exploit	/ɪkˈsplɔɪt/	v.	核心	开发，开采，开拓		The company plans to exploit the vast natural resources in the northern region.	该公司计划开发北部地区丰富的自然资源。	exploitation n. 开发	https://www.leonwang.cc/ielts-vocab/data-20.js?v=20260618-1
20	行为动作	173	conduct	v. /kənˈdʌkt/ n. /ˈkɒndʌkt/	v.	核心	进行，实施 n. 举止，行为		The scientists conducted a series of experiments to test the new medicine.	科学家们进行了一系列实验来测试这种新药。	conductive adj. 有传导性的	https://www.leonwang.cc/ielts-vocab/data-20.js?v=20260618-1
20	行为动作	174	explore	/ɪkˈsplɔː/	v.	核心	勘查，考察；探讨		We spent the afternoon exploring the narrow streets of the ancient town.	我们整个下午都在探索那座古镇狭窄的街道。	exploration n. 勘探	https://www.leonwang.cc/ielts-vocab/data-20.js?v=20260618-1
20	行为动作	175	omit	/əʊˈmɪt/	v.	高频	遗漏；省略；删去		Be careful not to omit any important details when you write the report.	写报告时小心别遗漏任何重要细节。	omission n. 遗漏	https://www.leonwang.cc/ielts-vocab/data-20.js?v=20260618-1
20	行为动作	176	exert	/ɪɡˈzɜːt/	v.	高频	运用，行使；施加		Parents often exert a strong influence on their children's eating habits.	父母常常对子女的饮食习惯施加很强的影响。	搭配：exert an influence on 对……施加影响	https://www.leonwang.cc/ielts-vocab/data-20.js?v=20260618-1
20	行为动作	177	delete	/dɪˈliːt/	v.	核心	删除，删掉		I accidentally deleted an important file and had to ask IT to restore it.	我不小心删除了一个重要文件，只得请信息技术部门帮忙恢复。	搭配：delete sth. from 从……中删去	https://www.leonwang.cc/ielts-vocab/data-20.js?v=20260618-1
20	行为动作	178	cancel	/ˈkænsəl/	v.	核心	取消；废除		All flights were cancelled because of the heavy snowstorm approaching the city.	由于特大暴风雪逼近，所有航班都被取消了。	搭配：cancel an appointment	https://www.leonwang.cc/ielts-vocab/data-20.js?v=20260618-1
20	行为动作	179	tackle	/ˈtækəl/	v.	核心	处理，应对，解决 n. 用具，器材		The new government must tackle the growing problem of air pollution immediately.	新政府必须立即着手解决日益严重的空气污染问题。	搭配：tackle the problem	https://www.leonwang.cc/ielts-vocab/data-20.js?v=20260618-1
20	行为动作	180	cope	/kəʊp/	v.	核心	应付，处理		She is learning how to cope with stress through exercise and meditation.	她正在学习如何通过锻炼和冥想来应对压力。	搭配：cope with 应付	https://www.leonwang.cc/ielts-vocab/data-20.js?v=20260618-1
20	行为动作	181	clear	/klɪə/	adj.	核心	清晰的；明显的 v. 清除		After the storm, the workers worked hard to clear the roads of fallen trees.	暴风雨过后，工人们努力清除道路上的倒树。	clearly adv.；搭配：clear up 清理	https://www.leonwang.cc/ielts-vocab/data-20.js?v=20260618-1
20	行为动作	182	erase	/ɪˈreɪz/	v.	高频	清除；抹去		She tried to erase the painful memory from her mind, but it wasn't easy.	她试图从脑海中抹去那段痛苦的记忆，但这并不容易。		https://www.leonwang.cc/ielts-vocab/data-20.js?v=20260618-1
20	行为动作	183	rescue	/ˈreskjuː/	v./n.	核心	营救，救援		The coast guard rescued the sailors from the sinking ship just in time.	海岸警卫队及时把水手们从正在下沉的船上救了出来。		https://www.leonwang.cc/ielts-vocab/data-20.js?v=20260618-1
20	行为动作	184	resort	/rɪˈzɔːt/	v.	高频	求助于，采取，诉诸 n.（度假）胜地		We should only resort to legal action if all other methods have failed.	我们只有在所有其他方法都失败后才应诉诸法律手段。		https://www.leonwang.cc/ielts-vocab/data-20.js?v=20260618-1
20	行为动作	185	recover	/rɪˈkʌvə/	v.	核心	重新拿回；恢复健康；（从不愉快的经历中）复原		It took her several months to fully recover her strength after the illness.	她病后花了好几个月才完全恢复了体力。	recovery n. 恢复	https://www.leonwang.cc/ielts-vocab/data-20.js?v=20260618-1
20	行为动作	186	restore	/rɪˈstɔː/	v.	核心	恢复；归还；修复		The old temple was carefully restored to its original beauty by skilled workers.	那座古庙被能工巧匠小心翼翼地修复回了原有的美丽面貌。		https://www.leonwang.cc/ielts-vocab/data-20.js?v=20260618-1
20	行为动作	187	rectify	/ˈrektɪfaɪ/	v.	高频	纠正，矫正，改正		The company promised to rectify the mistake in the customer's bill immediately.	公司承诺立即纠正客户账单中的错误。	correct v. 改正	https://www.leonwang.cc/ielts-vocab/data-20.js?v=20260618-1
20	行为动作	188	redeem	/rɪˈdiːm/	v.	低频	赎回；挽回，补偿；兑现		He tried to redeem himself by working extra hard on the next project.	他试图通过在下一个项目上格外卖力来挽回自己的声誉。	搭配：redeem one's promise	https://www.leonwang.cc/ielts-vocab/data-20.js?v=20260618-1
20	行为动作	189	offset	/ˈɒfset/	v./n.	高频	补偿；抵消		The increased cost of materials was offset by a reduction in labour expenses.	材料成本的增加被人工费用的减少抵消了。	搭配：offset sth. by (doing) sth.	https://www.leonwang.cc/ielts-vocab/data-20.js?v=20260618-1
20	行为动作	190	replenish	/rɪˈplenɪʃ/	v.	低频	重新装满，补充	plen = 满	After the long workout, you need to drink water to replenish the lost fluids.	长时间锻炼之后，你需要喝水来补充流失的水分。		https://www.leonwang.cc/ielts-vocab/data-20.js?v=20260618-1
20	行为动作	191	obtain	/əbˈteɪn/	v.	核心	获得，得到		You need to obtain permission from the manager before taking any photos inside.	你在里面拍照之前需要先得到经理的许可。		https://www.leonwang.cc/ielts-vocab/data-20.js?v=20260618-1
20	行为动作	192	gain	/ɡeɪn/	v.	核心	获得；增加 n. 增加；改进		Through this volunteering experience, he gained a deeper understanding of social issues.	通过这次志愿服务经历，他对社会问题有了更深刻的理解。		https://www.leonwang.cc/ielts-vocab/data-20.js?v=20260618-1
20	行为动作	193	supply	/səˈplaɪ/	v.	核心	供给，供应，提供 n. 供应量；[supplies] 补给品		The Red Cross supplied blankets and drinking water to the earthquake victims.	红十字会向地震灾民提供了毯子和饮用水。	搭配：in short supply 短缺	https://www.leonwang.cc/ielts-vocab/data-20.js?v=20260618-1
20	行为动作	194	offer	/ˈɒfə/	n.	核心	给予（物）；提议 v. 提供；出（价）		She decided to accept the job offer after thinking about it very carefully.	她经过仔细考虑后决定接受这份工作。		https://www.leonwang.cc/ielts-vocab/data-20.js?v=20260618-1
20	行为动作	195	render	/ˈrendə/	v.	高频	给予，提供；翻译		The heavy fall rendered him unable to walk for several weeks.	那次严重摔伤使他好几个星期都不能走路。		https://www.leonwang.cc/ielts-vocab/data-20.js?v=20260618-1
20	行为动作	196	enlarge	/ɪnˈlɑːdʒ/	v.	核心	扩大，扩展；放大（照片或文件）		Can you enlarge this photo so I can see the details more clearly?	你能把这张照片放大一些，让我看得更清楚吗？		https://www.leonwang.cc/ielts-vocab/data-20.js?v=20260618-1
20	行为动作	197	augment	/ɔːɡˈment/	v.	低频	扩大，增加，加强，提高		He took on a second job to augment his income and support his family.	他找了第二份工作来增加收入，以供养家庭。	augmentation n. 扩大	https://www.leonwang.cc/ielts-vocab/data-20.js?v=20260618-1
20	行为动作	198	magnify	/ˈmæɡnɪfaɪ/	v.	高频	放大；夸大	magn/maj/max = 大	A microscope is used to magnify objects that are too small to see with the naked eye.	显微镜用于放大那些肉眼无法看清的微小物体。		https://www.leonwang.cc/ielts-vocab/data-20.js?v=20260618-1
20	行为动作	199	amplify	/ˈæmplɪfaɪ/	v.	高频	增强；扩大（声音）；充实（陈述等）		The microphone helped to amplify the speaker's voice so everyone could hear.	麦克风帮助放大了演讲者的声音，使每个人都能听到。	amplifier n. 扩音器	https://www.leonwang.cc/ielts-vocab/data-20.js?v=20260618-1
20	行为动作	200	exaggerate	/ɪɡˈzædʒəreɪt/	v.	核心	夸张，夸大		He tends to exaggerate the difficulties he faces, making them sound worse than they are.	他往往夸大他所面临的困难，把它们说得比实际情况更糟。		https://www.leonwang.cc/ielts-vocab/data-20.js?v=20260618-1
20	行为动作	201	prolong	/prəˈlɒŋ/	v.	高频	延长		They decided to prolong their stay in Paris by another three days.	他们决定把在巴黎停留的时间再延长三天。		https://www.leonwang.cc/ielts-vocab/data-20.js?v=20260618-1
20	行为动作	202	uphold	/ʌpˈhəʊld/	v.	高频	支持，维护；维持		The judge has a duty to uphold the law and treat every case fairly.	法官有责任维护法律并公正地审理每一个案件。	搭配：uphold the law 维护法律	https://www.leonwang.cc/ielts-vocab/data-20.js?v=20260618-1
20	行为动作	203	backup	/ˈbækʌp/	n.	核心	后援，支持；（文件等的）备份 adj. 备用的		Always keep a backup of your important documents on a separate hard drive.	重要文件一定要在另一块硬盘上留一份备份。		https://www.leonwang.cc/ielts-vocab/data-20.js?v=20260618-1
20	行为动作	204	propel	/prəˈpel/	v.	高频	推动，驱使；推进		The strong wind propelled the little sailing boat swiftly across the lake.	大风推动那只小帆船飞速地掠过湖面。	propeller n. 螺旋桨	https://www.leonwang.cc/ielts-vocab/data-20.js?v=20260618-1
20	行为动作	205	update	/ʌpˈdeɪt/	v.	核心	更新；使现代化		The software automatically updates to the latest version every few weeks.	该软件每隔几周便会自动更新至最新版本。		https://www.leonwang.cc/ielts-vocab/data-20.js?v=20260618-1
20	行为动作	206	raise	/reɪz/	v.	核心	举起；引起；抚养；提高；筹募		The school concert managed to raise over 5,000 dollars for the children's hospital.	学校音乐会成功为儿童医院筹到了5000多美元。	搭配：raise a price 涨价；raise capital 筹集资本	https://www.leonwang.cc/ielts-vocab/data-20.js?v=20260618-1
20	行为动作	207	leak	/liːk/	v.	核心	泄漏 n. 漏洞，裂缝		Confidential information about the new product had leaked to the press.	关于新产品的机密信息已泄露给了新闻界。		https://www.leonwang.cc/ielts-vocab/data-20.js?v=20260618-1
20	行为动作	208	spill	/spɪl/	v.	核心	（使）溢出		Be careful not to spill any coffee on the new white carpet.	小心别把咖啡洒到新换的白色地毯上。	搭配：spill over 溢出	https://www.leonwang.cc/ielts-vocab/data-20.js?v=20260618-1
20	行为动作	209	seep	/siːp/	v.	低频	渗出，渗漏		Water was seeping slowly through the cracks in the old stone wall.	水正慢慢地从旧石墙的裂缝中渗出来。		https://www.leonwang.cc/ielts-vocab/data-20.js?v=20260618-1
20	行为动作	210	ooze	/uːz/	v.	低频	渗出；洋溢着		She simply oozes confidence when she walks into a room full of people.	当她走进一间满是人的屋子时，浑身都洋溢着自信。		https://www.leonwang.cc/ielts-vocab/data-20.js?v=20260618-1
20	行为动作	211	evacuate	/ɪˈvækjueɪt/	v.	核心	疏散，撤离	vac(u) = 空	The entire building was evacuated immediately when the fire alarm sounded.	火警一响，整栋大楼的人都被立即疏散了。	evacuation n. 疏散	https://www.leonwang.cc/ielts-vocab/data-20.js?v=20260618-1
20	行为动作	212	trench	/trentʃ/	v.	低频	掘沟于；砍除 n. 沟，渠，壕沟		The soldiers dug deep trenches around the camp for protection.	士兵们在营地周围挖了深深的壕沟作为防护。		https://www.leonwang.cc/ielts-vocab/data-20.js?v=20260618-1
20	行为动作	213	saturate	/ˈsætʃəreɪt/	v.	低频	使饱和，使充满；浸透		The heavy, continuous rain had completely saturated the soil in the garden.	持续的暴雨已完全浸透了花园里的土壤。	搭配：saturate oneself (in) 埋头在……中	https://www.leonwang.cc/ielts-vocab/data-20.js?v=20260618-1
20	行为动作	214	excuse	v. /ɪkˈskjuːz/ n. /ɪkˈskjuːs/	v.	核心	原谅；同意免除 n. 理由；借口		There is no excuse for being so rude to your grandmother.	没有任何借口可以对祖母如此无礼。		https://www.leonwang.cc/ielts-vocab/data-20.js?v=20260618-1
20	行为动作	215	forgive	/fəˈɡɪv/	v.	核心	原谅，宽恕，饶恕	for- 表示否定	She has finally found it in her heart to forgive him for his past mistakes.	她终于打心底里原谅了他过去犯下的错误。		https://www.leonwang.cc/ielts-vocab/data-20.js?v=20260618-1
20	行为动作	216	contain	/kənˈteɪn/	v.	核心	包含，容纳；抑制（感情）		This box contains all the letters she wrote to her family during the war.	这个盒子里装着她战争期间写给家人的所有信件。		https://www.leonwang.cc/ielts-vocab/data-20.js?v=20260618-1
20	行为动作	217	regard	/rɪˈɡɑːd/	n.	核心	尊重；问候 v. 看待		He is highly regarded by his students for his deep knowledge and patience.	他因渊博的学识和耐心而深受学生们的尊敬。	regarding prep. 关于；搭配：in/with regard to 关于	https://www.leonwang.cc/ielts-vocab/data-20.js?v=20260618-1
20	行为动作	218	flatter	/ˈflætə/	v.	高频	奉承，讨好，向……谄媚		He was just trying to flatter you because he wants a favour in return.	他只是在奉承你，因为他想请你帮个忙。		https://www.leonwang.cc/ielts-vocab/data-20.js?v=20260618-1
20	行为动作	219	worship	/ˈwɜːʃɪp/	n.	核心	（对上帝或神的）崇拜，礼拜；爱慕 v. 做礼拜		The church was filled with people who had gathered for morning worship.	教堂里挤满了来做晨间礼拜的人。		https://www.leonwang.cc/ielts-vocab/data-20.js?v=20260618-1
20	行为动作	220	cause	/kɔːz/	n.	核心	原因，理由；事业 v. 引起，导致		The investigation aims to find out the exact cause of the plane crash.	这次调查旨在查明飞机坠毁的确切原因。		https://www.leonwang.cc/ielts-vocab/data-20.js?v=20260618-1
20	行为动作	221	sake	/seɪk/	n.	核心	理由，目的		For the sake of your health, you should cut down on sugar and fatty foods.	为了你的健康着想，你应该减少糖和油腻食物的摄入。	搭配：for the sake of 为了……起见	https://www.leonwang.cc/ielts-vocab/data-20.js?v=20260618-1
20	行为动作	222	purpose	/ˈpɜːpəs/	n.	核心	目的		The main purpose of this letter is to thank you for your generous support.	这封信的主要目的是感谢您的慷慨支持。	purposefully adv. 故意地；搭配：on purpose 故意地	https://www.leonwang.cc/ielts-vocab/data-20.js?v=20260618-1
20	行为动作	223	objective	/əbˈdʒektɪv/	n.	核心	宗旨；目标 adj. 客观的		Our primary objective this quarter is to increase sales by 15 percent.	我们本季度的首要目标是把销售额提高15%。	subjective adj. 主观的	https://www.leonwang.cc/ielts-vocab/data-20.js?v=20260618-1
20	行为动作	224	arouse	/əˈraʊz/	v.	高频	唤起，激起，引起		The strange sound outside the window aroused the guard's suspicion.	窗外奇怪的声音引起了警卫的怀疑。	搭配：arouse sb.'s interest/curiosity	https://www.leonwang.cc/ielts-vocab/data-20.js?v=20260618-1
20	行为动作	225	trigger	/ˈtrɪɡə/	v.	核心	引发，触发 n.（枪等的）扳机		Certain foods can trigger allergies in some children, such as milk and nuts.	某些食物，如牛奶和坚果，可能引发一些儿童的过敏反应。		https://www.leonwang.cc/ielts-vocab/data-20.js?v=20260618-1
20	行为动作	226	seek	/siːk/	v.	核心	寻找；寻求		More and more young people seek to achieve a balance between work and life.	越来越多的年轻人寻求在工作与生活之间取得平衡。	搭配：seek after 追求	https://www.leonwang.cc/ielts-vocab/data-20.js?v=20260618-1
20	行为动作	227	retrieve	/rɪˈtriːv/	v.	高频	取回；挽回		I need to go back to the cafe to retrieve the umbrella I left there.	我得回那家咖啡馆取回我落在那里的伞。		https://www.leonwang.cc/ielts-vocab/data-20.js?v=20260618-1
20	行为动作	228	testify	/ˈtestɪfaɪ/	v.	高频	作证；证明		The witness agreed to testify in court about what she saw that night.	证人同意在法庭上就她那天晚上所看到的情况作证。	搭配：testify against 作不利证明	https://www.leonwang.cc/ielts-vocab/data-20.js?v=20260618-1
20	行为动作	229	verify	/ˈverɪfaɪ/	v.	核心	证实；核实，查清		We must verify the information before publishing the news article.	我们必须在发布那篇新闻报道之前核实信息。		https://www.leonwang.cc/ielts-vocab/data-20.js?v=20260618-1
20	行为动作	230	specify	/ˈspesɪfaɪ/	v.	核心	具体指定，详细说明		The contract clearly specifies the payment terms and delivery date.	合同明确规定了付款条件和交货日期。	specific adj. 具体的	https://www.leonwang.cc/ielts-vocab/data-20.js?v=20260618-1
20	行为动作	231	enlighten	/ɪnˈlaɪtən/	v.	低频	启发，开导，启迪	en（里面）+ light（光）+ en → 启迪	Could you enlighten me on how this complicated machine actually works?	你能不能跟我讲一讲这台复杂的机器究竟是如何运作的？		https://www.leonwang.cc/ielts-vocab/data-20.js?v=20260618-1
20	行为动作	232	impart	/ɪmˈpɑːt/	v.	高频	传授；透露		Good teachers do not just impart knowledge but also inspire a love of learning.	好的老师不仅传授知识，还激发学生对学习的热爱。		https://www.leonwang.cc/ielts-vocab/data-20.js?v=20260618-1
20	行为动作	233	deserve	/dɪˈzɜːv/	v.	核心	应得；应受		You have worked so hard this year and you truly deserve this promotion.	你今年工作非常努力，这次晋升是你应得的。		https://www.leonwang.cc/ielts-vocab/data-20.js?v=20260618-1
20	行为动作	234	drop	/drɒp/	v.	核心	（使）落下；（使）降低；和……断绝联系 n. 滴		Share prices dropped sharply after the company reported heavy losses.	在公司公布巨额亏损后，股价急剧下跌。	搭配：a drop in the bucket 沧海一粟	https://www.leonwang.cc/ielts-vocab/data-20.js?v=20260618-1
20	行为动作	235	sink	/sɪŋk/	v.	核心	（使）下沉；下降		He watched the heavy stone sink to the bottom of the clear pond.	他看着那块沉重的石头沉到清澈的池塘底部。		https://www.leonwang.cc/ielts-vocab/data-20.js?v=20260618-1
20	行为动作	236	plummet	/ˈplʌmɪt/	v.	高频	垂直掉下；（价格、水平等）骤然下跌		Temperatures are expected to plummet tonight, so bring in your plants.	预计今晚气温会骤降，所以把植物搬进屋里吧。		https://www.leonwang.cc/ielts-vocab/data-20.js?v=20260618-1
20	行为动作	237	muffle	/ˈmʌfəl/	v.	低频	使（声音）减弱		She used a thick scarf to muffle the sound of her cough during the concert.	音乐会上她用一条厚围巾捂住嘴，以减弱咳嗽的声音。		https://www.leonwang.cc/ielts-vocab/data-20.js?v=20260618-1
20	行为动作	238	overshadow	/ˌəʊvəˈʃædəʊ/	v.	低频	遮蔽；使黯然失色		The young tennis player's success was overshadowed by a recent injury.	那位年轻网球选手的成功因近期的伤病而蒙上了阴影。		https://www.leonwang.cc/ielts-vocab/data-20.js?v=20260618-1
20	行为动作	239	invite	/ɪnˈvaɪt/	v.	核心	邀请		We would like to invite you to our annual company dinner next Friday.	我们想邀请您参加下周五的公司年度晚宴。	invitation n. 邀请	https://www.leonwang.cc/ielts-vocab/data-20.js?v=20260618-1
20	行为动作	240	welcome	/ˈwelkəm/	int./n./v.	核心	欢迎		The family warmly welcomed their relatives who had travelled from overseas.	这家人热情地欢迎了从海外远道而来的亲戚。	搭配：welcome to 欢迎来到	https://www.leonwang.cc/ielts-vocab/data-20.js?v=20260618-1
20	行为动作	241	greet	/ɡriːt/	v.	核心	向……问好，迎接；对……作出反应		She greeted the guests at the door with a big smile and a handshake.	她满脸笑容地在门口与客人握手问好。	greeting n. 问候	https://www.leonwang.cc/ielts-vocab/data-20.js?v=20260618-1
20	行为动作	242	salute	/səˈluːt/	v.	高频	（向……）行礼；致敬 n. 行礼；致敬		The soldiers stood and saluted as the national flag was raised.	国旗升起时，士兵们立正敬礼。		https://www.leonwang.cc/ielts-vocab/data-20.js?v=20260618-1
20	行为动作	243	celebrate	/ˈselɪbreɪt/	v.	核心	庆祝（节日、事件等）		They are planning a big party to celebrate their parents' 50th wedding anniversary.	他们正在筹划一场大型聚会来庆祝父母的金婚纪念日。	celebration n. 庆祝；celebrated adj. 著名的	https://www.leonwang.cc/ielts-vocab/data-20.js?v=20260618-1
20	行为动作	244	congratulate	/kənˈɡrætʃʊleɪt/	v.	核心	祝贺，向……道贺		I just want to congratulate you on passing the driving test on your first try.	恭喜你一次性通过了驾照考试。	congratulation n. 恭喜	https://www.leonwang.cc/ielts-vocab/data-20.js?v=20260618-1
20	行为动作	245	bless	/bles/	v.	核心	祝福，为……祈求上帝保佑		The priest blessed the newly married couple and wished them a happy life.	牧师为那对新婚夫妇祈福，祝他们生活幸福。	搭配：Bless you! 长命百岁！（打喷嚏时）	https://www.leonwang.cc/ielts-vocab/data-20.js?v=20260618-1
20	行为动作	246	participate	/pɑːˈtɪsɪpeɪt/	v.	核心	参加，参与		Over 100 runners participated in the city marathon despite the rainy weather.	尽管天气下雨，仍有100多名跑步者参加了城市马拉松。	participant n. 参与者；搭配：participate in	https://www.leonwang.cc/ielts-vocab/data-20.js?v=20260618-1
20	行为动作	247	farewell	/ˌfeəˈwel/	int.	高频	再会 n. 告别		The whole class came to say farewell to the exchange student returning home.	全班同学都来向要回国的交换生告别。	搭配：a farewell address 告别演说	https://www.leonwang.cc/ielts-vocab/data-20.js?v=20260618-1
20	行为动作	248	assort	/əˈsɔːt/	v.	低频	把……分类；相配，协调		The socks in this drawer need to be assorted by colour and size.	这个抽屉里的袜子需要按颜色和大小分类。		https://www.leonwang.cc/ielts-vocab/data-20.js?v=20260618-1
20	行为动作	249	correspond	/ˌkɒrɪˈspɒnd/	v.	核心	符合，相一致；通信		The names on the list must correspond exactly with those on your passport.	名单上的名字必须与你护照上的名字完全一致。	搭配：correspond with sb. 与某人通信	https://www.leonwang.cc/ielts-vocab/data-20.js?v=20260618-1
20	行为动作	250	accord	/əˈkɔːd/	v.	高频	（与……）一致；给予 n. 协议		His account of the accident does not accord with the facts provided by the police.	他对事故的叙述与警方提供的事实不符。	accordance n. 一致；accordingly adv. 因此	https://www.leonwang.cc/ielts-vocab/data-20.js?v=20260618-1
20	行为动作	251	attribute	v. /əˈtrɪbjuːt/ n. /ˈætrɪbjuːt/	v.	核心	把……归因于 n. 属性，特性		She attributes her excellent health to a balanced diet and daily exercise.	她把自己极好的健康归因于均衡的饮食和每天锻炼。	attribution n. 归因；搭配：attribute sth. to	https://www.leonwang.cc/ielts-vocab/data-20.js?v=20260618-1
20	行为动作	252	recall	/rɪˈkɔːl/	v.	核心	回忆，回想起		I can still vividly recall the first day I walked into this university.	我仍然清晰地记得我走进这所大学的第一天。		https://www.leonwang.cc/ielts-vocab/data-20.js?v=20260618-1
20	行为动作	253	recollect	/ˌrekəˈlekt/	v.	高频	记起，想起	lect = 选；搜集	Can you recollect where you put the spare house key a few days ago?	你能想起来几天前你把备用家门钥匙放哪了吗？		https://www.leonwang.cc/ielts-vocab/data-20.js?v=20260618-1
20	行为动作	254	remind	/rɪˈmaɪnd/	v.	核心	提醒，使想起		Please remind me to call the dentist tomorrow morning, or I might forget.	请提醒我明天早上给牙医打电话，不然我可能会忘记。	搭配：remind sb. of 使某人想起	https://www.leonwang.cc/ielts-vocab/data-20.js?v=20260618-1
20	行为动作	255	retell	/riːˈtel/	v.	高频	重新讲述，复述		The children were asked to retell the story in their own simple words.	孩子们被要求用自己的简单语言复述那个故事。		https://www.leonwang.cc/ielts-vocab/data-20.js?v=20260618-1
20	行为动作	256	repeat	/rɪˈpiːt/	v.	核心	重复 adj. 再次光顾的	peat/pet = 寻求	Could you please repeat the last sentence? I didn't quite catch it.	你能把最后一句话重复一遍吗？我没太听清。	repetition n. 重复	https://www.leonwang.cc/ielts-vocab/data-20.js?v=20260618-1
20	行为动作	257	retrospect	/ˌretrəspekt/	n.	高频	[in ~] 回顾		In retrospect, leaving that job was the best decision I could have made.	回过头看，辞去那份工作是我能做的最好的决定。	retrospective adj. 回顾的	https://www.leonwang.cc/ielts-vocab/data-20.js?v=20260618-1
20	行为动作	258	impress	/ɪmˈpres/	v.	核心	给……深刻印象；使铭记		The young pianist's technical skill deeply impressed the judges at the competition.	那位年轻钢琴家的技术技巧给比赛评委留下了深刻印象。	impression n. 印象；impressive adj. 印象深刻的	https://www.leonwang.cc/ielts-vocab/data-20.js?v=20260618-1
20	行为动作	259	surmount	/səˈmaʊnt/	v.	低频	克服；置于……顶端	sur = 在……上	With courage and patience, you can surmount almost any obstacle in your life.	有了勇气和耐心，你几乎可以克服人生中的任何障碍。	surpass v. 胜过	https://www.leonwang.cc/ielts-vocab/data-20.js?v=20260618-1
20	行为动作	260	mortify	/ˈmɔːtɪfaɪ/	v.	低频	使难堪，使羞愧		She felt utterly mortified when she tripped and fell in front of the entire audience.	当她在全场观众面前绊倒时，她感到无比难堪。		https://www.leonwang.cc/ielts-vocab/data-20.js?v=20260618-1
20	行为动作	261	pervade	/pəˈveɪd/	v.	低频	弥漫，渗透，遍及	vade = 走	A wonderful smell of fresh baking pervaded the whole house.	一股新鲜烘焙的香味弥漫了整个房子。	pervasive adj. 遍布的	https://www.leonwang.cc/ielts-vocab/data-20.js?v=20260618-1
20	行为动作	262	replace	/rɪˈpleɪs/	v.	核心	代替，取代		Many workers fear that robots will eventually replace them in factories.	许多工人害怕机器人终将在工厂里取代他们。	搭配：replace A with B 用 B 替换 A	https://www.leonwang.cc/ielts-vocab/data-20.js?v=20260618-1
20	行为动作	263	distinguish	/dɪˈstɪŋɡwɪʃ/	v.	核心	区别，辨别；使出众，使著名		A tiny birthmark on her cheek distinguishes her from her twin sister.	脸颊上一小块胎记令她和双胞胎姐姐得以区分。	distinguished adj. 卓越的；distinction n. 区分	https://www.leonwang.cc/ielts-vocab/data-20.js?v=20260618-1
20	行为动作	264	differentiate	/ˌdɪfəˈrenʃieɪt/	v.	高频	区分，区别；差别对待		Colour blindness makes it hard for some people to differentiate between red and green.	色盲使一些人难以区分红色和绿色。		https://www.leonwang.cc/ielts-vocab/data-20.js?v=20260618-1
20	行为动作	265	substitute	/ˈsʌbstɪtjuːt/	v.	核心	替换 n. 代用品；代替者；替补（运动员）		In this recipe, you can substitute honey for sugar to make it healthier.	在这份食谱中，你可以用蜂蜜代替糖，让成品更健康。	substitution n. 替换；搭配：substitute A for B	https://www.leonwang.cc/ielts-vocab/data-20.js?v=20260618-1
20	行为动作	266	incline	v. /ɪnˈklaɪn/ n. /ˈɪnklaɪn/	v.	高频	（使）倾向于；（使）倾斜 n. 斜坡；倾斜		His arguments incline me to believe that the new plan is much better than the old one.	他的论据使我倾向于相信新方案比旧的好得多。		https://www.leonwang.cc/ielts-vocab/data-20.js?v=20260618-1
20	行为动作	267	lean	/liːn/	v.	核心	（使）倚靠；倾斜 adj. 瘦的；贫乏的		The old bicycle leans against the wall, covered with dust and mud.	那辆旧自行车斜靠在墙上，沾满了灰尘和泥土。	搭配：lean on 依靠；lean toward 倾向于	https://www.leonwang.cc/ielts-vocab/data-20.js?v=20260618-1
20	行为动作	268	sideways	/ˈsaɪdweɪz/	adv.	高频	向（或从、往）一侧		The strong wind was so powerful that it blew the rain sideways.	强风吹得非常猛，把雨都吹得横着飞。		https://www.leonwang.cc/ielts-vocab/data-20.js?v=20260618-1
21	身心健康	1	feel	/fiːl/	v.	核心	感觉，感知；触碰		You can feel the soft breeze coming through the open window.	你能感觉到微风从敞开的窗户吹进来。	feeling n. 感情；感觉	https://www.leonwang.cc/ielts-vocab/data-21.js?v=20260618-1
21	身心健康	2	mood	/muːd/	n.	核心	心情，情绪；气氛		Her cheerful mood spread to everyone in the room.	她愉快的心情感染了房间里的每个人。	moody adj. 易怒的，喜怒无常的	https://www.leonwang.cc/ielts-vocab/data-21.js?v=20260618-1
21	身心健康	3	emotion	/ɪˈməʊʃən/	n.	核心	情绪，情感，感情	e (=ex 外面) + motion (运动) → 移到外面 → 激动 → 感情	He tried to hide his emotions when he heard the news.	他听到消息时试图掩饰自己的情绪。	emotional adj. 感情（上）的，情绪（上）的	https://www.leonwang.cc/ielts-vocab/data-21.js?v=20260618-1
21	身心健康	4	temper	/ˈtempə/	n.	高频	坏脾气；情绪，心情 v. 使缓和		She found it hard to keep her temper during the heated debate.	她发现在激烈的辩论中很难忍住不发火。	lose one's temper 发脾气；keep one's temper 忍住不发火	https://www.leonwang.cc/ielts-vocab/data-21.js?v=20260618-1
21	身心健康	5	manner	/ˈmænə/	n.	高频	举止；礼貌；方式；风俗		His friendly manner made a good impression on the interviewers.	他友善的举止给面试官留下了良好的印象。		https://www.leonwang.cc/ielts-vocab/data-21.js?v=20260618-1
21	身心健康	6	attitude	/ˈætɪtjuːd/	n.	核心	态度，看法		A positive attitude is essential when learning a new language.	学习一门新语言时，积极的态度至关重要。	keep a firm attitude	https://www.leonwang.cc/ielts-vocab/data-21.js?v=20260618-1
21	身心健康	7	character	/ˈkærɪktə/	n.	核心	性格；特征；人物，角色		The main character in the novel overcomes many difficulties.	小说中的主角克服了许多困难。	characteristic n. 特征，特点	https://www.leonwang.cc/ielts-vocab/data-21.js?v=20260618-1
21	身心健康	8	personality	/ˌpɜːsəˈnælɪti/	n.	核心	个性，人格		Her outgoing personality makes it easy for her to make friends.	她外向的性格使她很容易交到朋友。		https://www.leonwang.cc/ielts-vocab/data-21.js?v=20260618-1
21	身心健康	9	trait	/treɪt/	n.	高频	特性，特点		Curiosity is a common trait among successful scientists.	好奇心是成功科学家的一个共同特点。		https://www.leonwang.cc/ielts-vocab/data-21.js?v=20260618-1
21	身心健康	10	virtue	/ˈvɜːtʃuː/	n.	高频	美德，德行；优点		Patience is a virtue that few people truly master.	耐心是一种很少有人能真正掌握的美德。		https://www.leonwang.cc/ielts-vocab/data-21.js?v=20260618-1
21	身心健康	11	feature	/ˈfiːtʃə/	n.	核心	特征；面容的一部分 v. 以......为特色		The new smartphone features an advanced camera system.	这款新智能手机以先进的摄像系统为特色。		https://www.leonwang.cc/ielts-vocab/data-21.js?v=20260618-1
21	身心健康	12	stature	/ˈstætʃə/	n.	低频	身高，身材；（精神、道德等的）高度		Despite his small stature, he was a powerful leader.	尽管他身材矮小，却是一位强有力的领导者。		https://www.leonwang.cc/ielts-vocab/data-21.js?v=20260618-1
21	身心健康	13	flesh	/fleʃ/	n.	低频	肉；人类		The thorn pierced the flesh of his hand.	那根刺扎进了他手上的肉里。		https://www.leonwang.cc/ielts-vocab/data-21.js?v=20260618-1
21	身心健康	14	mankind	/mænˈkaɪnd/	n.	高频	人类；男人		Exploring space has always been a dream of mankind.	探索太空一直是人类的梦想。		https://www.leonwang.cc/ielts-vocab/data-21.js?v=20260618-1
21	身心健康	15	human	/ˈhjuːmən/	adj.	核心	人类的；有人性的 n. 人类		There is a limit to human strength, but not to human creativity.	人的力量有限，但创造力无限。		https://www.leonwang.cc/ielts-vocab/data-21.js?v=20260618-1
21	身心健康	16	bone	/bəʊn/	n.	核心	骨；骨骼		Calcium helps to keep bones strong and healthy.	钙有助于保持骨骼强壮和健康。		https://www.leonwang.cc/ielts-vocab/data-21.js?v=20260618-1
21	身心健康	17	backbone	/ˈbækbəʊn/	n.	高频	脊柱；骨干，中坚；骨气		Small businesses are often considered the backbone of the local economy.	小企业通常被认为是地方经济的支柱。		https://www.leonwang.cc/ielts-vocab/data-21.js?v=20260618-1
21	身心健康	18	skeleton	/ˈskelɪtən/	n.	低频	骨骼，骨架；框架，梗概		The archaeologists discovered a complete dinosaur skeleton in the desert.	考古学家在沙漠中发现了一具完整的恐龙骨架。	skeleton at the feast 扫兴的人或事物	https://www.leonwang.cc/ielts-vocab/data-21.js?v=20260618-1
21	身心健康	19	brain	/breɪn/	n.	核心	脑；[~s]智慧，智力		Regular exercise is good for both the body and the brain.	经常锻炼对身体和大脑都有好处。		https://www.leonwang.cc/ielts-vocab/data-21.js?v=20260618-1
21	身心健康	20	mind	/maɪnd/	n.	核心	头脑；思考能力；思维；意见；记忆力		Try to keep an open mind when listening to different opinions.	在听取不同意见时，尽量保持开放的思维。	absence of mind 心不在焉	https://www.leonwang.cc/ielts-vocab/data-21.js?v=20260618-1
21	身心健康	21	physical	/ˈfɪzɪkəl/	adj.	核心	身体的；物质的；物理的		Physical activity can reduce the risk of many chronic diseases.	体育活动可以降低许多慢性病的风险。	physiology n. 生理学；physics n. 物理学	https://www.leonwang.cc/ielts-vocab/data-21.js?v=20260618-1
21	身心健康	22	mental	/ˈmentl/	adj.	核心	精神的，思想上的；智力的		Meditation can improve mental clarity and reduce stress.	冥想可以提高头脑清晰度并减轻压力。		https://www.leonwang.cc/ielts-vocab/data-21.js?v=20260618-1
21	身心健康	23	cheek	/tʃiːk/	n.	核心	面颊，颊		The child had red cheeks after playing in the cold wind.	孩子在寒风中玩耍后脸颊通红。	cheek to cheek	https://www.leonwang.cc/ielts-vocab/data-21.js?v=20260618-1
21	身心健康	24	forehead	/ˈfɔːhed/	n.	核心	额		He wiped the sweat from his forehead after the long run.	长跑之后他擦去额头上的汗水。		https://www.leonwang.cc/ielts-vocab/data-21.js?v=20260618-1
21	身心健康	25	brow	/braʊ/	n.	低频	额；眉，眉毛		She raised her brows in surprise at the unexpected news.	听到这个意外的消息，她惊讶地扬起了眉毛。		https://www.leonwang.cc/ielts-vocab/data-21.js?v=20260618-1
21	身心健康	26	eyelash	/ˈaɪlæʃ/	n.	高频	眼睫毛		An eyelash fell into her eye and caused a lot of discomfort.	一根眼睫毛掉进她的眼睛里，引起了很多不适。	eyelid n. 眼皮，眼睑	https://www.leonwang.cc/ielts-vocab/data-21.js?v=20260618-1
21	身心健康	27	skull	/skʌl/	n.	高频	头脑；头骨		The helmet is designed to protect the skull from injury.	这种头盔的设计目的是保护头骨免受伤害。	Skull and Bones 骷髅会	https://www.leonwang.cc/ielts-vocab/data-21.js?v=20260618-1
21	身心健康	28	lip	/lɪp/	n.	核心	嘴唇；（洞口、伤口等的）边缘		She bit her lower lip nervously while waiting for the result.	等待结果时，她紧张地咬着下嘴唇。	lipstick n. 口红，唇膏	https://www.leonwang.cc/ielts-vocab/data-21.js?v=20260618-1
21	身心健康	29	mouth	/maʊθ/	n.	核心	口，嘴；河口		The story spread quickly from mouth to mouth in the small town.	这个故事在小镇上口口相传，很快传开了。	mouthful n. 一口；by word of mouth；spread from mouth to mouth	https://www.leonwang.cc/ielts-vocab/data-21.js?v=20260618-1
21	身心健康	30	tongue	/tʌŋ/	n.	核心	舌头；语言		Laughing out loud is a good exercise for your tongue and throat.	大声笑是锻炼舌头和喉咙的好方法。	a slip of the tongue；a tongue-twister	https://www.leonwang.cc/ielts-vocab/data-21.js?v=20260618-1
21	身心健康	31	throat	/θrəʊt/	n.	核心	喉咙；窄路；嗓子，嗓音		Drinking warm water with honey helped soothe her sore throat.	喝温热的蜂蜜水帮她缓解了喉咙痛。		https://www.leonwang.cc/ielts-vocab/data-21.js?v=20260618-1
21	身心健康	32	gorge	/ɡɔːdʒ/	n.	低频	咽喉；暴食；山峡，峡谷 v. 狼吞虎咽		The Three Gorges Dam is one of the largest engineering projects in the world.	三峡大坝是世界上最大的工程项目之一。		https://www.leonwang.cc/ielts-vocab/data-21.js?v=20260618-1
21	身心健康	33	chin	/tʃɪn/	n.	核心	（指人的）颊，下巴		He rested his chin on his hand while thinking deeply.	他深思时用手托着下巴。		https://www.leonwang.cc/ielts-vocab/data-21.js?v=20260618-1
21	身心健康	34	jaw	/dʒɔː/	n.	高频	颌；下巴；狭窄入口；唠叨		The doctor asked him to open his jaw to examine his teeth.	医生让他张开下巴检查牙齿。		https://www.leonwang.cc/ielts-vocab/data-21.js?v=20260618-1
21	身心健康	35	neck	/nek/	n.	核心	脖子；衣领；海峡		The candidates are neck and neck in the latest opinion poll.	在最新的民意调查中，几位候选人难分高下。		https://www.leonwang.cc/ielts-vocab/data-21.js?v=20260618-1
21	身心健康	36	beard	/bɪəd/	n.	核心	胡须		He decided to grow a beard during the winter holiday.	他决定在寒假期间留胡须。	wear a beard	https://www.leonwang.cc/ielts-vocab/data-21.js?v=20260618-1
21	身心健康	37	shoulder	/ˈʃəʊldə/	n.	核心	肩，肩膀		Employees are expected to shoulder more responsibility as they gain experience.	随着经验的积累，员工需要承担更多的责任。	shoulder responsibility	https://www.leonwang.cc/ielts-vocab/data-21.js?v=20260618-1
21	身心健康	38	limb	/lɪm/	n.	高频	肢；树枝		After the accident, the patient needed an artificial limb to walk again.	事故过后，那位患者需要安装假肢才能再次行走。	an artificial limb	https://www.leonwang.cc/ielts-vocab/data-21.js?v=20260618-1
21	身心健康	39	elbow	/ˈelbəʊ/	n.	高频	肘部；弯头；扶手 v. 用肘挤		He accidentally hit his elbow against the door and felt a sharp pain.	他不小心把肘部撞到了门上，感到一阵剧痛。		https://www.leonwang.cc/ielts-vocab/data-21.js?v=20260618-1
21	身心健康	40	wrist	/rɪst/	n.	核心	腕，腕关节		She wore a silver watch on her left wrist.	她左手腕上戴着一块银色的手表。	waist n. 腰，腰部	https://www.leonwang.cc/ielts-vocab/data-21.js?v=20260618-1
21	身心健康	41	thumb	/θʌm/	n.	核心	拇指		The manager gave the proposal a thumbs-up after reading it.	经理读完后对提案竖起了大拇指。		https://www.leonwang.cc/ielts-vocab/data-21.js?v=20260618-1
21	身心健康	42	palm	/pɑːm/	n.	高频	手掌		She placed the small bird gently on the palm of her hand.	她轻轻地把小鸟放在自己的手掌上。	read sb.'s palm 看手相	https://www.leonwang.cc/ielts-vocab/data-21.js?v=20260618-1
21	身心健康	43	finger	/ˈfɪŋɡə/	n.	核心	手指		Each person has unique fingerprints that can be used for identification.	每个人都有独一无二的指纹，可用于身份识别。	fingerprint n. 指纹	https://www.leonwang.cc/ielts-vocab/data-21.js?v=20260618-1
21	身心健康	44	fist	/fɪst/	n.	核心	拳头		She clenched her fist in determination before walking onto the stage.	她在走上舞台前坚定地握紧拳头。		https://www.leonwang.cc/ielts-vocab/data-21.js?v=20260618-1
21	身心健康	45	chest	/tʃest/	n.	核心	胸膛		The doctor listened to his chest with a stethoscope.	医生用听诊器听了他的胸腔。		https://www.leonwang.cc/ielts-vocab/data-21.js?v=20260618-1
21	身心健康	46	abdomen	/ˈæbdəmən/	n.	低频	腹部		The surgeon made a small incision in the patient's lower abdomen.	外科医生在病人的下腹部切了一个小口。	six-pack 腹肌	https://www.leonwang.cc/ielts-vocab/data-21.js?v=20260618-1
21	身心健康	47	rib	/rɪb/	n.	高频	肋骨		He felt a sharp pain in his ribs after tackling his opponent.	他在拦截对手后感到肋骨一阵剧痛。		https://www.leonwang.cc/ielts-vocab/data-21.js?v=20260618-1
21	身心健康	48	waist	/weɪst/	n.	核心	腰，腰部		This dress is a bit tight around the waist; I need a larger size.	这条裙子腰围有点紧，我需要大一号的。	a waist belt	https://www.leonwang.cc/ielts-vocab/data-21.js?v=20260618-1
21	身心健康	49	organ	/ˈɔːɡən/	n.	核心	器官		The skin is actually the largest organ of the human body.	皮肤实际上是人体最大的器官。	organic, organism	https://www.leonwang.cc/ielts-vocab/data-21.js?v=20260618-1
21	身心健康	50	liver	/ˈlɪvə/	n.	高频	肝脏		Eating too much fatty food can damage your liver over time.	长期吃太多油腻的食物会损害肝脏。		https://www.leonwang.cc/ielts-vocab/data-21.js?v=20260618-1
21	身心健康	51	stomach	/ˈstʌmək/	n.	核心	胃		He had a stomach ache because he ate too quickly.	他因为吃得太快而胃疼。		https://www.leonwang.cc/ielts-vocab/data-21.js?v=20260618-1
21	身心健康	52	womb	/wuːm/	n.	低频	子宫		The bond between mother and child begins from the womb.	母亲与孩子之间的纽带从子宫里就开始了。	from the womb to the tomb	https://www.leonwang.cc/ielts-vocab/data-21.js?v=20260618-1
21	身心健康	53	kidney	/ˈkɪdni/	n.	高频	肾脏		Drinking plenty of water helps the kidneys function properly.	多喝水有助于肾脏正常运作。		https://www.leonwang.cc/ielts-vocab/data-21.js?v=20260618-1
21	身心健康	54	lung	/lʌŋ/	n.	核心	肺		Smoking can cause serious damage to the lungs.	吸烟会对肺部造成严重损害。		https://www.leonwang.cc/ielts-vocab/data-21.js?v=20260618-1
21	身心健康	55	gland	/ɡlænd/	n.	低频	腺		The thyroid gland plays an important role in regulating metabolism.	甲状腺在调节新陈代谢中发挥着重要作用。		https://www.leonwang.cc/ielts-vocab/data-21.js?v=20260618-1
21	身心健康	56	chamber	/ˈtʃeɪmbə/	n.	低频	（人体内、动植物体内或机器中的）室，腔；议院		The human heart consists of four separate chambers.	人的心脏由四个独立的腔室组成。		https://www.leonwang.cc/ielts-vocab/data-21.js?v=20260618-1
21	身心健康	57	intestine	/ɪnˈtestɪn/	n.	低频	肠		Fiber helps food move smoothly through the small intestine.	纤维有助于食物顺利通过小肠。		https://www.leonwang.cc/ielts-vocab/data-21.js?v=20260618-1
21	身心健康	58	muscle	/ˈmʌsəl/	n.	核心	肌肉		He trained hard to build muscle and improve his endurance.	他刻苦训练以增强肌肉并提高耐力。	muscular adj. 肌肉发达的；muscle 与 mouse 同源	https://www.leonwang.cc/ielts-vocab/data-21.js?v=20260618-1
21	身心健康	59	thigh	/θaɪ/	n.	高频	大腿，股		She felt a sudden cramp in her thigh while running.	她跑步时大腿突然抽筋了。		https://www.leonwang.cc/ielts-vocab/data-21.js?v=20260618-1
21	身心健康	60	joint	/dʒɔɪnt/	n.	核心	接合处；关节 adj. 共同的，联合的		The two companies launched a joint marketing campaign last month.	上个月这两家公司联合发起了一场营销活动。		https://www.leonwang.cc/ielts-vocab/data-21.js?v=20260618-1
21	身心健康	61	knee	/niː/	n.	核心	膝盖，膝		The athlete injured his knee during the match and had to leave the field.	那位运动员在比赛中伤了膝盖，不得不离开赛场。	a knee bend	https://www.leonwang.cc/ielts-vocab/data-21.js?v=20260618-1
21	身心健康	62	lap	/læp/	n.	高频	（人坐着时的）大腿部；下摆；环节；一圈		The cat curled up on her lap and fell asleep.	小猫蜷缩在她的大腿上睡着了。		https://www.leonwang.cc/ielts-vocab/data-21.js?v=20260618-1
21	身心健康	63	ankle	/ˈæŋkəl/	n.	高频	踝关节，踝		She twisted her ankle while walking downstairs and needed an X-ray.	她下楼时扭伤了脚踝，需要拍X光片。	ankle joint, ankle socks	https://www.leonwang.cc/ielts-vocab/data-21.js?v=20260618-1
21	身心健康	64	heel	/hiːl/	n.	核心	足跟		She prefers flat shoes because high heels hurt her feet.	她更喜欢平底鞋，因为高跟鞋会让她的脚疼。	high-heel n. 高跟鞋	https://www.leonwang.cc/ielts-vocab/data-21.js?v=20260618-1
21	身心健康	65	toe	/təʊ/	n.	核心	脚趾，足尖		The ballet dancer stood on the tips of her toes with perfect balance.	那位芭蕾舞演员用足尖完美地保持着平衡。	from tip to toe	https://www.leonwang.cc/ielts-vocab/data-21.js?v=20260618-1
21	身心健康	66	pore	/pɔː/	n.	高频	毛孔；小孔，气孔 v. 凝视；沉思		Steam from the hot shower can help open your skin pores.	热水淋浴产生的蒸汽有助于打开皮肤毛孔。		https://www.leonwang.cc/ielts-vocab/data-21.js?v=20260618-1
21	身心健康	67	pulse	/pʌls/	n.	高频	脉搏；脉冲		The nurse checked the patient's pulse to see if it was normal.	护士检查了病人的脉搏，看是否正常。	impulse n. 冲动	https://www.leonwang.cc/ielts-vocab/data-21.js?v=20260618-1
21	身心健康	68	artery	/ˈɑːtəri/	n.	低频	动脉；干线		A blocked artery can lead to a heart attack.	动脉阻塞可能导致心脏病发作。	vein n. 静脉	https://www.leonwang.cc/ielts-vocab/data-21.js?v=20260618-1
21	身心健康	69	nerve	/nɜːv/	n.	高频	神经；紧张，焦虑		She tried to calm her nerves before giving the speech.	她在演讲前努力让自己冷静下来。		https://www.leonwang.cc/ielts-vocab/data-21.js?v=20260618-1
21	身心健康	70	hormone	/ˈhɔːməʊn/	n.	低频	荷尔蒙，激素		Lack of sleep can disrupt the body's natural hormone balance.	睡眠不足会打乱身体天然的荷尔蒙平衡。		https://www.leonwang.cc/ielts-vocab/data-21.js?v=20260618-1
21	身心健康	71	immune	/ɪˈmjuːn/	adj.	核心	免疫的；不受影响的；免除的	mun(i) = service	Regular exercise can strengthen your immune system.	经常锻炼可以增强免疫系统。	immunise, immunity；immune to, immune system	https://www.leonwang.cc/ielts-vocab/data-21.js?v=20260618-1
21	身心健康	72	stimulus	/ˈstɪmjələs/	n.	高频	刺激（物）；促进因素		The tax cuts provided a strong stimulus to the economy.	减税为经济提供了强有力的刺激。	复数 stimuli	https://www.leonwang.cc/ielts-vocab/data-21.js?v=20260618-1
21	身心健康	73	biorhythm	/ˈbaɪəʊˌrɪðəm/	n.	识记	生物节律		Travelling across time zones can disrupt your biorhythm for several days.	跨越时区旅行可能会扰乱你好几天的生物节律。	rhythm n. 韵律；biorhythm upset	https://www.leonwang.cc/ielts-vocab/data-21.js?v=20260618-1
21	身心健康	74	lifestyle	/ˈlaɪfstaɪl/	n.	核心	生活方式		Adopting a healthy lifestyle can help prevent many chronic diseases.	养成健康的生活方式有助于预防许多慢性病。		https://www.leonwang.cc/ielts-vocab/data-21.js?v=20260618-1
21	身心健康	75	habit	/ˈhæbɪt/	n.	核心	习惯		Getting up early became a daily habit for her over the years.	多年来，早起成了她的一种日常习惯。	acquire a habit of	https://www.leonwang.cc/ielts-vocab/data-21.js?v=20260618-1
21	身心健康	76	sense	/sens/	n.	核心	感官；感觉		Humans have five basic senses: sight, hearing, smell, taste, and touch.	人类有五种基本感官：视觉、听觉、嗅觉、味觉和触觉。	sensible, sensational, sensation, nonsense	https://www.leonwang.cc/ielts-vocab/data-21.js?v=20260618-1
21	身心健康	77	sight	/saɪt/	n.	核心	视力；看见；景物		The sunset over the ocean was the most beautiful sight she had ever seen.	海上日落是她见过的最美丽的景象。	short-sighted	https://www.leonwang.cc/ielts-vocab/data-21.js?v=20260618-1
21	身心健康	78	eyesight	/ˈaɪsaɪt/	n.	核心	视力		Reading in dim light can strain your eyesight over time.	在昏暗的光线下阅读久而久之会损害视力。		https://www.leonwang.cc/ielts-vocab/data-21.js?v=20260618-1
21	身心健康	79	view	/vjuː/	n.	核心	视野；见解；风景；察看		In my view, teamwork is the key to the success of this project.	在我看来，团队合作是这一项目成功的关键。		https://www.leonwang.cc/ielts-vocab/data-21.js?v=20260618-1
21	身心健康	80	visual	/ˈvɪʒuəl/	adj.	核心	视力的，视觉的		The presentation included many visual aids to help explain the topic.	演示中包含许多视觉教具来帮助解释主题。		https://www.leonwang.cc/ielts-vocab/data-21.js?v=20260618-1
21	身心健康	81	visible	/ˈvɪzəbl/	adj.	核心	看得见的，可见的		The satellite is sometimes visible to the naked eye on clear nights.	在晴朗的夜晚，这颗卫星有时肉眼可见。	invisible	https://www.leonwang.cc/ielts-vocab/data-21.js?v=20260618-1
21	身心健康	82	vague	/veɪɡ/	adj.	高频	含糊的；不清楚的，模糊的		He could only give a vague description of the man he saw.	他只能模糊地描述他所见到的那个人。		https://www.leonwang.cc/ielts-vocab/data-21.js?v=20260618-1
21	身心健康	83	blind	/blaɪnd/	adj.	核心	盲目的；瞎的；未察觉的		The dog became blind in one eye after the accident.	那条狗在事故后一只眼睛失明了。		https://www.leonwang.cc/ielts-vocab/data-21.js?v=20260618-1
21	身心健康	84	dumb	/dʌm/	adj.	高频	哑的；不肯开口的		She remained dumb throughout the interview, too nervous to speak.	她在整个采访中一声不吭，紧张得说不出话来。	dumb-bell n. 哑铃	https://www.leonwang.cc/ielts-vocab/data-21.js?v=20260618-1
21	身心健康	85	aural	/ˈɔːrəl/	adj.	低频	耳的；听觉的		Musicians usually develop excellent aural skills through years of training.	音乐家通过多年训练通常会培养出极好的听觉能力。	acoustic	https://www.leonwang.cc/ielts-vocab/data-21.js?v=20260618-1
21	身心健康	86	dental	/ˈdentl/	adj.	高频	牙的，牙科的	dent = tooth	Regular dental check-ups can help prevent cavities and gum disease.	定期检查牙齿有助于预防蛀牙和牙龈疾病。	dentist	https://www.leonwang.cc/ielts-vocab/data-21.js?v=20260618-1
21	身心健康	87	awake	/əˈweɪk/	adj.	核心	醒着的；警觉的		Lying awake at night, she thought about the challenges of the next day.	夜里醒着躺在床上，她思考着第二天的挑战。		https://www.leonwang.cc/ielts-vocab/data-21.js?v=20260618-1
21	身心健康	88	yawn	/jɔːn/	v.	高频	打呵欠；裂开 n. 呵欠		He tried to stifle a yawn during the long and boring meeting.	在冗长无聊的会议上，他努力忍住了一个哈欠。	snore, sneeze	https://www.leonwang.cc/ielts-vocab/data-21.js?v=20260618-1
21	身心健康	89	nap	/næp/	n.	核心	小睡；绒毛		Taking a short nap in the afternoon can increase your productivity.	下午小睡片刻可以提高你的工作效率。		https://www.leonwang.cc/ielts-vocab/data-21.js?v=20260618-1
21	身心健康	90	doze	/dəʊz/	v.	高频	小睡，打盹儿		The warm sunshine made me doze off in the armchair.	暖暖的阳光让我在扶手椅上打起盹来。	dose	https://www.leonwang.cc/ielts-vocab/data-21.js?v=20260618-1
21	身心健康	91	quiet	/ˈkwaɪət/	adj.	核心	安静的；寂静的；平静的		The library should be a quiet place for students to study.	图书馆应该是学生学习的安静场所。		https://www.leonwang.cc/ielts-vocab/data-21.js?v=20260618-1
21	身心健康	92	asleep	/əˈsliːp/	adj.	核心	睡着的；不活跃的；麻木的		The mother gently covered the child with a blanket when she fell asleep.	孩子睡着后，母亲轻轻地给她盖上了毯子。	fall asleep	https://www.leonwang.cc/ielts-vocab/data-21.js?v=20260618-1
21	身心健康	93	cripple	/ˈkrɪpl/	n.	低频	跛子；残疾人 v. 使跛		The economic crisis threatened to cripple the country's financial system.	经济危机有可能使该国的金融系统陷于瘫痪。		https://www.leonwang.cc/ielts-vocab/data-21.js?v=20260618-1
21	身心健康	94	lame	/leɪm/	adj.	高频	病的，跛的；（解释或借口）无说服力的		He offered a very lame excuse for not finishing the work on time.	他没按时完成工作，给出的借口十分站不住脚。		https://www.leonwang.cc/ielts-vocab/data-21.js?v=20260618-1
21	身心健康	95	dwarf	/dwɔːf/	n.	低频	（童话中的）小矮人；侏儒 adj. 矮小的		In the story, Snow White lived with seven dwarfs in a small cottage.	故事中，白雪公主与七个小矮人住在一间小木屋里。	Snow White and the Seven Dwarfs	https://www.leonwang.cc/ielts-vocab/data-21.js?v=20260618-1
21	身心健康	96	pregnancy	/ˈpreɡnənsi/	n.	高频	怀孕，妊娠		She decided to take a pregnancy test after missing her period.	月经没有来之后，她决定做一次怀孕检测。	pregnant；a pregnancy test	https://www.leonwang.cc/ielts-vocab/data-21.js?v=20260618-1
21	身心健康	97	moan	/məʊn/	n./v.	高频	呻吟；哀悼		The injured hiker let out a low moan when rescuers finally found him.	当救援人员最终找到受伤的徒步者时，他发出了一声低沉的呻吟。		https://www.leonwang.cc/ielts-vocab/data-21.js?v=20260618-1
21	身心健康	98	born	/bɔːn/	adj.	核心	天生的；与生俱来的 v. [be-]出生		She is a born musician and started playing the piano at the age of four.	她天生是音乐家，四岁就开始弹钢琴了。	be born of	https://www.leonwang.cc/ielts-vocab/data-21.js?v=20260618-1
21	身心健康	99	condom	/ˈkɒndəm/	n.	识记	避孕套		Health organisations often promote the use of condoms to prevent infections.	卫生组织经常提倡使用避孕套来预防感染。	French letter	https://www.leonwang.cc/ielts-vocab/data-21.js?v=20260618-1
21	身心健康	100	infection	/ɪnˈfekʃən/	n.	核心	传染；传染病；影响		Wash your hands regularly to reduce the risk of bacterial infection.	勤洗手以降低细菌感染的风险。	infect, infectious；a bacterial infection	https://www.leonwang.cc/ielts-vocab/data-21.js?v=20260618-1
21	身心健康	101	clone	/kləʊn/	v.	低频	克隆 n. 克隆动物（或植物）		Scientists have been debating the ethics of cloning humans for decades.	几十年来，科学家们一直在争论克隆人的伦理问题。		https://www.leonwang.cc/ielts-vocab/data-21.js?v=20260618-1
21	身心健康	102	detriment	/ˈdetrɪmənt/	n.	低频	损害；损害物		Excessive screen time can be a detriment to young children's development.	过多的屏幕时间可能对幼儿的发育造成损害。		https://www.leonwang.cc/ielts-vocab/data-21.js?v=20260618-1
21	身心健康	103	symptom	/ˈsɪmptəm/	n.	核心	征兆；症状		A high fever and a cough are common symptoms of the flu.	高烧和咳嗽是流感的常见症状。		https://www.leonwang.cc/ielts-vocab/data-21.js?v=20260618-1
21	身心健康	104	disease	/dɪˈziːz/	n.	核心	疾病		Heart disease remains one of the leading causes of death worldwide.	心脏病仍然是全球主要的死亡原因之一。	cause a disease	https://www.leonwang.cc/ielts-vocab/data-21.js?v=20260618-1
21	身心健康	105	illness	/ˈɪlnəs/	n.	核心	病，疾病		It took him nearly a month to recover from his illness.	他花了将近一个月才从疾病中康复。	recover from illness	https://www.leonwang.cc/ielts-vocab/data-21.js?v=20260618-1
21	身心健康	106	broken	/ˈbrəʊkən/	adj.	核心	弄坏的；破碎的		The microwave is broken, so we'll have to heat the food on the stove.	微波炉坏了，所以我们只能在炉子上热饭菜。	a broken talk	https://www.leonwang.cc/ielts-vocab/data-21.js?v=20260618-1
21	身心健康	107	disable	/dɪsˈeɪbəl/	v.	高频	使丧失能力，使伤残		The explosion disabled the ship's main engine, leaving it stranded at sea.	爆炸使船的主引擎失灵，船被困在了海上。	disabled	https://www.leonwang.cc/ielts-vocab/data-21.js?v=20260618-1
21	身心健康	108	invalid	/ˈɪnvəlɪd/	n.	低频	病弱者，伤残者 adj. 病弱的，伤残的		She took care of her invalid father for many years without complaint.	她毫无怨言地照顾生病的父亲很多年。	invalidate	https://www.leonwang.cc/ielts-vocab/data-21.js?v=20260618-1
21	身心健康	109	patient	/ˈpeɪʃənt/	n.	核心	病人 adj. 有耐心的，能忍耐的	pati, pathy = to suffer, to endure	You need to be patient when learning a new skill; progress takes time.	学习新技能时你需要有耐心，进步需要时间。	patience	https://www.leonwang.cc/ielts-vocab/data-21.js?v=20260618-1
21	身心健康	110	dysfunction	/dɪsˈfʌŋkʃən/	n.	低频	（身体）功能障碍	dys- = bad, abnormal	The disease caused severe kidney dysfunction in many patients.	这种疾病导致许多病人出现严重的肾功能障碍。		https://www.leonwang.cc/ielts-vocab/data-21.js?v=20260618-1
21	身心健康	111	diabetes	/ˌdaɪəˈbiːtiːz/	n.	高频	糖尿病		People with diabetes need to monitor their blood sugar levels regularly.	糖尿病患者需要定期监测自己的血糖水平。		https://www.leonwang.cc/ielts-vocab/data-21.js?v=20260618-1
21	身心健康	112	obesity	/əʊˈbiːsəti/	n.	高频	（过度）肥胖；肥胖症		Childhood obesity has become a serious public health issue in many countries.	儿童肥胖已成为许多国家一个严重的公共卫生问题。	obese；obesity index	https://www.leonwang.cc/ielts-vocab/data-21.js?v=20260618-1
21	身心健康	113	overweight	/ˌəʊvəˈweɪt/	adj.	核心	超重的，过胖的 n. 超重 v. 使超重；过于重视		The doctor advised him to exercise more because he was slightly overweight.	医生建议他多运动，因为他略微超重了。	weigh, weight	https://www.leonwang.cc/ielts-vocab/data-21.js?v=20260618-1
21	身心健康	114	hypertension	/ˌhaɪpəˈtenʃən/	n.	低频	高血压		Hypertension is often called the silent killer because it has few symptoms.	高血压常被称为沉默的杀手，因为它几乎没有症状。		https://www.leonwang.cc/ielts-vocab/data-21.js?v=20260618-1
21	身心健康	115	paralyse	/ˈpærəlaɪz/	v.	高频	使麻痹；使瘫痪；使无助		Heavy snowfall paralysed the city's transport system for several days.	大雪使城市的交通系统瘫痪了好几天。	paralysis, paralysed	https://www.leonwang.cc/ielts-vocab/data-21.js?v=20260618-1
21	身心健康	116	dizzy	/ˈdɪzi/	adj.	核心	头晕目眩的，眩晕的 v. 使眩晕		Standing up too fast can sometimes make you feel dizzy.	站起来太快有时会让你感到头晕。		https://www.leonwang.cc/ielts-vocab/data-21.js?v=20260618-1
21	身心健康	117	insane	/ɪnˈseɪn/	adj.	高频	患精神病的；疯狂的	san = healthy	It would be insane to go hiking in the mountains during a storm.	在暴风雨中去山里徒步简直是疯了。	an insane asylum	https://www.leonwang.cc/ielts-vocab/data-21.js?v=20260618-1
21	身心健康	118	insomnia	/ɪnˈsɒmniə/	n.	高频	失眠，失眠症		Chronic stress and anxiety can often lead to severe insomnia.	长期的压力和焦虑常常会导致严重失眠。	Hypnos, Somnus, Thanatos	https://www.leonwang.cc/ielts-vocab/data-21.js?v=20260618-1
21	身心健康	119	allergy	/ˈælədʒi/	n.	高频	敏感症；过敏性		She has a severe allergy to peanuts and must check all food labels carefully.	她对花生严重过敏，必须仔细检查所有食品标签。		https://www.leonwang.cc/ielts-vocab/data-21.js?v=20260618-1
21	身心健康	120	heart attack	/hɑːt əˈtæk/	n.	核心	心脏病发作		Knowing the early signs of a heart attack can save someone's life.	了解心脏病发作的早期征兆可以挽救别人的生命。		https://www.leonwang.cc/ielts-vocab/data-21.js?v=20260618-1
21	身心健康	121	cancer	/ˈkænsə/	n.	核心	癌		Early detection greatly increases the chance of surviving cancer.	早期发现大大增加了癌症的存活几率。		https://www.leonwang.cc/ielts-vocab/data-21.js?v=20260618-1
21	身心健康	122	arthritis	/ɑːˈθraɪtɪs/	n.	低频	关节炎		Cold weather tends to make the pain from arthritis worse.	寒冷的天气往往会使关节炎的疼痛加剧。		https://www.leonwang.cc/ielts-vocab/data-21.js?v=20260618-1
21	身心健康	123	pimple	/ˈpɪmpəl/	n.	高频	粉刺，丘疹		Hormonal changes during adolescence can cause pimples to appear.	青春期的荷尔蒙变化会导致粉刺出现。	dimple, mole, freckle, wrinkle	https://www.leonwang.cc/ielts-vocab/data-21.js?v=20260618-1
21	身心健康	124	stroke	/strəʊk/	n.	高频	中风；击打；一笔（画）		High blood pressure significantly increases the risk of having a stroke.	高血压会显著增加中风的风险。		https://www.leonwang.cc/ielts-vocab/data-21.js?v=20260618-1
21	身心健康	125	plague	/pleɪɡ/	n.	低频	瘟疫		The plague caused a sharp decline in the population of Europe in the 14th century.	14世纪的瘟疫导致欧洲人口急剧下降。		https://www.leonwang.cc/ielts-vocab/data-21.js?v=20260618-1
21	身心健康	126	flu	/fluː/	n.	核心	流行性感冒		Millions of people get the seasonal flu shot every year to stay healthy.	每年有数百万人接种季节性流感疫苗以保持健康。	fluent, fluency；influenza 源自意大利语	https://www.leonwang.cc/ielts-vocab/data-21.js?v=20260618-1
21	身心健康	127	fever	/ˈfiːvə/	n.	核心	狂热；发烧，发热 v. （使）发烧；（使）狂热		She stayed home from work because she had a high fever and a headache.	她因为发高烧和头疼而待在家里没去上班。	catch a fever	https://www.leonwang.cc/ielts-vocab/data-21.js?v=20260618-1
21	身心健康	128	headache	/ˈhedeɪk/	n.	核心	头痛		Spending too much time in front of a screen can give you a headache.	花太多时间盯着屏幕会让你头痛。		https://www.leonwang.cc/ielts-vocab/data-21.js?v=20260618-1
21	身心健康	129	swell	/swel/	v.	高频	肿胀，膨胀；（使）增加		Her ankle began to swell shortly after she twisted it during the game.	她在比赛中扭伤脚踝后不久，脚踝就开始肿了。		https://www.leonwang.cc/ielts-vocab/data-21.js?v=20260618-1
21	身心健康	130	choke	/tʃəʊk/	v.	高频	（使）窒息；阻塞；说不出话		A piece of food got stuck in his throat and he started to choke.	一块食物卡在他的喉咙里，他开始窒息了。		https://www.leonwang.cc/ielts-vocab/data-21.js?v=20260618-1
21	身心健康	131	injure	/ˈɪndʒə/	v.	核心	伤害，使遭受损伤；损害		Several passengers were slightly injured in the bus accident.	在这起公交车事故中，有数名乘客受了轻伤。	injure sb.'s self-esteem	https://www.leonwang.cc/ielts-vocab/data-21.js?v=20260618-1
21	身心健康	132	injury	/ˈɪndʒəri/	n.	核心	伤害；损害		He missed the final match due to a serious knee injury.	由于严重的膝伤，他错过了决赛。		https://www.leonwang.cc/ielts-vocab/data-21.js?v=20260618-1
21	身心健康	133	hurt	/hɜːt/	v.	核心	损害；伤害；（使）疼痛		It really hurts when someone you trust betrays you.	当你信任的人背叛你时，真的很受伤。	hurt sb.'s reputation	https://www.leonwang.cc/ielts-vocab/data-21.js?v=20260618-1
21	身心健康	134	bleed	/bliːd/	v.	核心	流血；榨取；给......放血；放掉（水或气体）		Apply pressure to the wound to stop it from bleeding.	按压伤口以阻止其流血。	blood, cold-blooded	https://www.leonwang.cc/ielts-vocab/data-21.js?v=20260618-1
21	身心健康	135	bruise	/bruːz/	n.	高频	淤伤；伤痕 v. 擦伤		He had a dark bruise on his arm from the fall during football practice.	他在足球训练中摔了一跤，手臂上留下了一块深色的淤青。		https://www.leonwang.cc/ielts-vocab/data-21.js?v=20260618-1
21	身心健康	136	scar	/skɑː/	n.	高频	疤痕，伤疤		The surgery left a small scar, but it faded over time.	手术留下了一个小伤疤，但随着时间的推移慢慢变淡了。		https://www.leonwang.cc/ielts-vocab/data-21.js?v=20260618-1
21	身心健康	137	wound	/wuːnd/	n.	核心	创伤，伤害；伤口		The soldier's wound healed slowly but eventually he recovered fully.	那位士兵的伤口愈合得很慢，但最终完全康复了。		https://www.leonwang.cc/ielts-vocab/data-21.js?v=20260618-1
21	身心健康	138	trauma	/ˈtrɔːmə/	n.	低频	外伤，身体上的伤；精神创伤；痛苦经历		Many children who experienced the disaster are still dealing with the emotional trauma.	许多经历过那场灾难的儿童仍在应对心理创伤。	traumatic, psychotrauma	https://www.leonwang.cc/ielts-vocab/data-21.js?v=20260618-1
21	身心健康	139	lump	/lʌmp/	n.	高频	块；肿块 v. 使成块状		She found a small lump on her neck and decided to consult a doctor.	她在脖子上发现一个小肿块，决定去看医生。		https://www.leonwang.cc/ielts-vocab/data-21.js?v=20260618-1
21	身心健康	140	pain	/peɪn/	n.	核心	痛苦；疼痛 v. 使痛苦		The medication helped ease the sharp pain in his lower back.	药物帮助缓解了他腰部的剧痛。	painful	https://www.leonwang.cc/ielts-vocab/data-21.js?v=20260618-1
21	身心健康	141	death	/deθ/	n.	核心	死，死亡；毁灭		The sudden death of the leader left the community in shock.	领导人的突然离世让社区陷入了震惊。	deadly, dying	https://www.leonwang.cc/ielts-vocab/data-21.js?v=20260618-1
21	身心健康	142	mortal	/ˈmɔːtl/	adj.	低频	必死的；致命的 n. 凡人，人类		The myth tells the story of a mortal man who challenged the gods.	这个神话讲述了一个凡人挑战众神的故事。	immortal, mortality；a mortal wound, mortal combat	https://www.leonwang.cc/ielts-vocab/data-21.js?v=20260618-1
21	身心健康	143	demise	/dɪˈmaɪz/	n.	识记	死亡；君权的转移或授予，禅让 v. 遗赠；转让		The demise of the old political system paved the way for democratic reforms.	旧政治制度的消亡为民主改革铺平了道路。	deadliness	https://www.leonwang.cc/ielts-vocab/data-21.js?v=20260618-1
21	身心健康	144	doom	/duːm/	n.	高频	厄运；毁灭 v. 使注定失败（或死亡等）		Without proper funding, the project was doomed to fail from the start.	没有足够的资金，这个项目从一开始就注定会失败。	doom sth. to, meet one's doom；mood 反过来 → doom	https://www.leonwang.cc/ielts-vocab/data-21.js?v=20260618-1
21	身心健康	145	fatal	/ˈfeɪtl/	adj.	高频	致命的；毁灭性的；决定性的		The driver suffered fatal injuries in the high-speed crash.	在高速撞车事故中，司机受到了致命伤。		https://www.leonwang.cc/ielts-vocab/data-21.js?v=20260618-1
21	身心健康	146	lethal	/ˈliːθəl/	adj.	低频	致命的		Certain chemicals can be lethal to fish and other aquatic life.	某些化学物质对鱼类和其他水生生物可能是致命的。		https://www.leonwang.cc/ielts-vocab/data-21.js?v=20260618-1
21	身心健康	147	corpus	/ˈkɔːpəs/	n.	识记	尸体；文集；本金	corp = body	Linguists use a large corpus of texts to study how language is actually used.	语言学家使用大型语料库来研究语言的实际使用方式。		https://www.leonwang.cc/ielts-vocab/data-21.js?v=20260618-1
21	身心健康	148	overwork	/ˌəʊvəˈwɜːk/	n.	高频	过度操劳；过度工作 v. （使）过度工作		Many employees suffer from burnout because of chronic overwork.	许多员工由于长期过度工作而心力交瘁。		https://www.leonwang.cc/ielts-vocab/data-21.js?v=20260618-1
21	身心健康	149	tire	/ˈtaɪə/	v.	核心	（使）感到疲劳；厌烦		Long study sessions tire the brain, so short breaks are essential.	长时间学习会使大脑疲倦，所以短暂的休息十分必要。	tired	https://www.leonwang.cc/ielts-vocab/data-21.js?v=20260618-1
21	身心健康	150	exhaust	/ɪɡˈzɔːst/	v.	核心	使精疲力竭；用完，耗尽		The long journey exhausted all his energy, and he fell asleep immediately.	长途旅行耗尽了他所有的精力，他立刻就睡着了。	exhausted	https://www.leonwang.cc/ielts-vocab/data-21.js?v=20260618-1
21	身心健康	151	fatigue	/fəˈtiːɡ/	n.	高频	疲劳 v. （使）疲劳		Driver fatigue is a major cause of road accidents.	驾驶疲劳是道路交通事故的一个主要原因。		https://www.leonwang.cc/ielts-vocab/data-21.js?v=20260618-1
21	身心健康	152	faint	/feɪnt/	adj.	高频	模糊的；微弱的；虚弱的 v. 晕倒		There is still a faint hope that the missing hiker will be found alive.	失踪的徒步者仍然有一线希望被活着找到。		https://www.leonwang.cc/ielts-vocab/data-21.js?v=20260618-1
21	身心健康	153	feeble	/ˈfiːbəl/	adj.	低频	虚弱的，无力的；微弱的		His voice was so feeble that we could barely hear him at the back of the room.	他的声音非常微弱，我们在房间后面几乎听不到他说话。		https://www.leonwang.cc/ielts-vocab/data-21.js?v=20260618-1
21	身心健康	154	weary	/ˈwɪəri/	adj.	低频	疲倦的；厌烦的		She was weary of the endless meetings that seemed to have no purpose.	她厌倦了那些似乎毫无目的的没完没了的会议。	be weary of	https://www.leonwang.cc/ielts-vocab/data-21.js?v=20260618-1
21	身心健康	155	weaken	/ˈwiːkən/	v.	核心	减弱，削弱；变软弱		The constant criticism began to weaken her confidence and motivation.	持续不断的批评开始削弱她的信心和动力。	weak, weakly, weakness	https://www.leonwang.cc/ielts-vocab/data-21.js?v=20260618-1
21	身心健康	156	uncomfortable	/ʌnˈkʌmftəbəl/	adj.	核心	不舒服的；不自在的		These shoes are too tight and make my feet very uncomfortable.	这双鞋太紧了，让我的脚非常不舒服。	comfortable, comfort	https://www.leonwang.cc/ielts-vocab/data-21.js?v=20260618-1
21	身心健康	157	unconscious	/ʌnˈkɒnʃəs/	adj.	高频	失去知觉的；无意识的		The boxer was knocked unconscious for a few seconds after the heavy punch.	那位拳击手受到重击后昏迷了几秒钟。	conscious, consciousness, conscience	https://www.leonwang.cc/ielts-vocab/data-21.js?v=20260618-1
21	身心健康	158	chronic	/ˈkrɒnɪk/	adj.	高频	慢性的；长期的	chron = time	Chronic back pain forced him to change his lifestyle and work habits.	慢性背痛迫使他改变了生活方式和工作习惯。	a chronic disease	https://www.leonwang.cc/ielts-vocab/data-21.js?v=20260618-1
21	身心健康	159	acute	/əˈkjuːt/	adj.	高频	（疾病）急性的；敏锐的，深刻的		There is an acute shortage of clean water in the disaster-affected area.	受灾害影响的地区清洁水严重短缺。		https://www.leonwang.cc/ielts-vocab/data-21.js?v=20260618-1
21	身心健康	160	sore	/sɔː/	adj.	核心	疼痛的；恼火的；严重的		After the long hike, his legs were sore and he could barely walk.	长途徒步后，他的双腿酸痛，几乎走不动路。		https://www.leonwang.cc/ielts-vocab/data-21.js?v=20260618-1
21	身心健康	161	sorrow	/ˈsɒrəʊ/	n.	高频	悲伤，悲痛		She poured out her sorrow in a long letter to her best friend.	她在一封给最好朋友的长信中倾诉了自己的悲伤。		https://www.leonwang.cc/ielts-vocab/data-21.js?v=20260618-1
21	身心健康	162	suffering	/ˈsʌfərɪŋ/	n.	核心	苦难，折磨		The charity works to reduce the suffering of people affected by famine.	该慈善机构致力于减轻受饥荒影响的人们的苦难。		https://www.leonwang.cc/ielts-vocab/data-21.js?v=20260618-1
21	身心健康	163	lament	/ləˈment/	n.	低频	悲伤，哀悼 v. 哀悼；对......感到悔恨		Many poets have lamented the loss of natural beauty in their works.	许多诗人在作品中哀叹自然美的丧失。		https://www.leonwang.cc/ielts-vocab/data-21.js?v=20260618-1
21	身心健康	164	fitness	/ˈfɪtnəs/	n.	核心	健康；适合		Regular running and a balanced diet are essential for maintaining good fitness.	经常跑步和均衡饮食对于保持良好的健康至关重要。	fit；a fitness centre	https://www.leonwang.cc/ielts-vocab/data-21.js?v=20260618-1
21	身心健康	165	hospital	/ˈhɒspɪtl/	n.	核心	医院		The new hospital will provide better medical services for the local residents.	新医院将为当地居民提供更好的医疗服务。	host, hospital, hostel, hotel, hospitality	https://www.leonwang.cc/ielts-vocab/data-21.js?v=20260618-1
21	身心健康	166	therapy	/ˈθerəpi/	n.	核心	治疗		She goes to physical therapy twice a week to recover from the knee surgery.	她每周进行两次物理治疗，以便从膝关节手术中恢复。	therapist	https://www.leonwang.cc/ielts-vocab/data-21.js?v=20260618-1
21	身心健康	167	health care	/helθ keə/	n.	核心	医疗保健		Access to affordable health care is a basic human right in many countries.	在许多国家，获得负担得起的医疗保健是一项基本人权。		https://www.leonwang.cc/ielts-vocab/data-21.js?v=20260618-1
21	身心健康	168	sanitary	/ˈsænətəri/	adj.	高频	卫生的；清洁的		Poor sanitary conditions can lead to the rapid spread of diseases.	恶劣的卫生条件会导致疾病的迅速传播。		https://www.leonwang.cc/ielts-vocab/data-21.js?v=20260618-1
21	身心健康	169	medical	/ˈmedɪkəl/	adj.	核心	医学的，医疗的		The medical team worked around the clock to treat the injured patients.	医疗小组夜以继日地救治受伤的病人。		https://www.leonwang.cc/ielts-vocab/data-21.js?v=20260618-1
21	身心健康	170	curative	/ˈkjʊərətɪv/	adj.	低频	治疗的 n. 药品		Some traditional herbs are believed to have strong curative properties.	一些传统草药被认为具有很好的治疗功效。		https://www.leonwang.cc/ielts-vocab/data-21.js?v=20260618-1
21	身心健康	171	hygiene	/ˈhaɪdʒiːn/	n.	高频	卫生（学）；保健（学）		Good hand hygiene is one of the simplest ways to prevent infection.	保持良好的手部卫生是预防感染最简单的方法之一。	Hygieia	https://www.leonwang.cc/ielts-vocab/data-21.js?v=20260618-1
21	身心健康	172	clinic	/ˈklɪnɪk/	n.	核心	诊所；门诊部		The dental clinic opens at 8 a.m. on weekdays for routine check-ups.	牙科诊所工作日早上八点开门，提供常规检查。	clinical；a school clinic	https://www.leonwang.cc/ielts-vocab/data-21.js?v=20260618-1
21	身心健康	173	physician	/fɪˈzɪʃən/	n.	高频	内科医生		The physician carefully examined the patient's symptoms before making a diagnosis.	内科医生在下诊断之前仔细检查了病人的症状。		https://www.leonwang.cc/ielts-vocab/data-21.js?v=20260618-1
21	身心健康	174	surgeon	/ˈsɜːdʒən/	n.	高频	外科医生		The heart surgeon completed the complex operation in just under six hours.	这位心脏外科医生用了不到六个小时就完成了那台复杂的手术。	surgery	https://www.leonwang.cc/ielts-vocab/data-21.js?v=20260618-1
21	身心健康	175	operation	/ˌɒpəˈreɪʃən/	n.	核心	手术；操作；运转，经营		The rescue operation involved helicopters, boats, and dozens of volunteers.	这场救援行动出动了直升机、船只和数十名志愿者。	operator；perform an operation	https://www.leonwang.cc/ielts-vocab/data-21.js?v=20260618-1
21	身心健康	176	cure	/kjʊə/	v.	核心	治好，治愈 n. 疗法；治疗		Scientists are still trying to find a cure for the common cold.	科学家们仍在试图找到治疗普通感冒的方法。		https://www.leonwang.cc/ielts-vocab/data-21.js?v=20260618-1
21	身心健康	177	heal	/hiːl/	v.	核心	治愈；愈合		Time can heal emotional wounds, but support from loved ones helps a lot.	时间可以治愈情感创伤，但来自亲人的支持也有很大帮助。	heal-all	https://www.leonwang.cc/ielts-vocab/data-21.js?v=20260618-1
21	身心健康	178	treatment	/ˈtriːtmənt/	n.	核心	治疗，疗法；待遇		The new treatment has shown promising results in clinical trials.	这种新疗法在临床试验中显示出了很好的效果。	treat	https://www.leonwang.cc/ielts-vocab/data-21.js?v=20260618-1
21	身心健康	179	check	/tʃek/	v.	核心	检查，核对 n. [美] 账单		Remember to check your passport expiry date before booking a flight.	预订航班之前记得检查一下护照的有效期。		https://www.leonwang.cc/ielts-vocab/data-21.js?v=20260618-1
21	身心健康	180	prescription	/prɪˈskrɪpʃən/	n.	高频	处方，药方；秘诀		This medicine is only available with a prescription from your doctor.	这种药只有凭医生处方才能买到。	prescribe；prescription drug, over-the-counter (OTC)	https://www.leonwang.cc/ielts-vocab/data-21.js?v=20260618-1
21	身心健康	181	transplant	/trænsˈplɑːnt/	v.	低频	移植		The doctors successfully transplanted a kidney from the donor to the patient.	医生们成功地将捐赠者的肾脏移植到了病人体内。		https://www.leonwang.cc/ielts-vocab/data-21.js?v=20260618-1
21	身心健康	182	X-ray	/ˈeks reɪ/	n.	高频	X 射线；用 X 射线进行的临床检查 v. 用 X 射线检查		The doctor took an X-ray of his chest to check for any signs of infection.	医生给他的胸部拍了X光片，检查是否有任何感染的迹象。		https://www.leonwang.cc/ielts-vocab/data-21.js?v=20260618-1
21	身心健康	183	injection	/ɪnˈdʒekʃən/	n.	高频	注射；注射物；单射（函数）		The nurse prepared the injection carefully before giving it to the child.	护士在给小孩注射之前仔细地准备好了注射剂。	inject；give sb. an injection	https://www.leonwang.cc/ielts-vocab/data-21.js?v=20260618-1
21	身心健康	184	precaution	/prɪˈkɔːʃən/	n.	高频	预防，警惕；预防措施		As a precaution, the school was closed when the storm warning was issued.	作为预防措施，暴风雨警报发布后学校就关闭了。		https://www.leonwang.cc/ielts-vocab/data-21.js?v=20260618-1
21	身心健康	185	vaccinate	/ˈvæksɪneɪt/	v.	高频	给......接种疫苗，预防接种		Many health experts encourage parents to vaccinate their children against measles.	许多健康专家鼓励父母给孩子接种麻疹疫苗。		https://www.leonwang.cc/ielts-vocab/data-21.js?v=20260618-1
21	身心健康	186	quarantine	/ˈkwɒrəntiːn/	v.	低频	对......进行隔离检疫 n. 检疫；隔离检疫期		The passengers were put in quarantine for fourteen days to prevent the spread of the disease.	为了防止疾病传播，乘客们被隔离检疫了十四天。		https://www.leonwang.cc/ielts-vocab/data-21.js?v=20260618-1
21	身心健康	187	segregate	/ˈseɡrɪɡeɪt/	v.	低频	隔离		The hospital decided to segregate patients with the virus from the general wards.	医院决定将感染该病毒的患者与普通病房隔离开来。	separate	https://www.leonwang.cc/ielts-vocab/data-21.js?v=20260618-1
21	身心健康	188	isolate	/ˈaɪsəleɪt/	v.	核心	使隔离，使孤立，使脱离		The remote village was isolated from the rest of the country during the heavy snow.	大雪期间，那个偏远村庄与该国的其他地方隔绝了。	insula = island	https://www.leonwang.cc/ielts-vocab/data-21.js?v=20260618-1
21	身心健康	189	pharmacy	/ˈfɑːməsi/	n.	高频	药店；药剂学		You can buy painkillers at any local pharmacy without a prescription.	你可以在任何当地的药店无需处方购买止痛药。	pharmacist, pharmaceutical	https://www.leonwang.cc/ielts-vocab/data-21.js?v=20260618-1
21	身心健康	190	medicine	/ˈmedɪsən/	n.	核心	药；医学		Traditional Chinese medicine has a history of thousands of years.	传统中医有几千年的历史。	medicinal	https://www.leonwang.cc/ielts-vocab/data-21.js?v=20260618-1
21	身心健康	191	remedy	/ˈremədi/	n.	高频	药物，治疗法；解决方法		The government is trying to find a remedy for the rising unemployment rate.	政府正试图为不断上升的失业率找到解决办法。		https://www.leonwang.cc/ielts-vocab/data-21.js?v=20260618-1
21	身心健康	192	drug	/drʌɡ/	n.	核心	毒品；药		The new drug has been proven to dramatically lower blood pressure.	这种新药已被证明能大幅降低血压。		https://www.leonwang.cc/ielts-vocab/data-21.js?v=20260618-1
21	身心健康	193	pill	/pɪl/	n.	核心	药丸，丸剂		She takes a vitamin pill every morning with her breakfast.	她每天早餐时服用一粒维生素丸。		https://www.leonwang.cc/ielts-vocab/data-21.js?v=20260618-1
21	身心健康	194	antibiotic	/ˌæntibaɪˈɒtɪk/	n.	高频	抗生素		You should finish the full course of antibiotics even if you start to feel better.	即使开始感觉好转，你也应该服完整个疗程的抗生素。		https://www.leonwang.cc/ielts-vocab/data-21.js?v=20260618-1
21	身心健康	195	acupuncture	/ˈækjʊpʌŋktʃə/	n.	低频	针灸，中医针灸疗法		Many people use acupuncture as a complementary treatment for chronic pain.	许多人用针灸作为治疗慢性疼痛的辅助疗法。	puncture	https://www.leonwang.cc/ielts-vocab/data-21.js?v=20260618-1
21	身心健康	196	penicillin	/ˌpenɪˈsɪlɪn/	n.	低频	青霉素		The discovery of penicillin revolutionised the treatment of bacterial infections.	青霉素的发现彻底改变了细菌感染的治疗方法。		https://www.leonwang.cc/ielts-vocab/data-21.js?v=20260618-1
21	身心健康	197	morphine	/ˈmɔːfiːn/	n.	识记	吗啡		Morphine is sometimes used in hospitals to relieve severe pain after surgery.	医院有时使用吗啡来缓解手术后的剧痛。	Morpheus	https://www.leonwang.cc/ielts-vocab/data-21.js?v=20260618-1
21	身心健康	198	dose	/dəʊs/	n.	高频	（药物的）一剂 v. 给......服药		The usual dose for adults is one tablet twice a day after meals.	成人通常的剂量是一天两次，每次一片，饭后服用。		https://www.leonwang.cc/ielts-vocab/data-21.js?v=20260618-1
21	身心健康	199	recovery	/rɪˈkʌvəri/	n.	核心	恢复，痊愈		The doctor said her recovery was remarkable and she could leave the hospital soon.	医生说她恢复得很好，很快就可以出院了。	recover	https://www.leonwang.cc/ielts-vocab/data-21.js?v=20260618-1
21	身心健康	200	refresh	/rɪˈfreʃ/	v.	高频	使恢复精神		A short walk outdoors can help refresh your mind after hours of studying.	学习数小时后，到户外走一小段路有助于恢复精神。	refreshing；refresh sb.'s memory	https://www.leonwang.cc/ielts-vocab/data-21.js?v=20260618-1
21	身心健康	201	relief	/rɪˈliːf/	n.	核心	宽慰，轻松；减轻，缓解		To my great relief, the final exam turned out to be much easier than I expected.	令我大为宽慰的是，期末考试比我预想的容易得多。		https://www.leonwang.cc/ielts-vocab/data-21.js?v=20260618-1
21	身心健康	202	relieve	/rɪˈliːv/	v.	核心	救济；减轻，解除（痛苦、不快等）		This medicine should relieve the pain within half an hour.	这种药应该能在半小时内缓解疼痛。		https://www.leonwang.cc/ielts-vocab/data-21.js?v=20260618-1
21	身心健康	203	alleviate	/əˈliːvieɪt/	v.	高频	减轻（痛苦等），缓解		The new traffic system was designed to alleviate congestion in the city centre.	新的交通系统旨在缓解市中心的拥堵。		https://www.leonwang.cc/ielts-vocab/data-21.js?v=20260618-1
21	身心健康	204	resume	/rɪˈzjuːm/	v.	高频	重新开始，（中断后）继续		We will resume the meeting after a short coffee break.	短暂的咖啡休息之后，我们将继续开会。		https://www.leonwang.cc/ielts-vocab/data-21.js?v=20260618-1
21	身心健康	205	ease	/iːz/	v.	核心	减轻，放松，缓和 n. 容易；悠闲		He passed the difficult exam with ease, surprising his classmates.	他轻松地通过了那场很难的考试，令同学感到惊讶。	easy, easily	https://www.leonwang.cc/ielts-vocab/data-21.js?v=20260618-1
21	身心健康	206	relax	/rɪˈlæks/	v.	核心	放松		Listening to music is a wonderful way to relax after a stressful day.	压力大的一天结束后，听音乐是一种极好的放松方式。		https://www.leonwang.cc/ielts-vocab/data-21.js?v=20260618-1
21	身心健康	207	normal	/ˈnɔːməl/	adj.	核心	正常的；正规的，规范的		It is normal to feel nervous before giving a speech in front of a large audience.	在众多听众面前演讲前感到紧张是正常的。	normally, abnormal	https://www.leonwang.cc/ielts-vocab/data-21.js?v=20260618-1
21	身心健康	208	common	/ˈkɒmən/	adj.	核心	共同的；普通的，平常的		Cold and flu are common illnesses during the winter months.	感冒和流感是冬季常见的疾病。	commonly, uncommon	https://www.leonwang.cc/ielts-vocab/data-21.js?v=20260618-1
21	身心健康	209	usual	/ˈjuːʒuəl/	adj.	核心	通常的，惯常的		He left for work at his usual time even though he was not feeling well.	尽管身体不舒服，他还是按往常的时间去上班了。	usually, unusual	https://www.leonwang.cc/ielts-vocab/data-21.js?v=20260618-1
21	身心健康	210	optimistic	/ˌɒptɪˈmɪstɪk/	adj.	核心	乐观的，乐观主义的		Despite the difficulties, the manager remained optimistic about the company's future.	尽管困难重重，经理对公司的未来仍然保持乐观。	optimism, optimist	https://www.leonwang.cc/ielts-vocab/data-21.js?v=20260618-1
21	身心健康	211	pessimistic	/ˌpesɪˈmɪstɪk/	adj.	核心	悲观的，悲观主义的		He is pessimistic about the outcome of the current negotiations.	他对当前谈判的结果持悲观态度。		https://www.leonwang.cc/ielts-vocab/data-21.js?v=20260618-1
21	身心健康	212	positive	/ˈpɒzətɪv/	adj.	核心	肯定的；积极的；绝对的		Having a positive attitude can make a big difference when facing challenges.	面对挑战时，积极的态度能产生很大的不同。	have a positive impact/influence/effect on	https://www.leonwang.cc/ielts-vocab/data-21.js?v=20260618-1
21	身心健康	213	negative	/ˈneɡətɪv/	adj.	核心	怀疑的；消极的		A negative attitude towards learning will only hinder your progress.	对学习的消极态度只会阻碍你的进步。	搭配：have a negative impact on (对……有消极影响)；反义词：positive	https://www.leonwang.cc/ielts-vocab/data-21.js?v=20260618-1
21	身心健康	214	passive	/ˈpæsɪv/	adj.	核心	被动的，消极的		Instead of being passive, you should take the initiative in solving problems.	你应该主动解决问题，而不是被动等待。	搭配：passive smoking (被动吸烟，吸二手烟)	https://www.leonwang.cc/ielts-vocab/data-21.js?v=20260618-1
21	身心健康	215	enthusiastic	/ɪnˌθjuːziˈæstɪk/	adj.	核心	热心的，热情的		She was so enthusiastic about the project that she worked overtime every day.	她对项目充满热情，每天都加班工作。	派生词：enthusiasm (n. 热情)	https://www.leonwang.cc/ielts-vocab/data-21.js?v=20260618-1
21	身心健康	216	indifferent	/ɪnˈdɪfərənt/	adj.	高频	漠不关心的；无关紧要的；平庸的；中立的		How can you be indifferent to the suffering of homeless animals?	你怎么能对无家可归动物的痛苦漠不关心呢？	搭配：remain indifferent (保持中立)；名词：indifference	https://www.leonwang.cc/ielts-vocab/data-21.js?v=20260618-1
21	身心健康	217	apathetic	/ˌæpəˈθɛtɪk/	adj.	低频	无动于衷的，漠不关心的		The apathetic response from the government frustrated the protesters.	政府无动于衷的反应让抗议者感到沮丧。	名词：apathy (冷漠)	https://www.leonwang.cc/ielts-vocab/data-21.js?v=20260618-1
21	身心健康	218	negligible	/ˈneɡlɪdʒəbl/	adj.	高频	可以忽略的，微不足道的		The difference between the two test results was negligible.	两次测试结果之间的差异可以忽略不计。	同义词：trivial, insignificant	https://www.leonwang.cc/ielts-vocab/data-21.js?v=20260618-1
21	身心健康	219	happiness	/ˈhæpinəs/	n.	核心	幸福，快乐；适当		True happiness comes from meaningful relationships, not material possessions.	真正的幸福来自有意义的人际关系，而非物质财富。	形容词：happy	https://www.leonwang.cc/ielts-vocab/data-21.js?v=20260618-1
21	身心健康	220	delight	/dɪˈlaɪt/	v.	核心	（使）高兴；爱好 n. 乐趣		The children delighted in playing games together during the holiday.	孩子们在假期里一起玩游戏，非常开心。	搭配：delight in (以……为乐)；形容词：delightful	https://www.leonwang.cc/ielts-vocab/data-21.js?v=20260618-1
21	身心健康	221	merry	/ˈmeri/	adj.	高频	愉快的，欢乐的；微醉的		We spent a merry evening singing songs around the campfire.	我们在篝火旁唱歌，度过了一个愉快的夜晚。	习语：Merry Christmas!；名词：merriment	https://www.leonwang.cc/ielts-vocab/data-21.js?v=20260618-1
21	身心健康	222	fun	/fʌn/	n.	核心	乐趣；玩笑 adj. 有趣的		Learning a new language can be great fun if you use creative methods.	如果你使用创造性的方法，学习一门新语言可以非常有趣。	形容词：funny (滑稽的)	https://www.leonwang.cc/ielts-vocab/data-21.js?v=20260618-1
21	身心健康	223	joke	/dʒəʊk/	n.	核心	笑话；玩笑 v. 说笑话；开玩笑		He told a hilarious joke that made everyone in the room burst out laughing.	他讲了一个搞笑的笑话，让房间里的每个人都大笑起来。	搭配：play a joke on sb. (开某人玩笑)	https://www.leonwang.cc/ielts-vocab/data-21.js?v=20260618-1
21	身心健康	224	laughter	/ˈlɑːftə/	n.	核心	笑，笑声		The sound of children's laughter filled the playground on a sunny afternoon.	在一个阳光明媚的下午，孩子们的笑声充满了操场。	动词：laugh	https://www.leonwang.cc/ielts-vocab/data-21.js?v=20260618-1
21	身心健康	225	joy	/dʒɔɪ/	n.	核心	欢乐，喜悦；乐趣		Watching the sunrise from the mountain top brought us pure joy.	在山顶看日出带给我们纯粹的喜悦。	形容词：joyful, joyous	https://www.leonwang.cc/ielts-vocab/data-21.js?v=20260618-1
21	身心健康	226	please	/pliːz/	v.	核心	使高兴，取悦 adv. 请		It's impossible to please everyone, so just be true to yourself.	不可能让每个人都满意，所以只要做真实的自己。	反义词：displease；形容词：pleased, pleasant	https://www.leonwang.cc/ielts-vocab/data-21.js?v=20260618-1
21	身心健康	227	rejoice	/rɪˈdʒɔɪs/	v.	高频	（使）高兴，（使）欢喜		The whole nation rejoiced when the team won the championship.	当这支队伍赢得冠军时，整个国家都欢欣鼓舞。	常用搭配：rejoice at/over sth.	https://www.leonwang.cc/ielts-vocab/data-21.js?v=20260618-1
21	身心健康	228	thrill	/θrɪl/	n.	高频	激动 v.（使）激动；感到紧张		The thrill of bungee jumping attracted many adventure seekers.	蹦极的刺激感吸引了许多寻求冒险的人。	形容词：thrilling	https://www.leonwang.cc/ielts-vocab/data-21.js?v=20260618-1
21	身心健康	229	cheer	/tʃɪə/	v.	核心	使振作；（向……）欢呼		The crowd cheered loudly when the marathon runner crossed the finish line.	当马拉松选手冲过终点线时，人群大声欢呼。	搭配：cheer up (使振奋起来)；名词：cheerleader	https://www.leonwang.cc/ielts-vocab/data-21.js?v=20260618-1
21	身心健康	230	pleasure	/ˈpleʒə/	n.	核心	愉快，高兴；荣幸（用于回答对方的感谢）		It was a great pleasure meeting you at the conference last week.	上周在会议上见到你非常荣幸。	形容词：pleasant, pleased	https://www.leonwang.cc/ielts-vocab/data-21.js?v=20260618-1
21	身心健康	231	agreeable	/ə'ɡriːəbl/	adj.	高频	使人愉快的；（欣然）同意的		She has an agreeable personality that makes everyone feel comfortable.	她随和的个性让每个人都感到舒服。	动词：agree；反义词：disagreeable	https://www.leonwang.cc/ielts-vocab/data-21.js?v=20260618-1
21	身心健康	232	exhilarate	/ɪɡˈzɪləreɪt/	v.	低频	使高兴，使兴奋		The breathtaking view from the mountain top exhilarated all the climbers.	山顶上令人惊叹的景色让所有登山者兴奋不已。	形容词：exhilarating, exhilarated	https://www.leonwang.cc/ielts-vocab/data-21.js?v=20260618-1
21	身心健康	233	satisfactory	/ˌsætɪsˈfæktəri/	adj.	核心	令人满意的		The quality of your work has been satisfactory this semester.	你这学期的工作质量令人满意。	动词：satisfy；名词：satisfaction；反义词：unsatisfactory	https://www.leonwang.cc/ielts-vocab/data-21.js?v=20260618-1
21	身心健康	234	desirable	/dɪˈzaɪərəbl/	adj.	核心	可取的，值得拥有的，合意的		It is desirable to have some work experience before applying for this job.	申请这份工作之前有一些工作经验是可取的。	动词：desire；反义词：undesirable	https://www.leonwang.cc/ielts-vocab/data-21.js?v=20260618-1
21	身心健康	235	exciting	/ɪkˈsaɪtɪŋ/	adj.	核心	令人兴奋的，使人激动的		The final match of the tournament was incredibly exciting.	锦标赛的决赛令人难以置信地激动人心。	动词：excite；名词：excitement	https://www.leonwang.cc/ielts-vocab/data-21.js?v=20260618-1
21	身心健康	236	keen	/kiːn/	adj.	核心	强烈的；敏锐的；渴望的；[尤英]有强烈兴趣的		She is keen to learn new skills that will help her career development.	她渴望学习有助于职业发展的新技能。	搭配：be keen on (对……感兴趣)	https://www.leonwang.cc/ielts-vocab/data-21.js?v=20260618-1
21	身心健康	237	zeal	/ziːl/	n.	高频	热心，热情，热忱		He worked with great zeal to complete the project ahead of schedule.	他以极大的热情工作，提前完成了项目。	形容词：zealous (热心的)	https://www.leonwang.cc/ielts-vocab/data-21.js?v=20260618-1
21	身心健康	238	lively	/ˈlaɪvli/	adj.	核心	活泼的；活跃的；栩栩如生的		The market was lively with vendors shouting and customers bargaining.	市场里小贩的叫卖声和顾客的讨价还价声充满了活力。	同义词：energetic, vivacious	https://www.leonwang.cc/ielts-vocab/data-21.js?v=20260618-1
21	身心健康	239	lovely	/ˈlʌvli/	adj.	核心	可爱的；令人愉快的		We had a lovely time walking along the beach at sunset.	日落时分在海滩散步，我们度过了一段愉快的时光。	同义词：beautiful, delightful	https://www.leonwang.cc/ielts-vocab/data-21.js?v=20260618-1
21	身心健康	240	fond	/fɒnd/	adj.	核心	喜爱的；溺爱的		I am very fond of my grandmother who always tells me interesting stories.	我非常喜欢我的祖母，她总是给我讲有趣的故事。	搭配：be fond of (喜欢)	https://www.leonwang.cc/ielts-vocab/data-21.js?v=20260618-1
21	身心健康	241	favour	/ˈfeɪvə/	n.	核心	偏爱；赞同；恩惠，帮助		Could you do me a favour and lend me your notes from yesterday's class?	你能帮我个忙，把你昨天的课堂笔记借给我吗？	美式拼写：favor；形容词：favourable (赞成的；有利的)	https://www.leonwang.cc/ielts-vocab/data-21.js?v=20260618-1
21	身心健康	242	surprising	/səˈpraɪzɪŋ/	adj.	核心	令人惊讶的，出人意料		It is surprising how quickly children can learn a new language.	孩子们学一门新语言的速度之快令人惊讶。	动词：surprise；副词：surprisingly	https://www.leonwang.cc/ielts-vocab/data-21.js?v=20260618-1
21	身心健康	243	startle	/ˈstɑːtl/	v.	高频	使大吃一惊 n. 吃惊		The sudden loud noise startled everyone in the library.	突然的巨响吓了图书馆里的每个人一跳。	形容词：startled (受惊的), startling (惊人的)	https://www.leonwang.cc/ielts-vocab/data-21.js?v=20260618-1
21	身心健康	244	amazing	/əˈmeɪzɪŋ/	adj.	核心	令人惊叹的，惊人的		The magician's performance was truly amazing; nobody could figure out his tricks.	魔术师的表演真是令人惊叹，没人能看穿他的把戏。	动词：amaze；名词：amazement	https://www.leonwang.cc/ielts-vocab/data-21.js?v=20260618-1
21	身心健康	245	astound	/əˈstaʊnd/	v.	低频	使大吃一惊，使惊骇		The news that he had won the lottery astounded his entire family.	他中彩票的消息让全家人大吃一惊。	形容词：astounding, astounded	https://www.leonwang.cc/ielts-vocab/data-21.js?v=20260618-1
21	身心健康	246	hectic	/ˈhektɪk/	adj.	高频	兴奋活跃的，忙乱的，繁忙的		The week before the final exams is always hectic for students.	期末考试前的一周对学生来说总是非常忙碌。	同义词：frantic, chaotic	https://www.leonwang.cc/ielts-vocab/data-21.js?v=20260618-1
21	身心健康	247	liberal	/ˈlɪbərəl/	adj.	高频	慷慨的，大方的；自由主义的	liber (自由的)	She has a liberal attitude towards different cultures and lifestyles.	她对不同的文化和生活方式持开明的态度。	搭配：liberal arts (文科)；动词：liberate (解放)	https://www.leonwang.cc/ielts-vocab/data-21.js?v=20260618-1
21	身心健康	248	generous	/ˈdʒenərəs/	adj.	核心	慷慨的；宽厚的		He was generous enough to donate a large sum to the local charity.	他非常慷慨，向当地慈善机构捐赠了一大笔钱。	名词：generosity；反义词：stingy	https://www.leonwang.cc/ielts-vocab/data-21.js?v=20260618-1
21	身心健康	249	gentle	/ˈdʒentl/	adj.	核心	温和的；柔和的；文雅的；出身名门的		The mother spoke to her child in a gentle voice to calm him down.	母亲用温柔的声音对孩子说话，让他平静下来。	名词：gentleman (绅士)；副词：gently	https://www.leonwang.cc/ielts-vocab/data-21.js?v=20260618-1
21	身心健康	250	mysterious	/mɪˈstɪəriəs/	adj.	核心	神秘的；不可思议的		There is something mysterious about the old house at the end of the street.	街道尽头的老房子有些神秘。	名词：mystery (神秘)	https://www.leonwang.cc/ielts-vocab/data-21.js?v=20260618-1
21	身心健康	251	curious	/ˈkjʊəriəs/	adj.	核心	好奇的，好求知的		The little boy is curious about how airplanes can fly in the sky.	小男孩对飞机如何能在天空飞翔感到好奇。	名词：curiosity (好奇心)	https://www.leonwang.cc/ielts-vocab/data-21.js?v=20260618-1
21	身心健康	252	humble	/ˈhʌmbəl/	adj.	核心	谦虚的；卑微的	hum (土地)	Despite his great success, the scientist remains humble and approachable.	尽管取得了巨大成功，这位科学家仍然谦虚而平易近人。	反义词：arrogant；动词：humble (使谦卑)	https://www.leonwang.cc/ielts-vocab/data-21.js?v=20260618-1
21	身心健康	253	modest	/ˈmɒdɪst/	adj.	核心	谦虚的，谦逊的		She won the award but was too modest to talk about her achievements.	她获得了奖项，但过于谦虚，不愿谈论自己的成就。	名词：modesty；反义词：immodest	https://www.leonwang.cc/ielts-vocab/data-21.js?v=20260618-1
21	身心健康	254	humorous	/ˈhjuːmərəs/	adj.	核心	富于幽默感的，诙谐的		His humorous speech kept the audience laughing throughout the entire event.	他幽默的演讲让观众在整个活动中笑声不断。	名词：humour (幽默)	https://www.leonwang.cc/ielts-vocab/data-21.js?v=20260618-1
21	身心健康	255	polite	/pəˈlaɪt/	adj.	核心	有礼貌的；客气的		It is polite to say 'thank you' when someone holds the door for you.	当有人为你扶门时说'谢谢'是有礼貌的表现。	反义词：impolite (粗鲁的)；名词：politeness	https://www.leonwang.cc/ielts-vocab/data-21.js?v=20260618-1
21	身心健康	256	frank	/fræŋk/	adj.	高频	坦白的，直率的		He gave a frank opinion about the company's financial problems.	他对公司的财务问题给出了坦率的意见。	副词：frankly；同义词：candid	https://www.leonwang.cc/ielts-vocab/data-21.js?v=20260618-1
21	身心健康	257	daring	/ˈdeərɪŋ/	adj.	高频	勇敢的，大胆的		The daring rescue of the climbers was praised by the whole community.	对登山者的大胆营救受到了整个社区的赞扬。	动词：dare (敢于)	https://www.leonwang.cc/ielts-vocab/data-21.js?v=20260618-1
21	身心健康	258	manly	/ˈmænli/	adj.	低频	有男子气概的；果断的		He thinks that showing emotions is not considered manly behavior.	他认为表露情感不被视为有男子气概的行为。	反义词：unmanly；对应词：womanly	https://www.leonwang.cc/ielts-vocab/data-21.js?v=20260618-1
21	身心健康	259	direct	/dɪˈrekt/	adj.	核心	直接的；直率的		She asked a direct question that made the politician uncomfortable.	她问了一个直接的问题，让那位政客感到不舒服。	副词：directly；名词：direction	https://www.leonwang.cc/ielts-vocab/data-21.js?v=20260618-1
21	身心健康	260	earnest	/ˈɜːnɪst/	adj.	高频	认真的，诚恳的		The student made an earnest effort to improve his grades this semester.	这学期这位学生认真努力地提高他的成绩。	副词：earnestly	https://www.leonwang.cc/ielts-vocab/data-21.js?v=20260618-1
21	身心健康	261	honesty	/ˈɒnɪsti/	n.	核心	诚实，正直		Honesty is the foundation of any healthy relationship.	诚实是任何健康关系的基础。	形容词：honest；搭配：in all honesty (说实话)	https://www.leonwang.cc/ielts-vocab/data-21.js?v=20260618-1
21	身心健康	262	proud	/praʊd/	adj.	核心	骄傲的，自豪的；令人自豪的		Her parents were proud of her when she graduated from medical school.	当她从医学院毕业时，她的父母为她感到骄傲。	搭配：be proud of；名词：pride	https://www.leonwang.cc/ielts-vocab/data-21.js?v=20260618-1
21	身心健康	263	rational	/ˈreɪʃənəl/	adj.	核心	理性的；合理的		Making a rational decision requires gathering all the relevant information first.	做出理性的决定需要首先收集所有相关信息。	名词：rationality；反义词：irrational	https://www.leonwang.cc/ielts-vocab/data-21.js?v=20260618-1
21	身心健康	264	seriously	/ˈsɪəriəsli/	adv.	核心	严肃地；认真地；严重地		The doctor seriously warned him to quit smoking for his health.	医生严肃地警告他为了健康应该戒烟。	形容词：serious	https://www.leonwang.cc/ielts-vocab/data-21.js?v=20260618-1
21	身心健康	265	stern	/stɜːn/	adj.	高频	严厉的；坚定的		The teacher gave the students a stern look when they misbehaved in class.	当学生们在课堂上表现不佳时，老师给了他们一个严厉的眼神。	副词：sternly；名词：sternness	https://www.leonwang.cc/ielts-vocab/data-21.js?v=20260618-1
21	身心健康	266	friendly	/ˈfriːndli/	adj.	核心	友好的，友善的		The new neighbors are very friendly and invited us to dinner.	新邻居非常友好，邀请我们去吃晚饭。	名词：friendliness	https://www.leonwang.cc/ielts-vocab/data-21.js?v=20260618-1
21	身心健康	267	hospitable	/ˈhɒspɪtəbl/	adj.	高频	好客的；热情友好的		The locals were extremely hospitable, offering us food and shelter.	当地人非常好客，为我们提供食物和住处。	名词：hospitality (好客)；注意：文档原文为hospital，实际应为hospitable	https://www.leonwang.cc/ielts-vocab/data-21.js?v=20260618-1
21	身心健康	268	romantic	/ˌrɒmənˈtɑːk/	adj.	核心	浪漫的；充满传奇色彩的		They had a romantic dinner by the candlelight in a quiet restaurant.	他们在一家安静的餐厅里，在烛光下共进浪漫晚餐。	名词：romance；词源：源自 Roman	https://www.leonwang.cc/ielts-vocab/data-21.js?v=20260618-1
21	身心健康	269	freedom	/ˈfriːdəm/	n.	核心	自由，独立自主		Freedom of speech is a fundamental right in many democratic societies.	言论自由是许多民主社会的一项基本权利。	形容词：free	https://www.leonwang.cc/ielts-vocab/data-21.js?v=20260618-1
21	身心健康	270	careful	/ˈkɛrfl/	adj.	核心	仔细的，细致的；小心的，谨慎的		You need to be careful when crossing the busy intersection.	穿过繁忙的十字路口时需要小心。	副词：carefully；名词：carefulness	https://www.leonwang.cc/ielts-vocab/data-21.js?v=20260618-1
21	身心健康	271	concern	/kənˈsɜːrn/	n.	核心	关心；忧虑 v. 涉及；使担忧；关心		The main concern of parents is their children's safety and education.	父母主要关心的是孩子的安全和教育。	搭配：be concerned about (关心)；形容词：concerned	https://www.leonwang.cc/ielts-vocab/data-21.js?v=20260618-1
21	身心健康	272	confidence	/ˈkɒnfɪdəns/	n.	核心	自信；信任	fid (信任)	With enough practice, you will gain confidence in speaking English.	通过足够的练习，你会获得说英语的信心。	形容词：confident；反义词：diffidence	https://www.leonwang.cc/ielts-vocab/data-21.js?v=20260618-1
21	身心健康	273	considerate	/kənˈsɪdərət/	adj.	高频	考虑周到的，体谅的		It was very considerate of you to bring me a cup of tea while I was working.	你在工作时给我端来一杯茶，真是考虑周到。	反义词：inconsiderate；动词：consider (考虑)	https://www.leonwang.cc/ielts-vocab/data-21.js?v=20260618-1
21	身心健康	274	thoughtful	/ˈθɔːtfəl/	adj.	高频	认真思考的；考虑周到的，体贴的		She sent a thoughtful gift that showed she knew my interests well.	她送了一份体贴的礼物，说明她非常了解我的兴趣。	反义词：thoughtless	https://www.leonwang.cc/ielts-vocab/data-21.js?v=20260618-1
21	身心健康	275	sympathetic	/ˌsɪmpəˈθetɪk/	adj.	核心	同情的；和谐的		The counselor was sympathetic to the student's personal problems.	辅导员对学生的个人问题表示同情。	名词：sympathy；动词：sympathize	https://www.leonwang.cc/ielts-vocab/data-21.js?v=20260618-1
21	身心健康	276	ready	/ˈredi/	adj.	核心	准备好的；愿意的		We need to be ready for any unexpected situation during the trip.	我们需要为旅行中任何意外情况做好准备。	副词：readily；搭配：get ready for	https://www.leonwang.cc/ielts-vocab/data-21.js?v=20260618-1
21	身心健康	277	apologise	/əˈpɒlədʒaɪz/	v.	高频	道歉，赔罪		He apologised for being late, explaining that there was heavy traffic.	他为迟到道歉，解释说路上堵车严重。	美式拼写：apologize；名词：apology	https://www.leonwang.cc/ielts-vocab/data-21.js?v=20260618-1
21	身心健康	278	apology	/əˈpɒlədʒi/	n.	核心	道歉；辩解		The company issued a public apology for its defective products.	该公司为其有缺陷的产品发表了公开道歉。	动词：apologise	https://www.leonwang.cc/ielts-vocab/data-21.js?v=20260618-1
21	身心健康	279	mercy	/ˈmɜːsi/	n.	高频	仁慈，宽容，怜悯		The judge showed mercy to the young offender because of his difficult background.	考虑到这名年轻罪犯的艰难背景，法官对他表示了宽容。	形容词：merciful；反义词：merciless	https://www.leonwang.cc/ielts-vocab/data-21.js?v=20260618-1
21	身心健康	280	admire	/ədˈmaɪə/	v.	核心	赞美，钦佩，仰慕	mir (惊讶，惊奇)	I truly admire people who dedicate their lives to helping others.	我真心钦佩那些毕生致力于帮助他人的人。	名词：admiration；形容词：admirable	https://www.leonwang.cc/ielts-vocab/data-21.js?v=20260618-1
21	身心健康	281	remarkable	/rɪˈmɑːkəbəl/	adj.	核心	值得注意的；非凡的，卓越的		The young pianist gave a remarkable performance at the concert hall.	那位年轻的钢琴家在音乐厅里进行了卓越的表演。	动词：remark (评论)；副词：remarkably	https://www.leonwang.cc/ielts-vocab/data-21.js?v=20260618-1
21	身心健康	282	grateful	/ˈɡreɪtfəl/	adj.	核心	感激的；表示感激的		I am deeply grateful to all the teachers who supported me during my studies.	我深深感激所有在我学习期间支持我的老师。	名词：gratitude	https://www.leonwang.cc/ielts-vocab/data-21.js?v=20260618-1
21	身心健康	283	gratitude	/ˈɡrætɪtjuːd/	n.	高频	感激，感谢，感恩		Words cannot express my gratitude for your generous help.	言语无法表达我对你慷慨帮助的感激之情。	形容词：grateful	https://www.leonwang.cc/ielts-vocab/data-21.js?v=20260618-1
21	身心健康	284	eager	/ˈiːɡə/	adj.	核心	渴望的，热切的		The children were eager to open their presents on Christmas morning.	孩子们急切地想打开他们的圣诞礼物。	名词：eagerness；副词：eagerly	https://www.leonwang.cc/ielts-vocab/data-21.js?v=20260618-1
21	身心健康	285	sound	/saʊnd/	adj.	核心	健全的；（睡眠）酣畅的；合理的		That is a sound investment strategy with minimal risk.	这是一个风险极小的合理投资策略。	搭配：a sound sleep (酣睡)；名词含义：声音	https://www.leonwang.cc/ielts-vocab/data-21.js?v=20260618-1
21	身心健康	286	picturesque	/ˌpɪktʃəˈresk/	adj.	高频	如画的；独特的		The picturesque village attracts many tourists every autumn.	这个如画般的村庄每年秋天都吸引许多游客。	后缀：-esque (风格)；相关：picture	https://www.leonwang.cc/ielts-vocab/data-21.js?v=20260618-1
21	身心健康	287	promising	/ˈprɒmɪsɪŋ/	adj.	核心	大有希望的，有前途的		He is a promising young scientist with several published papers.	他是一位有前途的年轻科学家，已经发表了几篇论文。	动词：promise (承诺)	https://www.leonwang.cc/ielts-vocab/data-21.js?v=20260618-1
21	身心健康	288	prominent	/ˈprɒmɪnənt/	adj.	核心	突出的，显著的；重要的，杰出的		The prominent politician gave a speech about environmental protection.	这位杰出的政治家就环境保护发表了演讲。	名词：prominence	https://www.leonwang.cc/ielts-vocab/data-21.js?v=20260618-1
21	身心健康	289	awesome	/ˈɔːsəm/	adj.	高频	卓越的，引起敬畏的		The view of the Grand Canyon at sunrise is absolutely awesome.	日出时分大峡谷的景色绝对令人敬畏。	名词：awe (敬畏)；口语中常表示'很棒'	https://www.leonwang.cc/ielts-vocab/data-21.js?v=20260618-1
21	身心健康	290	arduous	/ˈɑːdjuəs/	adj.	高频	辛勤的；费力的；陡峭的		Climbing the mountain was an arduous journey that took three days.	爬山是一段艰辛的旅程，花了三天时间。	同义词：difficult, strenuous	https://www.leonwang.cc/ielts-vocab/data-21.js?v=20260618-1
21	身心健康	291	tough	/tʌf/	adj.	核心	艰难的；坚强的，坚韧不拔的；强硬的		She has a tough personality and never gives up in the face of challenges.	她性格坚韧，面对挑战从不放弃。	搭配：a tough policy (强硬的政策)；名词：toughness	https://www.leonwang.cc/ielts-vocab/data-21.js?v=20260618-1
21	身心健康	292	robust	/rəˈbʌst/	adj.	高频	强壮的，强健的		Regular exercise helps maintain a robust immune system.	定期锻炼有助于维持强健的免疫系统。	名词：robustness；品牌：乐百氏 Robust	https://www.leonwang.cc/ielts-vocab/data-21.js?v=20260618-1
21	身心健康	293	sturdy	/ˈstɜːdi/	adj.	高频	强健的；坚定的		The sturdy oak table lasted for more than fifty years.	这张坚固的橡木桌子用了五十多年。	同义词：strong, durable	https://www.leonwang.cc/ielts-vocab/data-21.js?v=20260618-1
21	身心健康	294	steadfast	/ˈstedfɑːst/	adj.	高频	坚定的		He remained steadfast in his decision to study abroad despite opposition.	尽管有反对意见，他仍坚定地决定出国留学。	副词：steadfastly	https://www.leonwang.cc/ielts-vocab/data-21.js?v=20260618-1
21	身心健康	295	tender	/ˈtendə/	adj.	高频	脆弱的；温柔的；软弱的；疼痛的		The nurse gave the patient a tender touch that made him feel cared for.	护士温柔地触摸病人，让他感到被关怀。	动词含义：提出；投标	https://www.leonwang.cc/ielts-vocab/data-21.js?v=20260618-1
21	身心健康	296	temperate	/ˈtempərət/	adj.	高频	（气候）温和的；温带的；有节制的；心平气和的		Most of Europe has a temperate climate with four distinct seasons.	欧洲大部分地区属于温带气候，四季分明。	名词：temperateness	https://www.leonwang.cc/ielts-vocab/data-21.js?v=20260618-1
21	身心健康	297	delicate	/ˈdelɪkət/	adj.	核心	精致的；微妙的；脆弱的		The delicate glass ornaments must be handled with extreme care.	精致的玻璃饰品必须极其小心地处理。	名词：delicacy	https://www.leonwang.cc/ielts-vocab/data-21.js?v=20260618-1
21	身心健康	298	mundane	/mʌnˈdeɪn/	adj.	低频	平凡的，世俗的；世界的		Even mundane tasks like washing dishes can be enjoyable with good music.	即使像洗碗这样平凡的家务，有好音乐相伴也会变得愉快。	同义词：ordinary, routine	https://www.leonwang.cc/ielts-vocab/data-21.js?v=20260618-1
21	身心健康	299	naive	/naɪˈiːv/	adj.	高频	天真的；幼稚的		His naive belief that everyone is honest led him to be cheated.	他天真地认为每个人都诚实，结果被骗了。	名词：naivety	https://www.leonwang.cc/ielts-vocab/data-21.js?v=20260618-1
21	身心健康	300	childish	/ˈtʃaɪldɪʃ/	adj.	高频	孩子般的；幼稚的		Arguing over such a small matter is rather childish behavior.	为如此小的事情争吵是相当幼稚的行为。	中性词：childlike (孩子般天真的)	https://www.leonwang.cc/ielts-vocab/data-21.js?v=20260618-1
21	身心健康	301	sincere	/sɪnˈsɪə/	adj.	核心	真诚的，诚挚的		Please accept my sincere apologies for the mistake I made.	请接受我对所犯错误诚挚的道歉。	副词：sincerely；名词：sincerity；词源：拉丁文 sine cerae (没有蜡)	https://www.leonwang.cc/ielts-vocab/data-21.js?v=20260618-1
21	身心健康	302	liable	/ˈlaɪəbl/	adj.	高频	有责任的；有……倾向的，可能的		Drivers are liable for any damage caused by their negligence.	驾驶员对其疏忽造成的任何损害负有责任。	搭配：be liable for (对……负责)；be liable to do sth. (有做某事的倾向)	https://www.leonwang.cc/ielts-vocab/data-21.js?v=20260618-1
21	身心健康	303	trustworthy	/ˈtrʌstˌwɜːði/	adj.	核心	值得信赖的，可靠的		We need a trustworthy person to look after our house while we are away.	我们需要一个值得信赖的人在我们外出时照看房子。	名词：trustworthiness；反义词：untrustworthy	https://www.leonwang.cc/ielts-vocab/data-21.js?v=20260618-1
21	身心健康	304	enterprising	/ˈentəpraɪzɪŋ/	adj.	高频	有事业心的，有进取心的；有魄力的		Enterprising students started a small business selling handmade crafts.	有进取心的学生创办了一家销售手工艺品的小企业。	名词：enterprise (企业；事业心)	https://www.leonwang.cc/ielts-vocab/data-21.js?v=20260618-1
21	身心健康	305	sane	/seɪn/	adj.	高频	心智健全的；理智的		No sane person would jump off a bridge without safety equipment.	没有理智的人会在没有安全设备的情况下从桥上跳下。	反义词：insane (疯狂的)；名词：sanity	https://www.leonwang.cc/ielts-vocab/data-21.js?v=20260618-1
21	身心健康	306	strenuous	/ˈstrenjuəs/	adj.	高频	发奋的；繁重的，艰苦的		The firefighters made strenuous efforts to rescue the trapped victims.	消防员们付出了艰苦的努力营救被困的受害者。	后缀：-ous (充满……的)	https://www.leonwang.cc/ielts-vocab/data-21.js?v=20260618-1
21	身心健康	307	rigorous	/ˈrɪɡərəs/	adj.	高频	严格的，严厉的；一丝不苟的		The university has rigorous admission standards for its engineering program.	该大学对工程专业有严格的录取标准。	名词：rigour (严格)	https://www.leonwang.cc/ielts-vocab/data-21.js?v=20260618-1
21	身心健康	308	strict	/strɪkt/	adj.	核心	严格的；严厉的		My parents were very strict with me when I was a teenager.	我十几岁时，父母对我非常严格。	搭配：be strict with sb. (对某人严厉)；名词：strictness	https://www.leonwang.cc/ielts-vocab/data-21.js?v=20260618-1
21	身心健康	309	severe	/sɪˈvɪə/	adj.	核心	严厉的；十分严重的；艰巨的		The storm caused severe damage to many houses along the coast.	暴风雨对沿海许多房屋造成了严重破坏。	副词：severely	https://www.leonwang.cc/ielts-vocab/data-21.js?v=20260618-1
21	身心健康	310	mutual	/ˈmjuːtʃuəl/	adj.	核心	相互的，彼此的；共同的		Successful business partnerships are built on mutual trust and respect.	成功的商业伙伴关系建立在相互信任和尊重的基础上。	同源词：neutral (中立的)	https://www.leonwang.cc/ielts-vocab/data-21.js?v=20260618-1
21	身心健康	311	resemble	/rɪˈzembəl/	v.	核心	与……相像，类似	sembl (相似)	This insect resembles a dead leaf, which helps it hide from predators.	这种昆虫像一片枯叶，这有助于它躲避捕食者。	名词：resemblance	https://www.leonwang.cc/ielts-vocab/data-21.js?v=20260618-1
21	身心健康	312	similar	/ˈsɪmɪlə/	adj.	核心	相似的，类似的	sim/simu (相似)	My teaching style is similar to that of my mentor.	我的教学风格和我的导师相似。	名词：similarity；搭配：be similar to	https://www.leonwang.cc/ielts-vocab/data-21.js?v=20260618-1
21	身心健康	313	familiar	/fəˈmɪliə/	adj.	核心	熟悉的		The song sounded familiar, but I couldn't remember the name.	这首歌听起来很熟悉，但我记不起名字了。	搭配：be familiar with (熟悉)；反义词：unfamiliar	https://www.leonwang.cc/ielts-vocab/data-21.js?v=20260618-1
21	身心健康	314	naked	/ˈneɪkɪd/	adj.	高频	裸体的，赤条条的		The toddler ran naked through the living room after his bath.	幼儿洗完澡后光着身子跑过客厅。	搭配：naked eye (肉眼)	https://www.leonwang.cc/ielts-vocab/data-21.js?v=20260618-1
21	身心健康	315	bare	/beə/	adj.	高频	赤裸的；无遮蔽的		The trees are bare in winter after all the leaves have fallen.	冬天的树木在叶子落完后光秃秃的。	动词：bare (暴露)	https://www.leonwang.cc/ielts-vocab/data-21.js?v=20260618-1
21	身心健康	316	private	/ˈpraɪvɪt/	adj.	核心	私人的，个人的；私下的		Everyone deserves a private space where they can relax without interruption.	每个人都应该有一个可以不受打扰地放松的私人空间。	名词：privacy	https://www.leonwang.cc/ielts-vocab/data-21.js?v=20260618-1
21	身心健康	317	intuition	/ˌɪntjuːˈɪʃən/	n.	高频	直觉		My intuition told me not to trust that man, and I was right.	我的直觉告诉我不要相信那个人，而我是对的。	形容词：intuitive	https://www.leonwang.cc/ielts-vocab/data-21.js?v=20260618-1
21	身心健康	318	spontaneous	/spɒnˈteɪniəs/	adj.	高频	自发的，自然的，本能的；自然产生的		The audience gave a spontaneous applause after the moving speech.	感人的演讲结束后，观众自发地鼓掌。	副词：spontaneously	https://www.leonwang.cc/ielts-vocab/data-21.js?v=20260618-1
21	身心健康	319	implicit	/ɪmˈplɪsɪt/	adj.	高频	暗示的，含蓄的；不怀疑的，无保留的		His silence was an implicit agreement to our proposal.	他的沉默是对我们提议的默许。	反义词：explicit (明确的)	https://www.leonwang.cc/ielts-vocab/data-21.js?v=20260618-1
21	身心健康	320	illusion	/ɪˈluːʒən/	n.	高频	错觉；幻想		The magician created the illusion that the rabbit had disappeared.	魔术师制造了兔子消失的错觉。	形容词：illusory	https://www.leonwang.cc/ielts-vocab/data-21.js?v=20260618-1
21	身心健康	321	imaginary	/ɪˈmædʒɪnəri/	adj.	高频	想象的，虚构的		The child had an imaginary friend whom he talked to every day.	这个孩子有一个每天与之交谈的想象中的朋友。	动词：imagine；名词：imagination	https://www.leonwang.cc/ielts-vocab/data-21.js?v=20260618-1
21	身心健康	322	fancy	/ˈfænsi/	n.	高频	想象（力）；爱好 v. 认为，想象		I fancy taking a walk along the beach later this evening.	我想今晚晚些时候去海滩散步。	名词：fantasy (幻想)	https://www.leonwang.cc/ielts-vocab/data-21.js?v=20260618-1
21	身心健康	323	fate	/feɪt/	n.	核心	命运，宿命		They met by chance, but believed it was fate that brought them together.	他们偶然相遇，但相信是命运让他们走到了一起。	形容词：fatal (致命的)	https://www.leonwang.cc/ielts-vocab/data-21.js?v=20260618-1
21	身心健康	324	fortune	/ˈfɔːtʃuːn/	n.	核心	命运；运气；财产		He had the good fortune to find a wallet full of cash on the street.	他幸运地在街上发现了一个装满现金的钱包。	形容词：fortunate (幸运的), unfortunate (不幸的)	https://www.leonwang.cc/ielts-vocab/data-21.js?v=20260618-1
21	身心健康	325	agony	/ˈæɡəni/	n.	高频	极度的痛苦；挣扎		He was in agony after breaking his leg during the soccer match.	他在足球比赛中摔断了腿，极度痛苦。	形容词：agonizing	https://www.leonwang.cc/ielts-vocab/data-21.js?v=20260618-1
21	身心健康	326	grief	/ɡriːf/	n.	高频	极度悲伤		The whole community shared their grief when the beloved teacher passed away.	当敬爱的老师去世时，整个社区都沉浸在悲伤中。	动词：grieve (使悲痛)	https://www.leonwang.cc/ielts-vocab/data-21.js?v=20260618-1
21	身心健康	327	grieve	/ɡriːv/	v.	高频	（使）悲痛		She is still grieving for her pet dog that died last month.	她仍在为上个月死去的宠物狗感到悲痛。	名词：grief	https://www.leonwang.cc/ielts-vocab/data-21.js?v=20260618-1
21	身心健康	328	miserable	/ˈmɪzərəbl/	adj.	核心	极不愉快的，痛苦的		He felt miserable after failing the driving test for the third time.	第三次驾照考试失败后，他感到非常痛苦。	名词：misery	https://www.leonwang.cc/ielts-vocab/data-21.js?v=20260618-1
21	身心健康	329	distress	/dɪˈstres/	n.	核心	悲痛；穷困，不幸 v. 使伤心，使忧虑		The news of the accident caused great distress to the victim's family.	事故的消息给受害者家属带来了巨大的悲痛。	形容词：distressing	https://www.leonwang.cc/ielts-vocab/data-21.js?v=20260618-1
21	身心健康	330	sadness	/ˈsædnəs/	n.	核心	悲痛，悲哀		There was a sense of sadness in the room after hearing the bad news.	听到这个坏消息后，房间里弥漫着悲伤的气氛。	形容词：sad	https://www.leonwang.cc/ielts-vocab/data-21.js?v=20260618-1
21	身心健康	331	gloomy	/ˈɡluːmi/	adj.	高频	幽暗的；令人沮丧的		The weather forecast is gloomy, with rain predicted for the whole week.	天气预报令人沮丧，预计整周都有雨。	名词：gloom	https://www.leonwang.cc/ielts-vocab/data-21.js?v=20260618-1
21	身心健康	332	frown	/fraʊn/	n.	高频	皱眉，不悦 v. 皱眉，表示不悦		The teacher frowned when she saw the students whispering in class.	老师看到学生们在课堂上窃窃私语时皱起了眉头。	搭配：frown upon/on (不赞成)	https://www.leonwang.cc/ielts-vocab/data-21.js?v=20260618-1
21	身心健康	333	disappoint	/ˌdɪsəˈpɔɪnt/	v.	核心	使失望；使受挫折		I don't want to disappoint my parents, so I study very hard.	我不想让父母失望，所以我非常努力地学习。	名词：disappointment；形容词：disappointed, disappointing	https://www.leonwang.cc/ielts-vocab/data-21.js?v=20260618-1
21	身心健康	334	rage	/reɪdʒ/	n.	高频	盛怒，狂怒		He flew into a rage when someone scratched his new car.	有人划了他的新车时，他勃然大怒。	搭配：in a rage (怒气冲冲)；road rage (路怒)	https://www.leonwang.cc/ielts-vocab/data-21.js?v=20260618-1
21	身心健康	335	discourage	/dɪsˈkʌrɪdʒ/	v.	核心	使灰心，使气馁；劝阻		Don't let one failure discourage you from trying again.	不要让一次失败气馁，放弃再次尝试。	反义词：encourage；名词：discouragement	https://www.leonwang.cc/ielts-vocab/data-21.js?v=20260618-1
21	身心健康	336	wretched	/ˈretʃɪd/	adj.	低频	不幸的，可怜的，悲惨的；恶劣的		The refugees were living in wretched conditions without enough food.	难民们生活在没有足够食物的悲惨条件下。	名词：wretch (可怜的人)	https://www.leonwang.cc/ielts-vocab/data-21.js?v=20260618-1
21	身心健康	337	frustrating	/frʌˈstreɪtɪŋ/	adj.	核心	令人灰心的，使人沮丧的		It is frustrating to spend hours on a problem and still not find a solution.	花几个小时解决一个问题却仍然找不到答案，真是令人沮丧。	动词：frustrate；名词：frustration	https://www.leonwang.cc/ielts-vocab/data-21.js?v=20260618-1
21	身心健康	338	mourn	/mɔːn/	v.	高频	（因失去……而）哀痛，哀悼		The whole nation mourned the death of the beloved leader.	全国人民哀悼敬爱的领导人的逝世。	名词：mourning；形容词：mournful	https://www.leonwang.cc/ielts-vocab/data-21.js?v=20260618-1
21	身心健康	339	irritate	/ˈɪrɪteɪt/	v.	高频	激怒，使急躁；刺激		The constant noise from the construction site irritated the residents.	建筑工地持续不断的噪音激怒了居民。	名词：irritation；形容词：irritating	https://www.leonwang.cc/ielts-vocab/data-21.js?v=20260618-1
21	身心健康	340	anger	/ˈæŋɡə/	n.	核心	怒，怒气 v. 使发怒		He struggled to control his anger when he heard the unfair criticism.	听到不公正的批评时，他努力控制自己的怒气。	形容词：angry	https://www.leonwang.cc/ielts-vocab/data-21.js?v=20260618-1
21	身心健康	341	hate	/heɪt/	v.	核心	恨，憎恨；不喜欢		I hate it when people interrupt me while I'm speaking.	我讨厌别人在我说话时打断我。	名词：hatred；形容词：hateful	https://www.leonwang.cc/ielts-vocab/data-21.js?v=20260618-1
21	身心健康	342	furious	/ˈfjʊəriəs/	adj.	高频	狂怒的，暴怒的		She was furious when she discovered that someone had used her computer.	当她发现有人用了她的电脑时，她勃然大怒。	名词：fury	https://www.leonwang.cc/ielts-vocab/data-21.js?v=20260618-1
21	身心健康	343	hatred	/ˈheɪtrɪd/	n.	核心	憎恶，憎恨，仇恨		Years of injustice built up a deep hatred in his heart.	多年的不公在他心中积累了深深的仇恨。	动词：hate	https://www.leonwang.cc/ielts-vocab/data-21.js?v=20260618-1
21	身心健康	344	nuisance	/ˈnjuːsəns/	n.	高频	讨厌或麻烦的人（或事物）		The barking dog next door has become a real nuisance to the whole neighborhood.	隔壁的狗叫声已经成为整个街区的真正麻烦。	习语：Commit No Nuisance (禁止随地小便)	https://www.leonwang.cc/ielts-vocab/data-21.js?v=20260618-1
21	身心健康	345	disgust	/dɪsˈɡʌst/	v.	核心	使厌恶，使作呕 n. 厌恶，嫌恶		The dirty condition of the restaurant kitchen filled me with disgust.	餐厅厨房的肮脏状况让我感到厌恶。	形容词：disgusting, disgusted	https://www.leonwang.cc/ielts-vocab/data-21.js?v=20260618-1
21	身心健康	346	vex	/veks/	v.	低频	使烦恼，使恼火		His constant complaints vexed all the other passengers on the bus.	他不停的抱怨使公交车上的所有其他乘客都感到恼火。	形容词：vexing, vexed	https://www.leonwang.cc/ielts-vocab/data-21.js?v=20260618-1
21	身心健康	347	harass	/ˈhærəs/	v.	高频	烦扰		It is illegal to harass someone because of their race or gender.	因种族或性别骚扰他人是非法的。	名词：harassment	https://www.leonwang.cc/ielts-vocab/data-21.js?v=20260618-1
21	身心健康	348	bore	/bɔː/	v.	高频	烦扰；钻孔 n. 讨厌的人；令人生厌的事		The long lecture bored the students, and many of them fell asleep.	冗长的讲座让学生们感到厌烦，很多人睡着了。	形容词：boring, bored	https://www.leonwang.cc/ielts-vocab/data-21.js?v=20260618-1
21	身心健康	349	bother	/ˈbɒðə/	v.	核心	花费时间精力（做某事）；（使）苦恼 n. 麻烦，困难		Sorry to bother you, but could you help me with this heavy box?	抱歉打扰了，你能帮我搬这个重箱子吗？	常见用法：bother to do sth.	https://www.leonwang.cc/ielts-vocab/data-21.js?v=20260618-1
21	身心健康	350	troublesome	/ˈtrʌbəlsəm/	adj.	高频	令人烦恼的；麻烦的		A troublesome computer virus caused the entire system to crash.	一个麻烦的电脑病毒导致整个系统崩溃。	名词：trouble	https://www.leonwang.cc/ielts-vocab/data-21.js?v=20260618-1
21	身心健康	351	awful	/ˈɔːfəl/	adj.	核心	令人不愉快的，极讨厌的		The weather was awful, so we decided to stay indoors all day.	天气糟透了，所以我们决定整天待在室内。	副词：awfully (非常)	https://www.leonwang.cc/ielts-vocab/data-21.js?v=20260618-1
21	身心健康	352	unpleasant	/ʌnˈplezənt/	adj.	核心	令人不愉快的，讨厌的		There was an unpleasant smell coming from the garbage can.	垃圾桶里传来一股难闻的气味。	反义词：pleasant	https://www.leonwang.cc/ielts-vocab/data-21.js?v=20260618-1
21	身心健康	353	adverse	/ˈædvɜːs/	adj.	高频	敌对的，不友好的；不利的		The new policy may have an adverse effect on small businesses.	新政策可能对小企业产生不利影响。	名词：adversity (逆境)	https://www.leonwang.cc/ielts-vocab/data-21.js?v=20260618-1
21	身心健康	354	hostile	/ˈhɒstaɪl/	adj.	核心	怀有敌意的，不友善的；敌对的		The rival team's fans gave us a hostile reception at the stadium.	对手球队的球迷在体育场给了我们不友好的接待。	名词：hostility	https://www.leonwang.cc/ielts-vocab/data-21.js?v=20260618-1
21	身心健康	355	indignant	/ɪnˈdɪɡnənt/	adj.	高频	愤慨的，义愤的		The workers were indignant about the unfair wage cuts.	工人们对不公平的减薪感到愤慨。	名词：indignation	https://www.leonwang.cc/ielts-vocab/data-21.js?v=20260618-1
21	身心健康	356	radical	/ˈrædɪkəl/	adj.	高频	激进的；根本的		The government proposed radical reforms to the education system.	政府提出了对教育体系的根本性改革。	副词：radically	https://www.leonwang.cc/ielts-vocab/data-21.js?v=20260618-1
21	身心健康	357	mad	/mæd/	adj.	核心	发疯的；恼火的		He was mad at himself for making such a silly mistake.	他对自己犯下如此愚蠢的错误感到恼火。	比较级：madder；最高级：maddest	https://www.leonwang.cc/ielts-vocab/data-21.js?v=20260618-1
21	身心健康	358	crazy	/ˈkreɪzi/	adj.	核心	疯狂的；荒唐的		You would be crazy to go hiking in this stormy weather.	在这种暴风雨天气去徒步旅行，你简直是疯了。	名词：craziness	https://www.leonwang.cc/ielts-vocab/data-21.js?v=20260618-1
21	身心健康	359	wicked	/ˈwɪkst/	adj.	高频	邪恶的，缺德的		The wicked witch cast a spell on the princess.	邪恶的女巫对公主施了咒语。	名词：wickedness；同源词：witch (巫婆)	https://www.leonwang.cc/ielts-vocab/data-21.js?v=20260618-1
21	身心健康	360	vicious	/ˈvɪʃəs/	adj.	高频	邪恶的，不道德的		The dog made a vicious attack on the postman.	那只狗对邮差发起了恶毒的攻击。	名词：viciousness；副词：viciously	https://www.leonwang.cc/ielts-vocab/data-21.js?v=20260618-1
21	身心健康	361	vulgar	/ˈvʌlɡə/	adj.	低频	粗俗的，庸俗的		His vulgar jokes offended many people at the party.	他粗俗的笑话冒犯了聚会上的许多人。	名词：vulgarity	https://www.leonwang.cc/ielts-vocab/data-21.js?v=20260618-1
21	身心健康	362	mean	/miːn/	adj.	核心	卑鄙的；吝啬的 v. 意思是		Don't be so mean to your little brother; share your toys with him.	别对你的弟弟那么刻薄，和他分享你的玩具。	名词：meanness	https://www.leonwang.cc/ielts-vocab/data-21.js?v=20260618-1
21	身心健康	363	ego	/ˈiːɡəʊ/	n.	高频	自我，自尊；自负	拉丁文'我'	His huge ego prevents him from admitting when he is wrong.	他巨大的自负使他不愿承认自己的错误。	派生词：egocentric (以自我为中心的), egoism (利己主义)	https://www.leonwang.cc/ielts-vocab/data-21.js?v=20260618-1
21	身心健康	364	selfish	/ˈselfɪʃ/	adj.	核心	自私的，利己主义的		It is selfish to take all the credit without acknowledging others' contributions.	把所有的功劳都归于自己而不承认别人的贡献是自私的。	反义词：selfless；名词：selfishness	https://www.leonwang.cc/ielts-vocab/data-21.js?v=20260618-1
21	身心健康	365	nasty	/ˈnæsti/	adj.	高频	下流的；肮脏的；险恶的		The broken glass caused a nasty cut on my hand.	碎玻璃在我手上划了一道很深的伤口。	比较级：nastier；最高级：nastiest	https://www.leonwang.cc/ielts-vocab/data-21.js?v=20260618-1
21	身心健康	366	rash	/ræʃ/	adj.	高频	草率的，鲁莽的		Making a rash decision without thinking could lead to serious consequences.	不经思考草率决定可能导致严重后果。	名词：rashness；副词：rashly	https://www.leonwang.cc/ielts-vocab/data-21.js?v=20260618-1
21	身心健康	367	volatile	/ˈvɒləteɪl/	adj.	高频	易变的，反复无常的；易挥发的		The stock market is volatile, so investing involves risks.	股市波动很大，因此投资有风险。	名词：volatility	https://www.leonwang.cc/ielts-vocab/data-21.js?v=20260618-1
21	身心健康	368	weird	/ˈwɪəd/	adj.	高频	怪诞的，古怪的		I heard a weird noise coming from the basement last night.	昨晚我听到地下室传来奇怪的声音。	同义词：strange, odd	https://www.leonwang.cc/ielts-vocab/data-21.js?v=20260618-1
21	身心健康	369	excessive	/ɪkˈsesɪv/	adj.	核心	过分的，过多的		Excessive use of smartphones can damage your eyesight.	过度使用手机会损害你的视力。	名词：excess；副词：excessively	https://www.leonwang.cc/ielts-vocab/data-21.js?v=20260618-1
21	身心健康	370	anxiety	/ˈænɪˈzeɪti/	n.	核心	焦虑，担心；渴望		Students often feel anxiety before important exams.	学生在重要考试前常常感到焦虑。	形容词：anxious	https://www.leonwang.cc/ielts-vocab/data-21.js?v=20260618-1
21	身心健康	371	restless	/ˈrestl̩s/	adj.	高频	不安定的，焦躁不安的，不耐烦的		The children grew restless after sitting for two hours in the cinema.	在电影院坐了两个小时后，孩子们变得焦躁不安。	反义词：restful	https://www.leonwang.cc/ielts-vocab/data-21.js?v=20260618-1
21	身心健康	372	uneasy	/ʌnˈiːzi/	adj.	核心	心神不安的，忧虑的		I felt uneasy about walking alone in the dark alley.	我对独自走在黑暗的小巷里感到不安。	名词：unease	https://www.leonwang.cc/ielts-vocab/data-21.js?v=20260618-1
21	身心健康	373	fear	/fɪə/	v./n.	核心	害怕；担心		Many people have a fear of public speaking, but it can be overcome.	许多人害怕公开演讲，但这是可以克服的。	形容词：fearful；搭配：for fear of (以免)	https://www.leonwang.cc/ielts-vocab/data-21.js?v=20260618-1
21	身心健康	374	timid	/ˈtɪmɪd/	adj.	高频	胆小的，羞怯的		The timid student never raised his hand in class, even when he knew the answer.	这个胆小的学生即使在知道答案时也从不在课堂上举手。	名词：timidity	https://www.leonwang.cc/ielts-vocab/data-21.js?v=20260618-1
21	身心健康	375	fuss	/fʌs/	n.	高频	大惊小怪，无谓的纷扰		Stop making such a fuss over a tiny scratch on the table.	别为桌子上一个小小的划痕大惊小怪。	搭配：make a fuss about (对……大惊小怪)	https://www.leonwang.cc/ielts-vocab/data-21.js?v=20260618-1
21	身心健康	376	insult	/ɪnˈsʌlt/	v.	核心	侮辱，凌辱 n. /ˈɪnsʌlt/ 侮辱		He insulted his colleague by calling her incompetent in front of the boss.	他在老板面前称同事无能，以此侮辱她。	形容词：insulting	https://www.leonwang.cc/ielts-vocab/data-21.js?v=20260618-1
21	身心健康	377	unkind	/ʌnˈkaɪnd/	adj.	高频	不仁慈的，不和善的，刻薄的		It was unkind of you to laugh at his mistake in front of everyone.	你在大家面前嘲笑他的错误，太不厚道了。	反义词：kind	https://www.leonwang.cc/ielts-vocab/data-21.js?v=20260618-1
21	身心健康	378	envy	/ˈenvi/	v./n.	核心	羡慕；嫉妒		I envy your ability to stay calm under pressure.	我羡慕你在压力下保持冷静的能力。	形容词：envious	https://www.leonwang.cc/ielts-vocab/data-21.js?v=20260618-1
21	身心健康	379	jealous	/ˈdʒeləs/	adj.	核心	嫉妒的，妒忌的		She felt jealous when her friend got a promotion she wanted.	当她的朋友得到了她想要晋升时，她感到嫉妒。	名词：jealousy；搭配：be jealous of	https://www.leonwang.cc/ielts-vocab/data-21.js?v=20260618-1
21	身心健康	380	doubt	/daʊt/	n.	核心	怀疑，疑问 v. 怀疑，不信		There is no doubt that practice is essential for mastering a skill.	毫无疑问，练习对于掌握技能至关重要。	形容词：doubtful；搭配：beyond doubt (毋庸置疑)	https://www.leonwang.cc/ielts-vocab/data-21.js?v=20260618-1
21	身心健康	381	suspicion	/səˈspɪʃən/	n.	核心	怀疑，嫌疑		His strange behavior aroused the suspicion of the police.	他奇怪的行为引起了警方的怀疑。	动词：suspect；形容词：suspicious	https://www.leonwang.cc/ielts-vocab/data-21.js?v=20260618-1
21	身心健康	382	sceptical	/ˈskeptɪkəl/	adj.	核心	怀疑的		Many scientists are sceptical about the new treatment's effectiveness.	许多科学家对这种新疗法的有效性持怀疑态度。	美式拼写：skeptical；名词：scepticism	https://www.leonwang.cc/ielts-vocab/data-21.js?v=20260618-1
21	身心健康	383	unsatisfactory	/ˌʌnsætɪsˈfæktəri/	adj.	高频	不能令人满意的，不符合要求的，不足的		The hotel service was unsatisfactory, so we asked for a refund.	酒店服务不能令人满意，所以我们要求退款。	反义词：satisfactory	https://www.leonwang.cc/ielts-vocab/data-21.js?v=20260618-1
21	身心健康	384	unstable	/ʌnˈsteɪbəl/	adj.	核心	不稳定的；易变的；不牢固的		The financial market remains unstable due to global uncertainties.	由于全球不确定性，金融市场仍然不稳定。	反义词：stable	https://www.leonwang.cc/ielts-vocab/data-21.js?v=20260618-1
21	身心健康	385	unsuitable	/ʌnˈsuːtəbəl/	adj.	核心	不合适的，不适宜的		These shoes are unsuitable for hiking in the mountains.	这双鞋不适合在山里徒步。	搭配：unsuitable for；反义词：suitable	https://www.leonwang.cc/ielts-vocab/data-21.js?v=20260618-1
21	身心健康	386	unwilling	/ʌnˈwɪlɪŋ/	adj.	核心	不愿意的，不情愿的；勉强的		She was unwilling to admit that she had made a mistake.	她不愿意承认自己犯了错误。	反义词：willing；名词：unwillingness	https://www.leonwang.cc/ielts-vocab/data-21.js?v=20260618-1
21	身心健康	387	reluctant	/rɪˈlʌktənt/	adj.	核心	不情愿的；勉强的		He gave a reluctant agreement to lend his car to his brother.	他不情愿地同意把车借给弟弟。	名词：reluctance；搭配：be reluctant to do sth.	https://www.leonwang.cc/ielts-vocab/data-21.js?v=20260618-1
21	身心健康	388	hesitate	/ˈhezɪteɪt/	v.	核心	犹豫不决，踌躇；顾虑		Don't hesitate to call me if you need any help.	如果你需要任何帮助，请毫不犹豫地给我打电话。	名词：hesitation	https://www.leonwang.cc/ielts-vocab/data-21.js?v=20260618-1
21	身心健康	389	confuse	/kənˈfjuːz/	v.	核心	使困惑，把（某人）弄糊涂；混淆		The similar spellings of these two words often confuse language learners.	这两个词相似的拼写常常使语言学习者感到困惑。	形容词：confused, confusing；名词：confusion	https://www.leonwang.cc/ielts-vocab/data-21.js?v=20260618-1
21	身心健康	390	guilty	/ˈɡɪlti/	adj.	核心	有罪的；内疚的		She felt guilty for forgetting her mother's birthday.	她因忘记母亲的生日而感到内疚。	名词：guilt	https://www.leonwang.cc/ielts-vocab/data-21.js?v=20260618-1
21	身心健康	391	embarrass	/ɪmˈbærəs/	v.	核心	使尴尬，使窘迫，使局促不安		His loud voice embarrassed me in the quiet library.	他在安静图书馆里的大嗓门让我很尴尬。	形容词：embarrassed, embarrassing；名词：embarrassment	https://www.leonwang.cc/ielts-vocab/data-21.js?v=20260618-1
21	身心健康	392	regret	/rɪˈɡret/	n.	核心	遗憾；抱歉；悲叹 v. 后悔；痛惜，惋惜		I regret not learning to play a musical instrument when I was younger.	我后悔年轻时没有学一门乐器。	形容词：regretful, regrettable	https://www.leonwang.cc/ielts-vocab/data-21.js?v=20260618-1
21	身心健康	393	repent	/rɪˈpent/	v.	低频	忏悔；后悔		The thief repented of his crimes and returned the stolen money.	小偷为自己的罪行忏悔并归还了赃款。	名词：repentance；形容词：repentant	https://www.leonwang.cc/ielts-vocab/data-21.js?v=20260618-1
21	身心健康	394	ashamed	/əˈʃeɪmd/	adj.	核心	惭愧的，感到难为情的；耻于……的		He was ashamed of lying to his parents about his grades.	他为在成绩上对父母撒谎感到惭愧。	名词：shame	https://www.leonwang.cc/ielts-vocab/data-21.js?v=20260618-1
21	身心健康	395	sigh	/saɪ/	n.	高频	叹息，叹气		She let out a deep sigh of relief when she heard the good news.	听到好消息时，她如释重负地长舒了一口气。	动词：sigh	https://www.leonwang.cc/ielts-vocab/data-21.js?v=20260618-1
21	身心健康	396	weep	/wiːp/	v.	高频	哭泣；流泪；哀悼 n. 哭泣		The little girl began to weep when she lost her favorite toy.	小女孩丢失了最喜欢的玩具时开始哭泣。	过去式/过去分词：wept	https://www.leonwang.cc/ielts-vocab/data-21.js?v=20260618-1
21	身心健康	397	tolerance	/ˈtɒlərəns/	n.	核心	忍受，容忍，宽容		Living in a multicultural society requires tolerance and understanding.	生活在多元文化社会需要宽容和理解。	动词：tolerate；形容词：tolerant	https://www.leonwang.cc/ielts-vocab/data-21.js?v=20260618-1
21	身心健康	398	ignorant	/ˈɪɡnərənt/	adj.	核心	无知的，没有学识的，愚昧的		Many people remain ignorant of the dangers of climate change.	许多人仍然对气候变化的危险一无所知。	动词：ignore；名词：ignorance	https://www.leonwang.cc/ielts-vocab/data-21.js?v=20260618-1
21	身心健康	399	endure	/ɪnˈdjʊə/	v.	核心	忍耐，忍受；持久		The homeless man had to endure the bitter cold winter nights.	那个无家可归的人不得不忍受寒冷的冬夜。	名词：endurance；形容词：endurable	https://www.leonwang.cc/ielts-vocab/data-21.js?v=20260618-1
21	身心健康	400	sly	/slɑɪ/	adj.	低频	狡猾的，狡诈的		The sly fox managed to steal the cheese from under the crow's beak.	狡猾的狐狸设法从乌鸦的喙下偷走了奶酪。	搭配：on the sly (秘密地)	https://www.leonwang.cc/ielts-vocab/data-21.js?v=20260618-1
21	身心健康	401	cunning	/ˈkʌnɪŋ/	adj.	高频	狡猾的；巧妙的		The detective used cunning tactics to catch the thief.	侦探使用狡猾的计谋抓住了小偷。	名词：cunning	https://www.leonwang.cc/ielts-vocab/data-21.js?v=20260618-1
21	身心健康	402	arbitrary	/ˈɑːrbɪteri/	adj.	高频	武断的，专断的；任意的		The decision seemed arbitrary, without any logical reason.	这个决定似乎是武断的，没有任何逻辑理由。	名词：arbitrariness	https://www.leonwang.cc/ielts-vocab/data-21.js?v=20260618-1
21	身心健康	403	ridiculous	/rɪˈdɪkjʊləs/	adj.	核心	荒谬的，可笑的		The idea of building a castle in the backyard is simply ridiculous.	在后院建一座城堡的想法简直荒谬。	动词：ridicule (嘲笑)	https://www.leonwang.cc/ielts-vocab/data-21.js?v=20260618-1
21	身心健康	404	stupid	/ˈstjuːpɪd/	adj.	核心	愚蠢的；麻木的；乏味的 n. 傻瓜，笨蛋		It was a stupid mistake, but I learned from it.	那是个愚蠢的错误，但我从中吸取了教训。	名词：stupidity	https://www.leonwang.cc/ielts-vocab/data-21.js?v=20260618-1
21	身心健康	405	awkward	/ˈɔːkwəd/	adj.	核心	笨拙的；尴尬的；棘手的；不合适的		There was an awkward silence after he told the inappropriate joke.	他讲了不合时宜的笑话后，出现了一阵尴尬的沉默。	名词：awkwardness	https://www.leonwang.cc/ielts-vocab/data-21.js?v=20260618-1
21	身心健康	406	clumsy	/ˈklʌmzi/	adj.	高频	笨拙的		The clumsy waiter spilled coffee on the customer's shirt.	笨手笨脚的服务员把咖啡洒在了顾客的衬衫上。	名词：clumsiness	https://www.leonwang.cc/ielts-vocab/data-21.js?v=20260618-1
21	身心健康	407	careless	/ˈkerələs/	adj.	核心	粗心的；无忧无虑的；淡漠的		A careless driver caused a serious accident on the highway.	一个粗心的司机在高速公路上造成了严重的事故。	名词：carelessness	https://www.leonwang.cc/ielts-vocab/data-21.js?v=20260618-1
21	身心健康	408	oblivious	/əˈblɪviəs/	adj.	低频	不知道的，未注意的		He was oblivious to the fact that everyone was staring at him.	他没有注意到所有人都在盯着他。	名词：oblivion	https://www.leonwang.cc/ielts-vocab/data-21.js?v=20260618-1
21	身心健康	409	naughty	/ˈnɔːti/	adj.	核心	淘气的，顽皮的		The naughty boy hid his teacher's chalk as a prank.	那个淘气的男孩恶作剧地把老师的粉笔藏了起来。	名词：naughtiness	https://www.leonwang.cc/ielts-vocab/data-21.js?v=20260618-1
21	身心健康	410	greedy	/ˈɡriːdi/	adj.	高频	贪吃的；贪婪的		The greedy businessman refused to share his profits with employees.	贪婪的商人拒绝与员工分享利润。	名词：greed；七宗罪之一	https://www.leonwang.cc/ielts-vocab/data-21.js?v=20260618-1
21	身心健康	411	obtrusive	/ˈɒbtruːsɪv/	adj.	低频	过分炫耀的，过分突出的，扎眼的		The bright orange sign on the historic building was obtrusive.	历史建筑上亮橙色的标志显得很扎眼。	动词：obtrude	https://www.leonwang.cc/ielts-vocab/data-21.js?v=20260618-1
21	身心健康	412	slothful	/ˈsləʊθfəl/	adj.	低频	偷懒的，懒散的		A slothful employee who avoids work will soon be fired.	一个偷懒、逃避工作的员工很快会被解雇。	名词：sloth (懒惰；树懒)	https://www.leonwang.cc/ielts-vocab/data-21.js?v=20260618-1
21	身心健康	413	sluggish	/ˈslʌɡɪʃ/	adj.	高频	行动迟缓的		I felt sluggish after eating a heavy meal at lunch.	午餐吃了油腻的食物后，我感到行动迟缓。	名词：sluggishness	https://www.leonwang.cc/ielts-vocab/data-21.js?v=20260618-1
21	身心健康	414	impulse	/ˈɪmpʌls/	n.	核心	冲动，心血来潮		On impulse, she bought a plane ticket to Paris without planning.	一时冲动之下，她没做计划就买了去巴黎的机票。	形容词：impulsive	https://www.leonwang.cc/ielts-vocab/data-21.js?v=20260618-1
21	身心健康	415	rigid	/ˈrɪdʒɪd/	adj.	高频	固执的；严格的；刚硬的		The school has rigid rules about students' uniforms.	学校对学生校服有严格的规定。	名词：rigidity	https://www.leonwang.cc/ielts-vocab/data-21.js?v=20260618-1
21	身心健康	416	stubborn	/ˈstʌbən/	adj.	核心	顽固的，固执的		He is too stubborn to admit that his plan has failed.	他太固执了，不愿承认他的计划已经失败。	名词：stubbornness	https://www.leonwang.cc/ielts-vocab/data-21.js?v=20260618-1
21	身心健康	417	stereotype	/ˈsteriətaɪp/	n.	核心	老一套，模式化观念，刻板印象		We should avoid cultural stereotypes when traveling abroad.	在国外旅行时，我们应避免文化刻板印象。	动词：stereotype (对……形成刻板印象)	https://www.leonwang.cc/ielts-vocab/data-21.js?v=20260618-1
22	时间日期	1	daily	/ˈdeɪli/	adj. adv. n.	核心	每日的；每日；日报	day（日）+ ly → 每日的	Reading English daily helps improve your vocabulary.	每天阅读英语有助于提高词汇量。	搭配：daily routine 日常生活	https://www.leonwang.cc/ielts-vocab/data-22.js?v=20260618-1
22	时间日期	2	monthly	/ˈmʌnθli/	adj. adv. n.	核心	每月的；每月一次；月刊	month（月）+ ly	We make monthly payments for our car loan.	我们每月支付汽车贷款。		https://www.leonwang.cc/ielts-vocab/data-22.js?v=20260618-1
22	时间日期	3	quarterly	/ˈkwɔːtəli/	adj. adv. n.	高频	季度的；按季度地；季刊	quarter（四分之一）+ ly	The company releases its financial results quarterly.	公司每季度发布财务业绩。		https://www.leonwang.cc/ielts-vocab/data-22.js?v=20260618-1
22	时间日期	4	annual	/ˈænjuəl/	adj. n.	核心	每年的；一年的；年报	ann（年）+ ual	The annual conference attracts thousands of attendees.	年度会议吸引了数千名与会者。	搭配：annual report 年度报告	https://www.leonwang.cc/ielts-vocab/data-22.js?v=20260618-1
22	时间日期	5	yearly	/ˈjɪəli/	adj. adv.	核心	每年的；每年地	year（年）+ ly	We take a yearly trip to the mountains.	我们每年去山里旅行一次。	近义词：annual	https://www.leonwang.cc/ielts-vocab/data-22.js?v=20260618-1
22	时间日期	6	anniversary	/ˌænɪˈvɜːsəri/	n.	核心	周年纪念日	ann（年）+ vers（转）+ ary → 一年转回的日子	They celebrated their tenth wedding anniversary with a party.	他们举办派对庆祝结婚十周年。		https://www.leonwang.cc/ielts-vocab/data-22.js?v=20260618-1
22	时间日期	7	era	/ˈɪərə/	n.	核心	时代，年代，纪元	源自拉丁语 aera（数字/时代）	The invention of the internet marked a new era in communication.	互联网的发明标志着通信新时代的到来。		https://www.leonwang.cc/ielts-vocab/data-22.js?v=20260618-1
22	时间日期	8	present	/ˈpreznt/	adj. n.	核心	现在的；目前；礼物	pre（前）+ sent（存在）→ 在眼前的	At present, we have no plans to expand the business.	目前，我们没有扩张业务的计划。	搭配：at present 目前	https://www.leonwang.cc/ielts-vocab/data-22.js?v=20260618-1
22	时间日期	9	contemporary	/kənˈtemprəri/	adj.	核心	当代的；同时代的	con（共同）+ tempor（时间）+ ary → 同时间的	The artist's work is heavily influenced by contemporary culture.	这位艺术家的作品深受当代文化的影响。		https://www.leonwang.cc/ielts-vocab/data-22.js?v=20260618-1
22	时间日期	10	medieval	/ˌmediˈiːvəl/	adj.	高频	中世纪的；守旧的	medi（中间）+ ev（时代）+ al → 中间时代	This castle was built during medieval times.	这座城堡建于中世纪。		https://www.leonwang.cc/ielts-vocab/data-22.js?v=20260618-1
22	时间日期	11	century	/ˈsentʃəri/	n.	核心	世纪；百年	cent（百）+ ury	The 20th century saw many technological breakthroughs.	20世纪见证了许多技术突破。		https://www.leonwang.cc/ielts-vocab/data-22.js?v=20260618-1
22	时间日期	12	millennium	/mɪˈleniəm/	n.	高频	一千年，千年期；千禧年	mill（千）+ enn（年）+ ium	People around the world celebrated the new millennium in 2000.	2000年全世界人民庆祝新千年的到来。	复数：millennia	https://www.leonwang.cc/ielts-vocab/data-22.js?v=20260618-1
22	时间日期	13	million	/ˈmɪljən/	num. n.	核心	百万；大量	源自拉丁语 mille（千）	The project cost over ten million dollars.	这个项目耗资超过一千万美元。	搭配：millions of 成千上万的	https://www.leonwang.cc/ielts-vocab/data-22.js?v=20260618-1
22	时间日期	14	billion	/ˈbɪljən/	num. n.	核心	十亿；大量	bi（二）+ million → 二百万的平方？源于法语	There are nearly eight billion people on Earth.	地球上近有80亿人。		https://www.leonwang.cc/ielts-vocab/data-22.js?v=20260618-1
22	时间日期	15	dozen	/ˈdʌzn/	n.	核心	一打，十二个；十来个	源自古法语 douzaine	She bought two dozen eggs from the farmer's market.	她从农贸市场买了两打鸡蛋。	短语：dozens of 很多	https://www.leonwang.cc/ielts-vocab/data-22.js?v=20260618-1
22	时间日期	16	dawn	/dɔːn/	n. v.	核心	黎明；开端；破晓	源自古英语 dagian（变白天）	We woke up at dawn to watch the sunrise.	我们在黎明醒来观看日出。	短语：dawn on 逐渐明白	https://www.leonwang.cc/ielts-vocab/data-22.js?v=20260618-1
22	时间日期	17	midday	/ˌmɪdˈdeɪ/	n.	核心	正午，中午	mid（中间）+ day（白天）	The sun is directly overhead at midday.	正午时分太阳直射头顶。	同义词：noon	https://www.leonwang.cc/ielts-vocab/data-22.js?v=20260618-1
22	时间日期	18	midnight	/ˈmɪdnaɪt/	n.	核心	午夜，子夜	mid（中间）+ night（夜晚）	They returned home shortly before midnight.	他们在午夜前不久回到家。	短语：burn the midnight oil 熬夜工作	https://www.leonwang.cc/ielts-vocab/data-22.js?v=20260618-1
22	时间日期	19	overnight	/ˌəʊvəˈnaɪt/	adv. adj.	核心	在晚上；一夜之间；突然	over（跨越）+ night（夜晚）	The hotel offers overnight accommodation for travelers.	这家酒店为旅客提供过夜住宿。	也可表示'一夜成名'：become famous overnight	https://www.leonwang.cc/ielts-vocab/data-22.js?v=20260618-1
22	时间日期	20	night	/naɪt/	n.	核心	夜，夜间	源自古英语 niht	The city's night life is vibrant and exciting.	这座城市的夜生活充满活力与激情。	搭配：night and day 夜以继日	https://www.leonwang.cc/ielts-vocab/data-22.js?v=20260618-1
22	时间日期	21	modern	/ˈmɒdn/	adj.	核心	现代的；近代的	源自拉丁语 modernus（当代的）	Modern technology has changed the way we communicate.	现代技术改变了我们的沟通方式。	反义词：ancient	https://www.leonwang.cc/ielts-vocab/data-22.js?v=20260618-1
22	时间日期	22	recent	/ˈriːsnt/	adj.	核心	新近的，最近的	源自拉丁语 recens（新鲜的）	Recent studies show that exercise improves mental health.	最近的研究表明运动有益心理健康。	副词：recently	https://www.leonwang.cc/ielts-vocab/data-22.js?v=20260618-1
22	时间日期	23	up-to-date	/ˌʌp tə ˈdeɪt/	adj.	核心	直到目前的；现代的，最新的	up（向上）+ to + date（日期）→ 紧跟日期	Make sure your antivirus software is up-to-date.	确保你的杀毒软件是最新版本。	反义词：out-of-date	https://www.leonwang.cc/ielts-vocab/data-22.js?v=20260618-1
22	时间日期	24	first	/fɜːst/	ord. adv.	核心	第一；最初	源自古英语 fyrest	First, you need to gather all the ingredients.	首先，你需要收集所有原料。	搭配：at first 起初	https://www.leonwang.cc/ielts-vocab/data-22.js?v=20260618-1
22	时间日期	25	secondly	/ˈsekəndli/	adv.	核心	第二，其次	second（第二）+ ly	The plan has two advantages: firstly, it's cheap; secondly, it's fast.	这个计划有两个优点：第一便宜，第二快速。	序列副词：thirdly, fourthly...	https://www.leonwang.cc/ielts-vocab/data-22.js?v=20260618-1
22	时间日期	26	finally	/ˈfaɪnəli/	adv.	核心	最后；终于；决定性地	final（最后的）+ ly	After hours of waiting, the train finally arrived.	经过数小时等待，火车终于到了。	同义词：eventually	https://www.leonwang.cc/ielts-vocab/data-22.js?v=20260618-1
22	时间日期	27	finish	/ˈfɪnɪʃ/	v. n.	核心	完成；结束；结尾	源自拉丁语 finire（结束）	I need to finish this report before Friday.	我需要在周五前完成这份报告。		https://www.leonwang.cc/ielts-vocab/data-22.js?v=20260618-1
22	时间日期	28	immediately	/ɪˈmiːdiətli/	adv.	核心	立即；直接地	im（无）+ medi（中间）+ ate + ly → 无间隔	Please call me immediately if you see anything suspicious.	如果你看到任何可疑情况，请立即给我打电话。	近义词：instantly	https://www.leonwang.cc/ielts-vocab/data-22.js?v=20260618-1
22	时间日期	29	instant	/ˈɪnstənt/	n. adj.	核心	瞬间；立即的	in（在内）+ stant（站立）→ 正站着的点	For an instant, I thought I saw a shooting star.	有那么一瞬间，我以为看到了流星。	短语：instant coffee 速溶咖啡	https://www.leonwang.cc/ielts-vocab/data-22.js?v=20260618-1
22	时间日期	30	moment	/ˈməʊmənt/	n.	核心	片刻；时刻	源自拉丁语 momentum（运动/瞬间）	Could you wait a moment while I finish this call?	你能等一会儿让我打完这个电话吗？	短语：at the moment 此刻	https://www.leonwang.cc/ielts-vocab/data-22.js?v=20260618-1
22	时间日期	31	minute	/ˈmɪnɪt/ (n.) /maɪˈnjuːt/ (adj.)	n. adj.	核心	分钟；一会儿；细微的	源自拉丁语 minutus（小的）	I'll be there in five minutes.	我五分钟后到。	辨析：moment 较短，minute 可精确，instant 极短	https://www.leonwang.cc/ielts-vocab/data-22.js?v=20260618-1
22	时间日期	32	prior	/ˈpraɪə/	adj.	核心	在先的，在前的	源自拉丁语 prior（更前的）	All bookings must be made prior to the departure date.	所有预订必须在出发日期之前完成。	搭配：prior to 在……之前	https://www.leonwang.cc/ielts-vocab/data-22.js?v=20260618-1
22	时间日期	33	former	/ˈfɔːmə/	adj. pron.	核心	以前的；前者的；前者	源自古英语 forma（第一）	Of the two options, the former is more affordable.	两个选项中，前者更实惠。	对比：latter 后者	https://www.leonwang.cc/ielts-vocab/data-22.js?v=20260618-1
22	时间日期	34	preceding	/prɪˈsiːdɪŋ/	adj.	高频	在前的，在先的	pre（前）+ ced（走）+ ing → 走在前的	The preceding chapter introduced basic concepts.	前一章介绍了基本概念。	动词：precede	https://www.leonwang.cc/ielts-vocab/data-22.js?v=20260618-1
22	时间日期	35	precedent	/ˈpresɪdənt/	n.	核心	先例；常规	pre（前）+ ced（走）+ ent → 走在前的例子	The court's decision set a legal precedent.	法院的判决开创了法律先例。		https://www.leonwang.cc/ielts-vocab/data-22.js?v=20260618-1
22	时间日期	36	foremost	/ˈfɔːməʊst/	adj.	核心	最前的；最重要的	fore（前）+ most（最）	He is considered the foremost expert in the field.	他被认为是该领域最重要的专家。	短语：first and foremost 首先	https://www.leonwang.cc/ielts-vocab/data-22.js?v=20260618-1
22	时间日期	37	opening	/ˈəʊpnɪŋ/	adj. n.	核心	开始的；开始，开端	open（开）+ ing	The opening scene of the movie was very suspenseful.	电影的开场非常悬念。	反义词：closing	https://www.leonwang.cc/ielts-vocab/data-22.js?v=20260618-1
22	时间日期	38	initially	/ɪˈnɪʃəli/	adv.	核心	最初	initial（初始的）+ ly	Initially, I found the course difficult, but now I enjoy it.	起初我觉得课程很难，但现在我喜欢它了。	形容词：initial	https://www.leonwang.cc/ielts-vocab/data-22.js?v=20260618-1
22	时间日期	39	intermediate	/ˌɪntəˈmiːdiət/	adj.	高频	中间的	inter（在……之间）+ medi（中间）+ ate	This textbook is suitable for intermediate learners.	这本教材适合中级学习者。		https://www.leonwang.cc/ielts-vocab/data-22.js?v=20260618-1
22	时间日期	40	midst	/mɪdst/	n.	低频	中部，中间	源自 midd（中间）的古英语	He spotted a familiar face in the midst of the crowd.	他在人群中认出了一张熟悉的面孔。	搭配：in the midst of 在……之中	https://www.leonwang.cc/ielts-vocab/data-22.js?v=20260618-1
22	时间日期	41	meantime	/ˈmiːntaɪm/	n.	核心	其间	mean（中间的）+ time	The movie starts at 7; in the meantime, let's get some coffee.	电影7点开始；在此期间，我们去喝点咖啡吧。	搭配：in the meantime 与此同时	https://www.leonwang.cc/ielts-vocab/data-22.js?v=20260618-1
22	时间日期	42	meanwhile	/ˈmiːnwaɪl/	adv.	核心	同时，其间	mean（中间的）+ while（一段时间）	The cake is baking; meanwhile, you can prepare the frosting.	蛋糕正在烘焙；与此同时，你可以准备糖霜。	近义词：meantime	https://www.leonwang.cc/ielts-vocab/data-22.js?v=20260618-1
22	时间日期	43	simultaneous	/ˌsɪmlˈteɪniəs/	adj.	核心	同时发生（或进行）的	simul（一起）+ taneous → 同时的	The two explosions were nearly simultaneous.	两次爆炸几乎是同时发生的。	副词：simultaneously	https://www.leonwang.cc/ielts-vocab/data-22.js?v=20260618-1
22	时间日期	44	ongoing	/ˈɒŋɡəʊɪŋ/	adj.	核心	进行中的；继续存在的	on（持续）+ going（进行）	The investigation into the accident is ongoing.	对这起事故的调查仍在进行中。		https://www.leonwang.cc/ielts-vocab/data-22.js?v=20260618-1
22	时间日期	45	everlasting	/ˌevəˈlɑːstɪŋ/	adj.	高频	永恒的	ever（永远）+ lasting（持续的）	The couple made an everlasting commitment to each other.	这对夫妇对彼此做出了永恒的承诺。	近义词：eternal	https://www.leonwang.cc/ielts-vocab/data-22.js?v=20260618-1
22	时间日期	46	permanent	/ˈpɜːmənənt/	adj.	核心	永久的	per（贯穿）+ man（停留）+ ent → 一直停留	The accident left a permanent scar on his face.	事故在他脸上留下了一道永久的疤痕。	反义词：temporary	https://www.leonwang.cc/ielts-vocab/data-22.js?v=20260618-1
22	时间日期	47	punctual	/ˈpʌŋktʃuəl/	adj.	核心	准时的，守时的	punct（点）+ ual → 守时间点的	She is always punctual for meetings.	她开会总是很准时。	名词：punctuality	https://www.leonwang.cc/ielts-vocab/data-22.js?v=20260618-1
22	时间日期	48	duration	/djuˈreɪʃn/	n.	核心	持续时间；期间	dur（持续）+ ation	The duration of the flight is approximately ten hours.	航班的持续时间大约为十个小时。	同根词：during	https://www.leonwang.cc/ielts-vocab/data-22.js?v=20260618-1
22	时间日期	49	consecutive	/kənˈsekjətɪv/	adj.	核心	连续不断的	con（一起）+ secut（跟随）+ ive → 一个接一个	He has won the championship for three consecutive years.	他连续三年赢得冠军。	近义词：successive	https://www.leonwang.cc/ielts-vocab/data-22.js?v=20260618-1
22	时间日期	50	periodically	/ˌpɪəriˈɒdɪkli/	adv.	高频	周期性地，定期地	period（周期）+ ically	You should back up your data periodically.	你应该定期备份数据。	形容词：periodic	https://www.leonwang.cc/ielts-vocab/data-22.js?v=20260618-1
22	时间日期	51	imminent	/ˈɪmɪnənt/	adj.	高频	（尤指不愉快的事）即将发生的，逼近的	源自拉丁语 imminere（悬在头顶）	Dark clouds warned of imminent rain.	乌云预示着即将下雨。	近义词：forthcoming	https://www.leonwang.cc/ielts-vocab/data-22.js?v=20260618-1
22	时间日期	52	incidentally	/ˌɪnsɪˈdentəli/	adv.	核心	偶然地；顺便提一句	incident（事件）+ ally	Incidentally, have you seen my keys anywhere?	顺便问一下，你在哪儿看到我的钥匙了吗？	用于引入补充信息或转换话题	https://www.leonwang.cc/ielts-vocab/data-22.js?v=20260618-1
22	时间日期	53	subsequent	/ˈsʌbsɪkwənt/	adj.	核心	随后的，后来的	sub（随后）+ sequ（跟随）+ ent → 跟在后面	Subsequent events proved that our decision was correct.	随后的事件证明我们的决定是正确的。	对比：previous 先前的	https://www.leonwang.cc/ielts-vocab/data-22.js?v=20260618-1
22	时间日期	54	chronological	/ˌkrɒnəˈlɒdʒɪkl/	adj.	高频	按时间顺序的	chrono（时间）+ logical（…学的）	Please list the events in chronological order.	请按时间顺序列出事件。	副词：chronologically	https://www.leonwang.cc/ielts-vocab/data-22.js?v=20260618-1
22	时间日期	55	epoch	/ˈiːpɒk/	n.	低频	时代，纪元；重要时期	源自希腊语 epokhe（停顿/固定点）	The invention of the printing press marked an epoch in history.	印刷机的发明标志着历史上的一个新时代。	同义词：era	https://www.leonwang.cc/ielts-vocab/data-22.js?v=20260618-1
22	时间日期	56	postpone	/pəˈspəʊn/	v.	核心	推迟，延期	post（后）+ pone（放置）→ 往后放	Due to bad weather, the match has been postponed until next week.	由于天气恶劣，比赛已推迟到下周。	近义词：delay；反义词：advance	https://www.leonwang.cc/ielts-vocab/data-22.js?v=20260618-1
22	时间日期	57	premature	/ˈpremətʃə/	adj.	高频	过早的；未成熟的	pre（前）+ mature（成熟的）→ 成熟前的	His premature decision led to many problems later.	他过早的决定后来导致了许多问题。	也可指婴儿早产：premature baby	https://www.leonwang.cc/ielts-vocab/data-22.js?v=20260618-1
